miRNA	Spearman_r	p_value
hsa-miR-10401-3p	0.1773134774140731	3.1120320692169733e-07
hsa-miR-885-5p	0.16313718294811114	2.5807314280000858e-06
hsa-miR-642a-5p	0.1616372845768643	3.1954730820979125e-06
hsa-miR-378a-5p	0.16076668437801972	3.6141938462625658e-06
hsa-miR-486-5p	0.15290520270761024	1.0670483285564872e-05
hsa-miR-3129-3p	0.14859083852367136	1.890344379879323e-05
hsa-miR-629-3p	0.14718708482020323	2.2692339028183672e-05
hsa-miR-6813-3p	0.14447251197374308	3.215625226048115e-05
hsa-miR-618	0.14190038418036843	4.4487341815870106e-05
hsa-miR-4728-3p	0.14021895137539656	5.48397395080575e-05
hsa-miR-3675-3p	0.14004983158786188	5.599863785558886e-05
hsa-miR-532-3p	0.13490100526761759	0.00010465159593846738
hsa-miR-29c-5p	0.13269274671974754	0.00013592529172407058
hsa-miR-5001-3p	0.1321148300480991	0.00014545551150014726
hsa-miR-92b-5p	0.13126121595687001	0.0001606872780058189
hsa-miR-4655-3p	0.13085783174622442	0.00016839526186085456
hsa-miR-642a-3p	0.13027843695887084	0.0001800758281629036
hsa-miR-129-2-3p	0.1302575938887857	0.0001805098685407478
hsa-miR-3944-5p	0.1293177875175129	0.00020113270761870777
hsa-miR-6800-3p	0.12921223643905608	0.00020358212926319534
hsa-miR-193a-5p	0.1287840659993854	0.00021380800264577513
hsa-miR-642b-5p	0.12628520543808733	0.00028375462136446416
hsa-miR-365b-3p	0.12479126083520375	0.0003352531586206827
hsa-miR-365a-3p	0.12476859574169748	0.00033609778822403535
hsa-miR-2110	0.12370388730961392	0.0003780898576727465
hsa-miR-6804-5p	0.12250005154181413	0.0004314431766589592
hsa-miR-615-3p	0.12101357561448141	0.0005069994394930577
hsa-miR-6766-3p	0.11984586274914262	0.0005748009356230227
hsa-miR-2116-3p	0.11927442820077681	0.0006109675292830081
hsa-miR-584-3p	0.1185864808256467	0.0006573100005785754
hsa-miR-3177-3p	0.11799853879328626	0.0006994798455771521
hsa-miR-18a-3p	0.11799798783057472	0.0006995205142114416
hsa-miR-4732-3p	0.11694621081742682	0.0007812823377211195
hsa-miR-6842-3p	0.11666285393583664	0.0008047768550594574
hsa-miR-1180-3p	0.11411564528846249	0.00104734164732455
hsa-miR-4695-3p	0.11351335661922105	0.001113809622576481
hsa-miR-3122	0.11271919998863413	0.0012074069237361445
hsa-miR-6845-3p	0.11219385671358996	0.0012732521289605164
hsa-miR-6817-3p	0.1112941328330722	0.0013937560551120678
hsa-miR-1234-3p	0.10982413250230462	0.0016134219767471507
hsa-miR-504-5p	0.10857504585812482	0.0018246095578866865
hsa-miR-3675-5p	0.10816972177770251	0.0018984075143445454
hsa-miR-7109-3p	0.10770320635260532	0.0019867280817215615
hsa-miR-3187-3p	0.10767119649938361	0.0019929240717753
hsa-miR-7106-3p	0.1074088850262703	0.0020443692725653217
hsa-miR-212-5p	0.10725270811901834	0.0020755738369634996
hsa-miR-885-3p	0.10675954420015267	0.002176994094026881
hsa-miR-873-5p	0.10668904181615507	0.002191857906834218
hsa-miR-1291	0.10541233027319637	0.0024775976856019353
hsa-miR-339-5p	0.10349660604996357	0.0029705460453502875
hsa-miR-92b-3p	0.10342839470563628	0.0029896411243364447
hsa-miR-3127-5p	0.10331700896884236	0.003021062858413767
hsa-miR-4327	0.10106748578393386	0.0037235340817809545
hsa-miR-330-5p	0.10043235670897145	0.0039470983436311995
hsa-miR-491-5p	0.10041480369405763	0.003953446217297733
hsa-miR-1249-3p	0.09952052422455586	0.00428936100304381
hsa-miR-4786-5p	0.09817996100436589	0.004841440996146967
hsa-miR-6873-5p	0.0981554642525154	0.004852100904367069
hsa-miR-935	0.0980274906196364	0.00490813476640918
hsa-miR-296-5p	0.0974152632941733	0.005184368550325009
hsa-miR-4725-5p	0.09641516134715664	0.005665881832183109
hsa-miR-1226-3p	0.09624393817581069	0.005752243556647695
hsa-miR-184	0.0960827056771052	0.005834647460809843
hsa-miR-371b-5p	0.09522991779749941	0.006288421878118968
hsa-miR-671-3p	0.09452491290941122	0.006687235511018976
hsa-miR-10401-5p	0.09417226752907445	0.006895116798703043
hsa-miR-3158-3p	0.09259473928620517	0.007897745601467459
hsa-miR-4664-3p	0.09184707168157075	0.008416968590008346
hsa-miR-597-3p	0.09127930321148647	0.008831396448137867
hsa-miR-185-3p	0.09106110757064516	0.008995441224325315
hsa-miR-6838-3p	0.09023101915968487	0.009644619826057467
hsa-miR-3691-3p	0.08965228045633444	0.010121569680336676
hsa-miR-4772-3p	0.0893813999420412	0.010351924447610843
hsa-miR-1285-3p	0.08930061965940436	0.0104215150144319
hsa-miR-6882-3p	0.08927781894667602	0.010441232404487874
hsa-miR-4734	0.08926817794646197	0.010449579621010431
hsa-miR-6747-3p	0.08925461967458563	0.010461328454257656
hsa-miR-6746-3p	0.0888192850120312	0.010844854200580924
hsa-miR-3127-3p	0.08881457331910837	0.01084907251477979
hsa-miR-6794-3p	0.08861057846595737	0.011033107908975692
hsa-miR-659-5p	0.0885297357967665	0.011106803282103256
hsa-miR-5698	0.08844369758029928	0.011185713996587408
hsa-miR-33a-5p	0.08841487966369903	0.011212255500690696
hsa-miR-6842-5p	0.08816898284870178	0.011441008235064986
hsa-miR-3186-3p	0.08807463769544399	0.011529867248817478
hsa-miR-34a-5p	0.08802557932903889	0.011576314043515425
hsa-miR-636	0.08795574128690527	0.011642720200721442
hsa-miR-449b-3p	0.08780648389253631	0.0117857749958682
hsa-miR-6869-5p	0.08763415138516227	0.011952879726966287
hsa-miR-5003-3p	0.08681235568589947	0.012778919857594934
hsa-miR-22-3p	0.08671857072291787	0.012876323261579071
hsa-miR-4748	0.08627867075398821	0.013341998945268354
hsa-miR-12136	0.0861312336692211	0.013501366394692819
hsa-miR-6829-3p	0.08570059982959345	0.013976500364124145
hsa-miR-1343-3p	0.08527730628546974	0.014457832074238775
hsa-miR-3174	0.08516211690758699	0.014591315339229683
hsa-miR-4660	0.0850493571313519	0.014723032379231775
hsa-miR-4644	0.08502597144927355	0.014750480283416766
hsa-miR-5189-3p	0.08468307407183022	0.015158140928551776
hsa-miR-6862-5p	0.08452922190434886	0.01534424747936242
hsa-miR-2276-3p	0.0843082404369337	0.01561506892650427
hsa-miR-3175	0.08423018695091336	0.01571172487028353
hsa-miR-660-3p	0.08382910125096983	0.01621673183202162
hsa-miR-6851-3p	0.08373331658263392	0.01633942011617824
hsa-miR-6883-3p	0.08371985534384645	0.016356727371645723
hsa-miR-6786-3p	0.08351707765079909	0.01661939269991991
hsa-miR-210-5p	0.08325642907547688	0.01696244609426171
hsa-miR-296-3p	0.08259605739709869	0.017859501328432267
hsa-miR-873-3p	0.08229512174317549	0.01828187463799882
hsa-miR-1285-5p	0.08221934440130349	0.01838959665963184
hsa-miR-484	0.08219712223860454	0.01842129177160915
hsa-miR-3158-5p	0.08196403260204999	0.018756630055400472
hsa-miR-4753-5p	0.08179571889526836	0.01900207981783765
hsa-miR-1468-5p	0.08152880446950114	0.019397066218181113
hsa-miR-3944-3p	0.08073328077948684	0.020617076257021468
hsa-miR-766-3p	0.08062332426105394	0.020790851825332062
hsa-miR-6775-3p	0.08053106004823167	0.02093764838026246
hsa-miR-6729-3p	0.08040338210724349	0.021142276487443715
hsa-miR-4484	0.07991084537943198	0.021948039998968192
hsa-miR-6509-3p	0.07974819021450334	0.022219929586504587
hsa-miR-339-3p	0.0795943959956495	0.022479691808092468
hsa-miR-6501-3p	0.07897658595695016	0.023549917718884206
hsa-miR-4755-5p	0.07885123372329944	0.023772370170921577
hsa-miR-6861-5p	0.07850014061741974	0.02440513737540494
hsa-miR-6750-3p	0.07835511880952974	0.02467072873650962
hsa-miR-638	0.07835252921704527	0.024675493911749342
hsa-miR-3692-3p	0.07820516530403554	0.024947976517152838
hsa-miR-483-5p	0.07759644980316407	0.02610125570569366
hsa-miR-6888-3p	0.07721331601106753	0.026850495634724112
hsa-miR-483-3p	0.07652376238245329	0.02824571540137598
hsa-miR-1262	0.07627848277727571	0.028756823335256268
hsa-miR-615-5p	0.07607878586347024	0.029178798214322024
hsa-miR-4783-5p	0.07585448977162357	0.029659084376103376
hsa-miR-501-5p	0.07522555337924354	0.031042176689745335
hsa-miR-518c-3p	0.0751290104493471	0.0312593018931567
hsa-miR-6766-5p	0.07490887526833093	0.03175925535791703
hsa-miR-25-5p	0.07485738064964681	0.0318771885954218
hsa-miR-6849-3p	0.07441209635453308	0.03291270273595747
hsa-miR-6741-3p	0.07424942030543356	0.033298111313217256
hsa-miR-4525	0.07418918111149389	0.03344180344629311
hsa-miR-216b-5p	0.07399821982084752	0.03390081967616991
hsa-miR-148a-5p	0.07378838335096553	0.03441139616964826
hsa-miR-3198	0.07302979198319631	0.03631226968548332
hsa-miR-513c-3p	0.07301910667953782	0.03633967037197627
hsa-miR-1273c	0.0729997043201897	0.03638946946725546
hsa-miR-3620-3p	0.07294237470579384	0.03653695391743674
hsa-miR-18b-3p	0.07269729352787038	0.03717318748978701
hsa-miR-4686	0.0723892024316042	0.03798633049802944
hsa-miR-1246	0.07192725949278493	0.03923379992931893
hsa-miR-183-3p	0.07176604771026564	0.039677245803780584
hsa-miR-7110-5p	0.07169525959748302	0.039873300319159484
hsa-miR-574-3p	0.07158319290917543	0.04018535719422044
hsa-miR-1224-3p	0.07099473512745451	0.041858088919946794
hsa-miR-4638-3p	0.07097443780457374	0.04191681954944306
hsa-miR-6083	0.07083389654876479	0.04232539070193498
hsa-miR-6780a-5p	0.07075921579126442	0.042543861872943387
hsa-miR-561-5p	0.07055624346730062	0.043142452042152224
hsa-miR-3652	0.07050433828604491	0.04329666245624663
hsa-miR-6731-3p	0.07039285062903665	0.04362946470128159
hsa-miR-6748-3p	0.07001859962806328	0.04476245499442158
hsa-miR-328-3p	0.06986557205753086	0.04523280702598011
hsa-miR-6847-3p	0.06976505160847322	0.04554402861831953
hsa-miR-7855-5p	0.0694527318869582	0.046522516876378324
hsa-miR-3173-5p	0.06930952104329746	0.04697706422161466
hsa-miR-4284	0.06921115364110264	0.0472914355360135
hsa-miR-3691-5p	0.06912835191330313	0.047557427842692256
hsa-miR-518a-3p	0.06830574172189255	0.05026882505450415
hsa-miR-3907	0.06815041629811	0.0507950409079951
hsa-miR-208b-3p	0.06797079108633171	0.051409315062029885
hsa-miR-4647	0.06787960612225045	0.05172351278900827
hsa-miR-2115-5p	0.06785722391023519	0.05180088027471247
hsa-miR-507	0.06781391547397582	0.051950856846946634
hsa-miR-3150a-3p	0.06763425865862115	0.05257688323811104
hsa-miR-589-5p	0.06740108343922135	0.053398773124737633
hsa-miR-4665-5p	0.06710995455491116	0.054439944208801834
hsa-miR-34b-3p	0.0670632662018793	0.05460847952393147
hsa-miR-3187-5p	0.06705484231191565	0.05463893423851586
hsa-miR-10398-5p	0.06700985700137574	0.05480180816872331
hsa-miR-4741	0.0670001369663034	0.05483705359558898
hsa-miR-6514-3p	0.06690121981837506	0.05519680723695852
hsa-miR-3918	0.06688812198285693	0.05524458989463923
hsa-miR-3074-5p	0.06681262285372062	0.055520692205536966
hsa-miR-6845-5p	0.06652807172081505	0.05657163750361113
hsa-miR-6855-3p	0.06629405168787056	0.0574482915233979
hsa-miR-5581-3p	0.06623854707404837	0.05765786145071925
hsa-miR-3928-5p	0.06611221947756908	0.05813720494889574
hsa-miR-574-5p	0.06586595008019265	0.059081164674492315
hsa-miR-6813-5p	0.0655243209827514	0.060411636073963
hsa-miR-6763-5p	0.06543413280823093	0.06076697975836995
hsa-miR-6718-5p	0.06531433498730979	0.0612416576448919
hsa-miR-3177-5p	0.06529456804034545	0.061320274540778145
hsa-miR-346	0.0651798743903452	0.06177808079733211
hsa-miR-6893-3p	0.06501985730144398	0.06242151284720177
hsa-miR-4286	0.06492649383786686	0.06279947837702186
hsa-miR-34a-3p	0.06466804356328297	0.06385562996197412
hsa-miR-1295a	0.06429822535138034	0.06539231176500035
hsa-miR-155-3p	0.06427207267312585	0.06550212489188655
hsa-miR-23a-5p	0.06406305022747434	0.06638525886219036
hsa-miR-518c-5p	0.06404113176358407	0.066478430337348
hsa-miR-6759-5p	0.06396877030879458	0.06678678959244365
hsa-miR-8052	0.06363365955448526	0.0682301869627834
hsa-miR-6838-5p	0.06360546453752605	0.06835278801423333
hsa-miR-197-5p	0.06357584818271328	0.06848176411553528
hsa-miR-579-5p	0.06355646746678963	0.0685662731264695
hsa-miR-4722-3p	0.0635137844336158	0.06875269289320488
hsa-miR-6749-3p	0.06343893772945859	0.06908059230342466
hsa-miR-7106-5p	0.0631604418298631	0.0703119484179928
hsa-miR-6861-3p	0.0631212119148045	0.07048683717958573
hsa-miR-5591-5p	0.06305131912639289	0.07079930495924261
hsa-miR-4717-5p	0.06282509030011263	0.07181848275830464
hsa-miR-1825	0.06280860328767081	0.07189322461164246
hsa-miR-204-5p	0.062796026452297	0.07195028290908113
hsa-miR-6836-3p	0.06272940578889358	0.0722531438167335
hsa-miR-6774-5p	0.062325269296690376	0.07411277354934101
hsa-miR-3124-3p	0.0621746056228059	0.07481596665326681
hsa-miR-4451	0.0620428520032189	0.07543535031840488
hsa-miR-942-5p	0.061779697318856894	0.07668496608516294
hsa-miR-3685	0.061769839970997865	0.07673210003270865
hsa-miR-423-5p	0.06170187113505363	0.07705774223190655
hsa-miR-197-3p	0.06163961234864911	0.07735701296091063
hsa-miR-1273h-5p	0.06157404882368606	0.07767319028628587
hsa-miR-371b-3p	0.06156159563234616	0.07773336384181706
hsa-miR-3936	0.0614465897443201	0.07829086268702722
hsa-miR-4526	0.06125433130963601	0.07923009996827053
hsa-miR-513a-3p	0.06094003767206857	0.08078519470214615
hsa-miR-195-3p	0.06067512842568199	0.08211507253218571
hsa-miR-4650-5p	0.06064205369274373	0.08228234920673869
hsa-miR-7702	0.06055663687680347	0.08271562395954879
hsa-miR-125b-1-3p	0.0604107118928725	0.08346009365180727
hsa-miR-1183	0.06012106274075987	0.0849538498277929
hsa-miR-185-5p	0.05997998302319222	0.08568919204854687
hsa-miR-1306-5p	0.059890024856544564	0.0861607510886538
hsa-miR-519c-3p	0.05980565104591827	0.08660493659771723
hsa-miR-100-5p	0.05976077548633049	0.08684193457250615
hsa-miR-4666a-3p	0.059568705471761296	0.08786221127036882
hsa-miR-3670	0.059568705471761296	0.08786221127036882
hsa-miR-6070	0.059568705471761296	0.08786221127036882
hsa-miR-6512-3p	0.05935282830497705	0.08902044654106091
hsa-miR-6820-5p	0.05925713022998726	0.08953780355102076
hsa-miR-6827-3p	0.05922799261671376	0.0896958045586412
hsa-miR-6881-3p	0.05921652155603839	0.08975806872770532
hsa-miR-6737-3p	0.05916460553787802	0.09004029993246455
hsa-miR-378g	0.05905341780354546	0.09064714870612113
hsa-miR-151b	0.05900109513582452	0.09093385338357565
hsa-miR-1303	0.058726099923621315	0.0924526900576559
hsa-miR-4477a	0.058661433748178456	0.0928127872605046
hsa-miR-6875-3p	0.058653804577614196	0.09285534473773585
hsa-miR-6762-3p	0.05828655681148553	0.09492250617036475
hsa-miR-3612	0.05824495646127771	0.09515896849878633
hsa-miR-3661	0.058110706571640455	0.09592527784446746
hsa-miR-942-3p	0.05788670283098816	0.09721487857082038
hsa-miR-5571-3p	0.05786019225964555	0.09736841255393712
hsa-miR-1204	0.05783370426286302	0.09752200896455461
hsa-miR-6088	0.05760742060922947	0.09884205643859605
hsa-miR-4323	0.05752449060175109	0.09932938685359977
hsa-miR-193a-3p	0.057512630582736535	0.09939923728562323
hsa-miR-668-5p	0.05736245712095532	0.10028708249080165
hsa-miR-326	0.05727774859325607	0.10079066730953648
hsa-miR-664b-3p	0.057181708230400585	0.10136404956190484
hsa-miR-2113	0.056787085318342624	0.10374730061582649
hsa-miR-6807-5p	0.05677460864417885	0.10382336986459326
hsa-miR-3940-3p	0.05664528661316475	0.10461444382120691
hsa-miR-6785-3p	0.05662072202636634	0.10476524603285722
hsa-miR-6776-5p	0.056543569286325	0.10524000785350926
hsa-miR-3161	0.05650203649389985	0.10549628596127539
hsa-miR-4794	0.05650082950312665	0.10550374108206598
hsa-miR-571	0.056259332945552326	0.10700378520968247
hsa-miR-4653-5p	0.056259332945552326	0.10700378520968247
hsa-miR-125b-5p	0.056172927915133994	0.10754456488275137
hsa-miR-6802-5p	0.055948923846842226	0.10895659292408513
hsa-miR-372-3p	0.055778656225683655	0.11003964792072748
hsa-miR-1302	0.05566978041963308	0.11073663465838005
hsa-miR-5196-5p	0.05541783585657659	0.11236284235178956
hsa-miR-520a-5p	0.055314094359994126	0.11303789359103313
hsa-miR-1229-3p	0.05524773188416582	0.1134713878945267
hsa-miR-4738-3p	0.05516456922225986	0.11401646882747464
hsa-miR-4751	0.055105622253134624	0.114404075196093
hsa-miR-2277-3p	0.05506726505148947	0.11465684880007442
hsa-miR-10395-3p	0.05505841905368339	0.11471520604518344
hsa-miR-4539	0.05501525396350233	0.11500030181447128
hsa-miR-5591-3p	0.05496396400762343	0.11533978342994848
hsa-miR-6814-5p	0.05493558393506875	0.11552796524695289
hsa-miR-3170	0.054923060396406466	0.1156110825758528
hsa-miR-4449	0.054891414069032744	0.11582132484238507
hsa-miR-514a-3p	0.05486520209366507	0.11599569104310187
hsa-miR-6855-5p	0.05469324733254367	0.11714467285995238
hsa-miR-7706	0.05467824170104691	0.11724536038636829
hsa-miR-6810-3p	0.05458009474520797	0.11790559802081232
hsa-miR-6741-5p	0.054552482172707306	0.11809187251110119
hsa-miR-505-3p	0.05432154195967879	0.11965883167526707
hsa-miR-2682-3p	0.054273709429826955	0.11998540484165722
hsa-miR-6878-5p	0.05422149598647265	0.12034268327991497
hsa-miR-1299	0.05404617578833233	0.12154842316872803
hsa-miR-29a-5p	0.0538734031686482	0.1227458475585087
hsa-miR-3059-5p	0.05380051467266532	0.12325376183792602
hsa-miR-6810-5p	0.053751912589389925	0.12359334861644168
hsa-miR-8061	0.053685376536278695	0.12405942314491558
hsa-miR-151a-3p	0.05358476437286838	0.12476679406658962
hsa-miR-4308	0.0530235020310369	0.12877059858989845
hsa-miR-10398-3p	0.05301788480826078	0.12881116724947603
hsa-miR-3150a-5p	0.05292758469309053	0.12946469335916064
hsa-miR-3193	0.052886819905078576	0.129760559754023
hsa-miR-22-5p	0.0528161173743118	0.13027495316529783
hsa-miR-4690-5p	0.05271806550259136	0.13099093797951447
hsa-miR-5589-3p	0.052496929753915525	0.13261687266953717
hsa-miR-7107-3p	0.05248173254593749	0.13272918283613755
hsa-miR-498-3p	0.05236162752579511	0.13361936900630333
hsa-miR-361-3p	0.052247653494283015	0.13446837105631082
hsa-miR-375-5p	0.052159591384553144	0.13512719927627598
hsa-miR-219a-1-3p	0.05202113419403965	0.13616808421889195
hsa-miR-619-5p	0.051926455038256006	0.13688340684289238
hsa-miR-6796-3p	0.05182388010176934	0.13766164602439065
hsa-miR-3689a-3p	0.051779152298030366	0.13800206146803803
hsa-miR-4711-5p	0.05169975302055332	0.1386079501269453
hsa-miR-4754	0.05160034618759965	0.1393693956423809
hsa-miR-135a-2-3p	0.05158263203266371	0.1395054209269577
hsa-miR-526b-3p	0.05146450178704421	0.14041514130795055
hsa-miR-548ba	0.051313121705176275	0.14158756764003544
hsa-miR-4709-5p	0.051124901180531986	0.14305577345550216
hsa-miR-122-5p	0.05102262042501329	0.14385848511827284
hsa-miR-4693-5p	0.050964336903618	0.14431744065416166
hsa-miR-6764-5p	0.050755911231052026	0.14596786497366016
hsa-miR-6789-3p	0.0507537220602006	0.14598527618575394
hsa-miR-5583-5p	0.050637150926837196	0.1469146991429562
hsa-miR-4758-3p	0.05054419132723385	0.14765909891043005
hsa-miR-2114-3p	0.05051321092257499	0.14790782129394917
hsa-miR-3152-3p	0.050302462398376206	0.14960827782553404
hsa-miR-4802-5p	0.05013170723292356	0.15099692743134996
hsa-miR-937-3p	0.05004488296714752	0.1517067666988394
hsa-miR-8057	0.049640587893134414	0.15504555917943727
hsa-miR-4423-3p	0.0496405569117401	0.15504581715031956
hsa-miR-6739-5p	0.0494963271988767	0.15625029552571013
hsa-miR-1255b-5p	0.049488032784127584	0.15631977793938284
hsa-miR-6770-3p	0.049442243364340936	0.1567037775760429
hsa-miR-4687-5p	0.04941128691895204	0.1569637890100145
hsa-miR-6806-5p	0.04936146431533069	0.1573829476727321
hsa-miR-4727-5p	0.049153200807621394	0.15914424377645592
hsa-miR-4529-3p	0.04906336403513272	0.15990857814455378
hsa-miR-676-3p	0.04899959951100381	0.1604527678837705
hsa-miR-6879-3p	0.04889047564498645	0.16138731049302374
hsa-miR-2276-5p	0.048857077542436206	0.16167415210015895
hsa-miR-711	0.048694683850610154	0.163074358119588
hsa-miR-4712-5p	0.04859573759438532	0.16393196544560243
hsa-miR-3663-3p	0.04858639298387314	0.16401313395801437
hsa-miR-210-3p	0.048511121613302476	0.16466805360123063
hsa-miR-3941	0.04847880375939032	0.16494984654698883
hsa-miR-940	0.04847563746426325	0.16497747428354848
hsa-miR-4467	0.04815288149947548	0.167811983800766
hsa-miR-4485-3p	0.04810429462161473	0.1682418263215901
hsa-miR-505-5p	0.04809584697346388	0.1683166458106366
hsa-miR-511-5p	0.04789632783875555	0.17009101103525928
hsa-miR-6821-3p	0.04782486111158355	0.17072997182655741
hsa-miR-6743-3p	0.04779947224741467	0.17095739692933096
hsa-miR-6752-5p	0.04766887043229966	0.1721308650097718
hsa-miR-4423-5p	0.04766010219570668	0.172209863290278
hsa-miR-198	0.04765496437740903	0.17225616554221865
hsa-miR-4668-5p	0.047554140278718245	0.17316667902706528
hsa-miR-6790-3p	0.047487655005729164	0.1737690501137587
hsa-miR-4655-5p	0.04742245462819486	0.1743612960160228
hsa-miR-6802-3p	0.04735767577508899	0.17495120166590683
hsa-miR-1228-3p	0.047245017255661624	0.17598066058028988
hsa-miR-103a-1-5p	0.047158024603774995	0.1767786679978083
hsa-miR-3690	0.04707414861356972	0.17755063103895916
hsa-miR-297	0.047022822608558015	0.17802425042549047
hsa-miR-4771	0.046956364847544355	0.1786388943945693
hsa-miR-3692-5p	0.04695538762118881	0.1786479441518686
hsa-miR-3085-5p	0.046933016666262574	0.17885520698655868
hsa-miR-4742-3p	0.04687164023798343	0.1794247652014684
hsa-miR-6840-5p	0.046680669641601766	0.18120553388885427
hsa-miR-10397-3p	0.046679165341354585	0.18121961303021844
hsa-miR-4690-3p	0.046415660078177615	0.18369835169519333
hsa-miR-6797-3p	0.046329990126830006	0.1845096061093455
hsa-miR-4723-3p	0.046308132973677286	0.18471700630789284
hsa-miR-548t-5p	0.04626758849697494	0.18510218444067217
hsa-miR-6783-3p	0.046217571877047225	0.18557816596286839
hsa-miR-3609	0.04621330730246157	0.18561879140734525
hsa-miR-2116-5p	0.04618188417958933	0.18591833863114823
hsa-miR-3164	0.04606499874655301	0.18703570375501574
hsa-miR-599	0.04586661453166121	0.18894347411576126
hsa-miR-3613-3p	0.0458412751482528	0.18918817913955016
hsa-miR-943	0.04566310148186423	0.19091540812487068
hsa-miR-1976	0.04538432179976444	0.19364112041044507
hsa-miR-892c-3p	0.04537517441490953	0.19373103795020122
hsa-miR-374c-3p	0.04535406796209588	0.19393862824554045
hsa-miR-1538	0.04490769584151682	0.19836711902690532
hsa-miR-6735-5p	0.04489570430014791	0.19848709776359
hsa-miR-1292-5p	0.04486055071851329	0.19883912441304147
hsa-miR-4725-3p	0.044826996559389244	0.19917555922091498
hsa-miR-1909-3p	0.04480148214333367	0.19943166034825874
hsa-miR-4301	0.044763840557851604	0.19980992637670444
hsa-miR-6816-5p	0.044604404791783084	0.20141792063377584
hsa-miR-4633-3p	0.044546928466804366	0.20199990392449885
hsa-miR-6759-3p	0.044355108275172285	0.20395105630365115
hsa-miR-1224-5p	0.04433779385039872	0.20412784609227752
hsa-miR-517-5p	0.04433080618168222	0.20419922554180564
hsa-miR-7850-5p	0.044318792426315146	0.2043219891335368
hsa-miR-6717-5p	0.044237026533982184	0.20515894479797042
hsa-miR-7113-3p	0.044189148877227614	0.2056501738107503
hsa-miR-12129	0.04415083946047776	0.20604384579701157
hsa-miR-1301-3p	0.04409670033650426	0.20660111696406175
hsa-miR-378d	0.043993034318026945	0.20767123070706145
hsa-miR-5584-3p	0.0439683282650725	0.20792685512811054
hsa-miR-4710	0.043323309744208394	0.2146814091002773
hsa-miR-520a-3p	0.04324464063557459	0.21551590296301185
hsa-miR-3911	0.04321421823565159	0.21583923752279818
hsa-miR-891a-3p	0.04309538445241002	0.21710556469130282
hsa-miR-6834-5p	0.04298414320364374	0.2182958097661409
hsa-miR-4784	0.04294946591052509	0.218667800659818
hsa-miR-3667-3p	0.04289330131529527	0.2192712544089076
hsa-miR-3186-5p	0.04286260850643206	0.21960153348303232
hsa-miR-103a-2-5p	0.0428569910227676	0.21966202064862042
hsa-miR-6817-5p	0.04281332284652974	0.2201326318713347
hsa-miR-8077	0.042799017427736265	0.22028695803165024
hsa-miR-5091	0.04278435904160258	0.22044517232860575
hsa-miR-6873-3p	0.042745685751845196	0.22086298026155127
hsa-miR-4452	0.042628012790488154	0.22213774798553812
hsa-miR-6774-3p	0.04256748611257455	0.2227954866218667
hsa-miR-6781-3p	0.04242100898879728	0.22439299693392803
hsa-miR-6508-5p	0.04239318632650463	0.22469735797512572
hsa-miR-3679-5p	0.04220948860063871	0.22671427744740658
hsa-miR-4281	0.04204027097550389	0.22858358721642513
hsa-miR-5092	0.042038416104815145	0.22860413808323857
hsa-miR-1193	0.04198232749635172	0.2292261869307429
hsa-miR-671-5p	0.041935052380219835	0.22975142310003285
hsa-miR-4676-5p	0.04190012456386883	0.23014002675781653
hsa-miR-190b-3p	0.041698093830232895	0.2323969565845319
hsa-miR-6126	0.04163512499101422	0.2331035895595995
hsa-miR-4673	0.041615878760293365	0.23331987292348877
hsa-miR-1248	0.04156727563247561	0.23386669241672456
hsa-miR-6769b-5p	0.04154096641549395	0.23416306759275066
hsa-miR-4776-3p	0.041522742409022075	0.23436851797122293
hsa-miR-6511a-3p	0.04151993416013433	0.234400188410327
hsa-miR-490-3p	0.041519484744690034	0.23440525703985682
hsa-miR-3191-5p	0.04150643828103416	0.2345524323847067
hsa-miR-4422	0.04144014731085283	0.2353012609468412
hsa-miR-6510-3p	0.04133618479034847	0.236479029478903
hsa-miR-676-5p	0.04130936019604963	0.23678359352541975
hsa-miR-3619-3p	0.04094803402136123	0.2409130492438024
hsa-miR-4518	0.04088788372784083	0.241605369157793
hsa-miR-4645-3p	0.040794219600941956	0.24268620851110861
hsa-let-7a-2-3p	0.04074575201838812	0.2432468317451355
hsa-miR-2681-3p	0.04071043324620966	0.24365593486207043
hsa-miR-2115-3p	0.04069378095385386	0.2438489883692372
hsa-miR-597-5p	0.04066019325567507	0.2442387038241175
hsa-miR-4646-5p	0.04061385155856069	0.24477711927353044
hsa-miR-3191-3p	0.04056524369609082	0.24534275678164108
hsa-miR-6889-3p	0.040558713226743426	0.2454188198981685
hsa-miR-4749-3p	0.04051026820206532	0.2459835949750227
hsa-miR-500b-3p	0.04030521213620925	0.24838422095956988
hsa-miR-4691-3p	0.039833652656298596	0.25396677701645143
hsa-miR-6854-5p	0.03978465383734157	0.254551809646911
hsa-miR-6727-3p	0.039648899295292764	0.25617756759574545
hsa-miR-3916	0.03952619259033754	0.2576532505969657
hsa-miR-548a-5p	0.039424116042029535	0.2588853098436958
hsa-miR-2392	0.03938299667691491	0.2593827681641467
hsa-miR-6128	0.039332993840266096	0.25998858779258166
hsa-miR-6772-5p	0.0392546430717033	0.26093982746045435
hsa-miR-6800-5p	0.03914813135630289	0.26223681209451905
hsa-miR-378j	0.03913354886731275	0.2624147272374104
hsa-miR-6825-3p	0.03905472788919829	0.26337783101991014
hsa-miR-6740-3p	0.03897652966004807	0.26433572869817923
hsa-miR-520b-5p	0.03893700141221445	0.26482084541908285
hsa-miR-519a-2-5p	0.03893700141221445	0.26482084541908285
hsa-miR-4685-3p	0.038881308915405505	0.2655053791846142
hsa-miR-1178-5p	0.03887015186773509	0.26564266004196846
hsa-miR-371a-3p	0.03875642936249161	0.267044731356283
hsa-miR-876-5p	0.03875642936249161	0.267044731356283
hsa-miR-378b	0.03874105816190204	0.2672346300764954
hsa-miR-10396b-3p	0.038667718668029476	0.26814195599843077
hsa-miR-5703	0.038614612965770005	0.2688002750895324
hsa-miR-4661-5p	0.03858288906878797	0.26919406502520987
hsa-miR-4662a-3p	0.038535265594096195	0.2697859587200633
hsa-miR-524-3p	0.038474798645948556	0.2705387621568326
hsa-miR-6738-5p	0.038436470905206695	0.27101667976534893
hsa-miR-6891-3p	0.03832744202389874	0.2723793428033764
hsa-miR-769-5p	0.03822017526793303	0.27372454256323353
hsa-miR-6885-3p	0.03815883475271442	0.2744958290300506
hsa-miR-6084	0.038158558180565606	0.27449930995887767
hsa-miR-378f	0.03804207204811377	0.2759680770256854
hsa-miR-548m	0.0379985184863719	0.2765186132053751
hsa-miR-516b-5p	0.03799087815727805	0.27661526732415037
hsa-miR-1227-3p	0.03789751637958602	0.27779819887442436
hsa-miR-6775-5p	0.037810650518818385	0.27890190802756926
hsa-miR-203a-5p	0.03780038841047568	0.27903249374732214
hsa-miR-4529-5p	0.03780038841047568	0.27903249374732214
hsa-miR-3154	0.03768198680931181	0.2805421609132577
hsa-miR-1295b-3p	0.03761143613328897	0.28144433782884926
hsa-miR-3939	0.037539037510302437	0.2823721865893484
hsa-miR-6511b-3p	0.03749572412139464	0.28292827243517943
hsa-miR-4700-5p	0.03748492736801073	0.28306700353383124
hsa-miR-5585-5p	0.03739449295733285	0.2842308320447903
hsa-miR-4642	0.037336429272325264	0.2849797734146856
hsa-miR-331-3p	0.03733555602019155	0.2849910473213839
hsa-miR-6765-3p	0.03725639330524728	0.28601430901500163
hsa-miR-196b-3p	0.03722821600052701	0.2863791276812869
hsa-miR-5189-5p	0.03718359800234068	0.286957449630903
hsa-miR-3150b-5p	0.03718142751087596	0.286985602795368
hsa-miR-6893-5p	0.03702607529679334	0.2890054910084068
hsa-miR-4666b	0.03691788907015329	0.2904177619158044
hsa-miR-6886-3p	0.036872625106496575	0.29101001410069527
hsa-miR-6748-5p	0.03684666017445428	0.29135011555731605
hsa-miR-520f-5p	0.036628601859145335	0.2942168748212085
hsa-miR-6754-3p	0.03656304707855062	0.29508238569244677
hsa-miR-7845-5p	0.036484617743747935	0.2961201123565638
hsa-miR-488-3p	0.03646157323700173	0.29642548532830354
hsa-miR-6735-3p	0.036437311032779494	0.29674722174591295
hsa-miR-6781-5p	0.03643022888693035	0.29684118066133924
hsa-miR-5089-5p	0.036401617954815016	0.2972209644111103
hsa-miR-1227-5p	0.036377699395131066	0.29753870998265675
hsa-miR-4745-5p	0.036348521386526986	0.2979266313161232
hsa-miR-1253	0.03634383335331914	0.2979889901055006
hsa-miR-4763-5p	0.03631328270088487	0.29839557873989603
hsa-miR-6728-5p	0.03625888339423202	0.2991204763851667
hsa-miR-922	0.0362560145649115	0.2991587374882531
hsa-miR-649	0.0362560145649115	0.2991587374882531
hsa-miR-130b-5p	0.03623574802242548	0.29942912187536636
hsa-miR-2278	0.036099782830855076	0.3012472973473981
hsa-miR-3153	0.03602531309274715	0.30224623773705356
hsa-miR-6799-3p	0.035942875471492136	0.3033546223950349
hsa-miR-10393-3p	0.035819307991502146	0.3050210474760053
hsa-miR-4733-3p	0.03581861732811631	0.305030378736392
hsa-miR-378c	0.03577582379657095	0.3056089128058942
hsa-miR-503-3p	0.035698295132559205	0.30665888675246566
hsa-miR-889-5p	0.03566768167136325	0.30707414233512825
hsa-miR-6885-5p	0.035648579472223774	0.30733344191606693
hsa-miR-3137	0.03547500980493212	0.309696163460383
hsa-miR-7854-3p	0.035332639065077144	0.3116431064196303
hsa-miR-422a	0.03530993455602601	0.31195433737356476
hsa-miR-4683	0.035175609270002524	0.3137998362363239
hsa-miR-4431	0.035152890389508515	0.31411267903216283
hsa-miR-6792-3p	0.035146417242720746	0.31420185281922536
hsa-miR-6793-3p	0.035112702362060745	0.3146665762129389
hsa-miR-4719	0.03507168202825124	0.3152326053255594
hsa-miR-5009-5p	0.03506539322472304	0.31531944191569056
hsa-miR-190a-3p	0.03502277986918582	0.31590826571208125
hsa-miR-3925-3p	0.034898074843986764	0.31763555517055275
hsa-miR-5587-5p	0.03483843850965289	0.3184637580497074
hsa-miR-589-3p	0.03482432199692414	0.3186600083469422
hsa-miR-1908-5p	0.03482401950759231	0.31866421447286863
hsa-miR-6769b-3p	0.0348047585972809	0.31893211289777057
hsa-miR-561-3p	0.034792058680013616	0.31910883549343355
hsa-miR-5195-3p	0.03476858765146899	0.31943560919759817
hsa-miR-6849-5p	0.03468391409314499	0.3206162864172585
hsa-miR-6880-3p	0.03462526206151056	0.3214357896307478
hsa-miR-1283	0.03452196031874308	0.322882468686917
hsa-miR-613	0.03449101588426672	0.32331665058578246
hsa-miR-1305	0.03449101588426672	0.32331665058578246
hsa-miR-519d-3p	0.03448093791524966	0.32345813670826046
hsa-miR-378a-3p	0.034406216921194874	0.3245084121449874
hsa-miR-7977	0.03402526401732837	0.32989748030977617
hsa-miR-4522	0.03394894856558625	0.3309839759795595
hsa-miR-4749-5p	0.03387237541196372	0.3320764599396316
hsa-miR-892c-5p	0.03382914137902493	0.33269431431960156
hsa-miR-632	0.03378212121745082	0.33336711657160606
hsa-miR-4761-3p	0.033725984591199014	0.3341715114457586
hsa-miR-1296-5p	0.03366357392930699	0.3350672736247481
hsa-miR-4428	0.03353102894768564	0.33697476975201035
hsa-miR-4290	0.03338344064906592	0.33910694284241444
hsa-miR-6814-3p	0.032989573733215	0.34483923323405125
hsa-miR-7154-3p	0.03296577480884524	0.34518756512629284
hsa-miR-6850-3p	0.03284507146207401	0.346957680774737
hsa-miR-362-5p	0.032788460761815345	0.3477898602043911
hsa-miR-4632-3p	0.0327384165817187	0.34852656567874785
hsa-miR-4695-5p	0.03264581166494306	0.3498924203954274
hsa-let-7b-3p	0.032643114637871846	0.3499322503111169
hsa-miR-7852-3p	0.03262673458464957	0.35017421395160236
hsa-miR-7151-3p	0.03253380806782608	0.3515489148554979
hsa-miR-519a-5p	0.032526563873418575	0.3516562244470255
hsa-miR-10400-3p	0.032508835945108096	0.3519189188688593
hsa-miR-216a-3p	0.032505392368541344	0.35196996055405644
hsa-miR-6886-5p	0.03247294926007456	0.3524510713397935
hsa-miR-196a-1-3p	0.032441557532551006	0.3529169860744863
hsa-miR-3922-3p	0.03239024375339984	0.35367942005499475
hsa-miR-623	0.032362438086517765	0.35409299795763943
hsa-miR-3151-5p	0.03215904425296593	0.35712752016857796
hsa-miR-1233-3p	0.03210868794358809	0.3578813255686297
hsa-miR-6884-5p	0.03204526981621331	0.35883207978626075
hsa-miR-208a-5p	0.032023590902938916	0.35915744970512975
hsa-miR-4781-5p	0.03200455248324945	0.3594433421245491
hsa-miR-4744	0.031948894745050166	0.36027995056337486
hsa-miR-3714	0.031861161574061464	0.36160116973753575
hsa-miR-6751-5p	0.031689293646449464	0.36419819112677637
hsa-miR-93-3p	0.0316139919150398	0.3653397004264043
hsa-miR-6865-3p	0.03153036926542811	0.3666099576780574
hsa-miR-4261	0.031431927969322204	0.36810883345321
hsa-miR-302c-5p	0.03137869181761411	0.36892099602289896
hsa-miR-466	0.03131087255824035	0.369957246312096
hsa-miR-12114	0.03116460316521528	0.37219831998939473
hsa-miR-548ap-3p	0.03114800152693037	0.3724532125155615
hsa-miR-373-5p	0.030767383566414844	0.37832659605407265
hsa-miR-6819-3p	0.03076616833387714	0.3783454392309583
hsa-miR-500a-3p	0.030734644624224462	0.37883444174411507
hsa-miR-6823-5p	0.03072726825976137	0.3789489215150092
hsa-miR-6895-5p	0.030688600616505274	0.3795493835633197
hsa-miR-5010-5p	0.030644319149102442	0.38023773850204323
hsa-miR-380-5p	0.03047369035730945	0.38289731414756195
hsa-miR-1298-3p	0.030386053585294854	0.3842677121188603
hsa-miR-6732-3p	0.030307689940561315	0.3854956370819353
hsa-miR-1273h-3p	0.030269513260586314	0.3860947153284617
hsa-miR-6831-3p	0.030257533942787376	0.3862828147507779
hsa-miR-3140-5p	0.03009695442187377	0.3888096246399984
hsa-miR-4723-5p	0.030072687776270177	0.38919234578879464
hsa-miR-5683	0.03000831177416719	0.39020875940814637
hsa-miR-4783-3p	0.029920184758020753	0.39160277932282017
hsa-miR-4671-5p	0.02972991020157143	0.39462287131260654
hsa-miR-6835-3p	0.02972712709423625	0.39466714967718297
hsa-miR-4731-3p	0.02962044501281239	0.3963666884051811
hsa-miR-1244	0.029461315260803176	0.39890994426338927
hsa-miR-4274	0.029416644677412982	0.39962564071729095
hsa-miR-6872-5p	0.029416644677412982	0.39962564071729095
hsa-miR-4778-5p	0.029416644677412982	0.39962564071729095
hsa-miR-5692b	0.029416644677412982	0.39962564071729095
hsa-miR-3185	0.029416644677412982	0.39962564071729095
hsa-miR-1238-3p	0.02938210678971584	0.4001795227658224
hsa-miR-196a-5p	0.029284799088665457	0.40174251574012715
hsa-miR-4687-3p	0.02914098387943488	0.40405921371741244
hsa-miR-4736	0.029136560961182816	0.40413058812078084
hsa-miR-4724-5p	0.029091897056108384	0.4048517693829481
hsa-miR-6506-5p	0.029037394488616756	0.40573285382307356
hsa-miR-323b-5p	0.029012165021851853	0.40614109832657014
hsa-miR-8485	0.029010626784695216	0.40616599685399707
hsa-miR-642b-3p	0.028912754195103835	0.4077520716867715
hsa-miR-6799-5p	0.02886188732097466	0.40857784815792647
hsa-miR-6891-5p	0.028825306615511005	0.4091723158788955
hsa-miR-3157-3p	0.028607742753463006	0.4127185142623239
hsa-miR-3614-5p	0.028563099838407845	0.41344841624516687
hsa-miR-875-3p	0.028550402568722634	0.41365615311787496
hsa-miR-585-3p	0.028539008386430767	0.4138426229952194
hsa-miR-6502-5p	0.028514597932953373	0.41424227592219576
hsa-miR-12135	0.028512297983841937	0.4142799429023779
hsa-miR-4755-3p	0.028483839018220887	0.4147461915168539
hsa-miR-1909-5p	0.028466189745113668	0.415035498398813
hsa-miR-598-5p	0.02840128020620084	0.4161005191176251
hsa-miR-4632-5p	0.028313914165353567	0.41753654028222226
hsa-miR-4328	0.028290503311103412	0.4179218352840187
hsa-miR-7152-5p	0.02820254930593213	0.4193712459408249
hsa-miR-6801-5p	0.02812193046114795	0.4207023671467036
hsa-miR-6880-5p	0.028030769014697154	0.4222105392528281
hsa-miR-3192-3p	0.027923137768181564	0.42399525259855203
hsa-miR-5693	0.027890616113011	0.42453538340953645
hsa-miR-1537-3p	0.027794030653572686	0.426141872411805
hsa-miR-7160-5p	0.027725187608461738	0.42728908433560386
hsa-miR-6812-5p	0.027646639512453445	0.4286002138389587
hsa-miR-3190-3p	0.027646370692291485	0.42860470500822334
hsa-miR-6797-5p	0.027544245352982517	0.4303128856228132
hsa-miR-6745	0.027375282568355096	0.43314765513590553
hsa-let-7c-3p	0.02734102899082697	0.43372365569084503
hsa-miR-5708	0.02729177499724847	0.43455267416436205
hsa-miR-10396a-5p	0.027271318131576145	0.43489726216112506
hsa-miR-365b-5p	0.027216883337329006	0.43581496180412377
hsa-miR-502-3p	0.027204929020691118	0.43601664516317773
hsa-miR-92a-2-5p	0.02720007468206307	0.436098558887155
hsa-miR-6752-3p	0.027192140716113256	0.4362324583281766
hsa-miR-6833-3p	0.027070450906312583	0.43828914650929507
hsa-miR-1306-3p	0.027052355562355	0.43859545176767545
hsa-miR-3132	0.02695314697150146	0.4402769657913652
hsa-miR-518b	0.026917365952311652	0.44088433265856425
hsa-miR-1197	0.026859742375719635	0.44186347405135373
hsa-miR-3130-5p	0.026763477908474182	0.44350197101308025
hsa-miR-6791-5p	0.026719752944400304	0.4442473470650001
hsa-miR-6776-3p	0.02666973706381537	0.4451008383442549
hsa-miR-4750-5p	0.026587335782354542	0.4465090004603273
hsa-miR-6884-3p	0.026580963373378067	0.4466180044048926
hsa-miR-133a-5p	0.026571006117899452	0.44678835959732993
hsa-miR-5008-3p	0.02655555402038454	0.44705279717361196
hsa-miR-143-5p	0.026547032466944235	0.44719866774052885
hsa-miR-2467-5p	0.026533442400024577	0.4474313561914547
hsa-miR-577	0.026529657824322404	0.4474961677378281
hsa-miR-769-3p	0.02649794864249445	0.4480394024964995
hsa-miR-4768-5p	0.026452849125435173	0.44881268133474433
hsa-miR-377-5p	0.02640554807888588	0.4496245194592126
hsa-miR-342-5p	0.026402489642493133	0.4496770406574478
hsa-miR-6761-5p	0.026360139798020273	0.4504046529125865
hsa-miR-3978	0.02625435537459109	0.4522250390314041
hsa-miR-4634	0.02621631070171548	0.4528807422981135
hsa-miR-3919	0.026088846773483273	0.45508149524440783
hsa-miR-3120-5p	0.025984105419209553	0.45689441772748995
hsa-miR-1912-3p	0.02598109826616155	0.4569465269733042
hsa-miR-6806-3p	0.025776142268180913	0.4605059378321922
hsa-miR-1270	0.02555304558276711	0.46439792460007817
hsa-miR-625-3p	0.02553451811119262	0.4647219614145101
hsa-miR-10395-5p	0.025520391789159744	0.4649691085092581
hsa-miR-129-5p	0.025499151169861005	0.4653408610928665
hsa-miR-6747-5p	0.025416598622785398	0.46678725768245083
hsa-miR-1265	0.02535031040742769	0.46795048813368323
hsa-miR-6798-5p	0.025305275011296206	0.4687416860677321
hsa-miR-4746-5p	0.025287175912107954	0.4690598655489309
hsa-miR-518e-3p	0.02521683856338406	0.47029751726015373
hsa-miR-499a-3p	0.025148981530165256	0.47149322964877177
hsa-miR-3194-3p	0.025093192856348985	0.47247753685789284
hsa-miR-4436a	0.0250403205395266	0.47341143092475335
hsa-miR-4793-5p	0.02494358433768874	0.4751227217291431
hsa-miR-4254	0.024930606364107506	0.47535256328506686
hsa-miR-606	0.024930606364107506	0.47535256328506686
hsa-miR-616-5p	0.024899204088829778	0.4759089533853411
hsa-miR-6833-5p	0.024887548765316785	0.47611555475948697
hsa-miR-6727-5p	0.024865956566010875	0.4764984260519464
hsa-miR-4648	0.024839471344805283	0.4769682898647867
hsa-miR-4728-5p	0.024784790631124407	0.4779391592057195
hsa-miR-4667-3p	0.024720576046689074	0.47908068040277446
hsa-miR-6730-5p	0.02471322743194867	0.479211408946385
hsa-miR-1249-5p	0.024647446167158447	0.4803824932417632
hsa-miR-7114-3p	0.024607346529909545	0.48109713823426076
hsa-miR-708-3p	0.02457660218092372	0.4816454468718261
hsa-miR-3621	0.02456390869201952	0.4818719272466721
hsa-miR-3135b	0.02450036072067841	0.48300663471769906
hsa-miR-1292-3p	0.02448338981844853	0.48330991066739243
hsa-miR-6716-5p	0.024461613374837002	0.4836992144240466
hsa-miR-6715a-3p	0.02433196192493248	0.4860205424720271
hsa-miR-1908-3p	0.024331029459200033	0.48603725944404236
hsa-miR-609	0.024311662417721615	0.4863845362519945
hsa-miR-9898	0.024229332455805278	0.4878623153046252
hsa-miR-6854-3p	0.023792544572685446	0.4957427109296515
hsa-miR-548a-3p	0.023630020689055467	0.49869213665027307
hsa-miR-4654	0.023399913992594702	0.5028839027963948
hsa-miR-548h-3p	0.023331239834107283	0.5041385054960617
hsa-miR-5579-5p	0.02329281675430751	0.5048411720686575
hsa-miR-3614-3p	0.023240049580316405	0.5058069969396266
hsa-miR-6760-5p	0.02323991999336847	0.5058093700308639
hsa-miR-3654	0.023238620624214067	0.5058331653552165
hsa-miR-3678-3p	0.02319543621578578	0.506624335101049
hsa-miR-514a-5p	0.02313999499056182	0.5076410098118951
hsa-miR-10392-3p	0.02308857026391321	0.5085849852618046
hsa-miR-1226-5p	0.023033164438993736	0.5096030665874968
hsa-miR-7974	0.023032956741189967	0.5096068850344787
hsa-miR-548z	0.022938176553777227	0.5113509424383625
hsa-miR-6888-5p	0.022846651991665336	0.5130380407395929
hsa-miR-373-3p	0.022841649875398416	0.5131303295140565
hsa-miR-6758-3p	0.022818012666708434	0.5135665514657894
hsa-miR-627-3p	0.022788152648380806	0.5141178899665005
hsa-miR-124-3p	0.022743461906465607	0.5149436382480331
hsa-miR-1539	0.022671884667984997	0.5162675981564803
hsa-miR-572	0.02265984009226895	0.5164905589977037
hsa-miR-137-5p	0.022650816401607994	0.5166576319448518
hsa-miR-6783-5p	0.02257120959907423	0.5181327560519604
hsa-miR-7975	0.022525204661330792	0.5189862234110459
hsa-miR-6131	0.02229865132457877	0.5231997078276779
hsa-miR-11181-3p	0.022262212338872347	0.523879039800518
hsa-miR-4435	0.022184632894743636	0.5253268555014572
hsa-miR-4791	0.02218368106402976	0.52534463159246
hsa-miR-6757-5p	0.022131806479664933	0.5263138893754225
hsa-miR-718	0.022055854925631176	0.5277346598473683
hsa-miR-6777-5p	0.022003719707117047	0.5287110438816139
hsa-miR-1251-3p	0.021973364044795298	0.5292799647275938
hsa-miR-219b-3p	0.021965640729627655	0.5294247634178944
hsa-miR-3610	0.021955518289555664	0.5296145719585549
hsa-miR-4523	0.02186460726800817	0.5313208148132454
hsa-miR-4697-3p	0.021674282436391603	0.5349018701450641
hsa-miR-4798-3p	0.021621233837898542	0.5359021665102838
hsa-miR-5003-5p	0.021607688175596183	0.5361577371949834
hsa-miR-5195-5p	0.02146239139053327	0.5389029474421222
hsa-miR-1911-3p	0.021382645133297955	0.5404126417979236
hsa-miR-6760-3p	0.021236625672027172	0.5431824298467348
hsa-miR-4447	0.02115848451798299	0.5446675527347423
hsa-miR-6751-3p	0.02111691571555047	0.5454584142221586
hsa-miR-34c-3p	0.021024827532749032	0.5472124482481873
hsa-miR-3658	0.020925856931391935	0.5491006747363667
hsa-miR-3183	0.020920150738686444	0.5492096390004615
hsa-miR-4732-5p	0.02091674838107282	0.5492746147769588
hsa-miR-4800-5p	0.02079612249407529	0.5515806836070666
hsa-miR-525-5p	0.02076842856275124	0.5521107926624753
hsa-miR-4697-5p	0.02073873449757615	0.5526794649440431
hsa-miR-891b	0.02073873449757615	0.5526794649440431
hsa-miR-1245a	0.02073873449757615	0.5526794649440431
hsa-miR-3664-3p	0.020627901019164403	0.5548045711523685
hsa-miR-6844	0.020486846387782323	0.5575148872223327
hsa-miR-6734-5p	0.020454620304372114	0.5581350018447755
hsa-miR-1258	0.020331495366250868	0.5605073278788263
hsa-miR-371a-5p	0.020329242668283905	0.5605507774121488
hsa-miR-510-3p	0.020289384909678188	0.5613198141018435
hsa-miR-588	0.02022693691009656	0.5625257422922098
hsa-miR-6763-3p	0.020185692633922295	0.5633228911428887
hsa-miR-4740-5p	0.02017118753132654	0.5636033677179471
hsa-miR-4797-5p	0.020133583472238533	0.5643308078072492
hsa-miR-6852-3p	0.02000358926829942	0.5668489791012578
hsa-miR-4737	0.02000327724343374	0.5668550299262113
hsa-miR-4781-3p	0.019947713111115997	0.5679330289480927
hsa-miR-1238-5p	0.019929776768947294	0.568281220632028
hsa-miR-5190	0.019921777018996188	0.5684365497199958
hsa-miR-4778-3p	0.01988872977600515	0.5690784341858758
hsa-miR-1537-5p	0.019877459221622474	0.5692974238359116
hsa-miR-581	0.019852069652078006	0.5697908965110728
hsa-miR-5006-3p	0.019770043733682945	0.5713865458813728
hsa-miR-7112-3p	0.019703362097657152	0.5726852647561865
hsa-miR-939-5p	0.019682202992358084	0.5730976603072806
hsa-miR-181a-2-3p	0.01962816543386504	0.5741515016949951
hsa-miR-1256	0.019616479230100632	0.5743795266462394
hsa-miR-937-5p	0.019519744142827197	0.5762686937308396
hsa-miR-375-3p	0.019514265448020665	0.5763757762287789
hsa-miR-526a-3p	0.01950603102748454	0.576536737716334
hsa-miR-124-5p	0.019488527098786103	0.5768789642421778
hsa-miR-6780b-3p	0.01939821963050098	0.5786461195561152
hsa-miR-3683	0.019335340252096284	0.5798780538588189
hsa-miR-4724-3p	0.019302279009663026	0.580526282570744
hsa-miR-6822-3p	0.019256463175696407	0.5814251490244132
hsa-miR-6737-5p	0.01923850708237395	0.5817776089437796
hsa-miR-1587	0.019167158069644443	0.5831791017820676
hsa-miR-5586-3p	0.01913557776550185	0.5837999279420919
hsa-miR-6780b-5p	0.019030085079331308	0.585875995945783
hsa-miR-7156-3p	0.019029928555299374	0.5858790788363643
hsa-miR-6736-5p	0.019001238408276718	0.5864442856080632
hsa-miR-5696	0.01882393201705103	0.5899428736379781
hsa-miR-7843-3p	0.018623201940932466	0.5939151992102821
hsa-miR-302a-5p	0.018606027758463713	0.5942556322729564
hsa-miR-513b-3p	0.018606027758463713	0.5942556322729564
hsa-miR-5004-3p	0.018589559539348693	0.5945821550799042
hsa-miR-3173-3p	0.01855904522822357	0.5951873922722194
hsa-miR-99a-3p	0.01854296301916443	0.5955064883310969
hsa-miR-449c-3p	0.018536045062771567	0.5956437753108395
hsa-miR-3913-5p	0.018507606472955466	0.5962082909749176
hsa-miR-3935	0.01850451873024331	0.5962695983561901
hsa-miR-3674	0.018503075924770036	0.5962982463582011
hsa-miR-1469	0.018478761499697113	0.5967811219055118
hsa-miR-4501	0.01845815048312045	0.5971905881828693
hsa-miR-7111-3p	0.018443544554661878	0.5974808322906243
hsa-miR-1910-5p	0.018259280982428353	0.6011479394202393
hsa-miR-4722-5p	0.018206645743327768	0.6021973151838222
hsa-miR-4721	0.018183378578446433	0.6026614493811735
hsa-miR-3648	0.018146829501515603	0.6033908560528602
hsa-miR-6780a-3p	0.01808762514755276	0.6045732320206315
hsa-miR-1250-5p	0.018039392752033846	0.6055372522222948
hsa-miR-149-5p	0.017983522076248565	0.6066547968273438
hsa-miR-3180-3p	0.017932537479996433	0.607675410539061
hsa-miR-3180	0.017903246358178075	0.6082621081226993
hsa-miR-7157-5p	0.017723528418141326	0.6118673371967713
hsa-miR-1237-3p	0.01766001897787951	0.6131436209629658
hsa-miR-7976	0.017608022840820903	0.6141894063151336
hsa-miR-4468	0.01759641551940136	0.6144229685483155
hsa-miR-938	0.017581354393937394	0.6147260863272362
hsa-miR-4804-3p	0.01756397861294901	0.6150758700876287
hsa-miR-4524a-5p	0.017532649109139795	0.6157067704637764
hsa-miR-4753-3p	0.017525961901036804	0.6158414713926567
hsa-miR-6823-3p	0.017524448559084888	0.6158719565445123
hsa-miR-6784-3p	0.017440944954827866	0.6175550988953659
hsa-miR-4436b-5p	0.01741628853064763	0.6180524708027616
hsa-miR-6771-5p	0.017368819793391985	0.6190105070479501
hsa-miR-12128	0.017282278747980127	0.620758781750756
hsa-miR-551b-5p	0.017260211619943122	0.6212049177254874
hsa-miR-887-5p	0.017252754321276206	0.6213557150151128
hsa-miR-6812-3p	0.017248319812515348	0.6214453946789751
hsa-miR-1251-5p	0.017227381623431647	0.6218689062764363
hsa-miR-378e	0.017135340609550975	0.6237320783246507
hsa-miR-5787	0.017098575118152607	0.6244769895172658
hsa-miR-3150b-3p	0.017002295094681007	0.6264295480843581
hsa-miR-3929	0.016994084759561344	0.6265961749162158
hsa-miR-5581-5p	0.01697394704565699	0.6270049456520396
hsa-miR-4499	0.016916266823266926	0.6281764154161208
hsa-miR-4715-5p	0.01688598270608899	0.6287918524110061
hsa-miR-6731-5p	0.01681556600482696	0.6302238630991535
hsa-miR-1203	0.0167674874661254	0.6312023973294097
hsa-miR-4445-3p	0.0167674874661254	0.6312023973294097
hsa-miR-4297	0.016755641968636898	0.631443585894772
hsa-miR-6868-5p	0.016749332550691363	0.6315720692177327
hsa-miR-4766-3p	0.01667601734964008	0.6330658544268717
hsa-miR-629-5p	0.01663428807528471	0.633916749539072
hsa-miR-548j-3p	0.01658965638218186	0.6348273624106294
hsa-miR-499b-3p	0.016582585041445896	0.6349716884501289
hsa-miR-6754-5p	0.016558698072703812	0.6354593237704264
hsa-miR-514b-5p	0.016532150910842088	0.6360014502051959
hsa-miR-11399	0.016460848636818976	0.6374584954591981
hsa-miR-6784-5p	0.01645461731670943	0.6375858976113941
hsa-miR-3622b-5p	0.01640748331186775	0.6385499195991121
hsa-miR-6782-3p	0.016372461952206457	0.639266599383692
hsa-miR-181b-5p	0.01636958830355409	0.6393254208874156
hsa-miR-6505-3p	0.01634722118076347	0.6397833370374588
hsa-miR-6722-3p	0.016322054617815725	0.640298729186656
hsa-miR-6796-5p	0.016261450585161895	0.6415405644264447
hsa-miR-186-5p	0.016240760257766492	0.6419647587755546
hsa-miR-1271-5p	0.016171133695493868	0.643393102841728
hsa-miR-498-5p	0.016135634596998665	0.6441218509686076
hsa-miR-5088-5p	0.01608818233412314	0.6450965147082568
hsa-miR-4500	0.016044305803174886	0.6459982752746103
hsa-miR-6841-5p	0.016032071349190075	0.6462498132723712
hsa-miR-6757-3p	0.01594803526797052	0.647978668524812
hsa-miR-449c-5p	0.015917900376956673	0.6485990892789124
hsa-miR-1827	0.015893198532811865	0.6491078354725913
hsa-miR-6733-3p	0.01588245539943882	0.6493291464107741
hsa-miR-4745-3p	0.015881003299288498	0.6493590623678748
hsa-miR-6756-3p	0.01578605315761691	0.651316434722204
hsa-miR-4257	0.0157678188243867	0.6516926060231563
hsa-miR-378i	0.015692098625782042	0.6532556472169733
hsa-miR-4458	0.015692010794615015	0.6532574611406501
hsa-miR-6848-5p	0.015632692880740234	0.6544829846611429
hsa-miR-5010-3p	0.015601686725136643	0.655123950256842
hsa-miR-7111-5p	0.015567952990432043	0.6558215891230254
hsa-miR-5587-3p	0.015542566378352454	0.6563468010029987
hsa-miR-1294	0.015539093039829026	0.6564186724912532
hsa-miR-7151-5p	0.015525387037391264	0.6567023126688694
hsa-miR-3619-5p	0.015486048833357151	0.6575166750661762
hsa-miR-6829-5p	0.015484464792524296	0.6575494757000295
hsa-miR-5088-3p	0.015388345130459852	0.6595410493521707
hsa-miR-4474-3p	0.015306946265843892	0.6612294984450794
hsa-miR-216b-3p	0.015303884528299004	0.6612930414358921
hsa-miR-6764-3p	0.015290764671280578	0.6615653572001229
hsa-miR-4481	0.015279341602462915	0.6618024908314493
hsa-miR-515-3p	0.015274534372370488	0.661902295150057
hsa-miR-378h	0.015182247172380177	0.6638194575764258
hsa-miR-23c	0.015116423697796151	0.6651882102007988
hsa-miR-622	0.015041256629729566	0.6667526193764931
hsa-miR-6870-5p	0.014852954140083974	0.6706779947882489
hsa-miR-494-5p	0.014478389219735195	0.6785128616901017
hsa-miR-182-3p	0.014472089960341583	0.6786449248392966
hsa-miR-4498	0.014455821903608201	0.6789860280810454
hsa-miR-6730-3p	0.014411067420039385	0.6799247637987916
hsa-miR-4797-3p	0.014307667695658452	0.6820954897705686
hsa-miR-6835-5p	0.01420978661582447	0.6841527824452783
hsa-miR-4651	0.0141853434274443	0.6846669024533468
hsa-miR-3622a-5p	0.014182464329911888	0.6847274688754907
hsa-miR-7515	0.014126347321118574	0.6859083835762014
hsa-miR-3197	0.014028039409668338	0.6879790001063046
hsa-miR-516a-5p	0.014001458145120493	0.6885392717053064
hsa-miR-7-2-3p	0.01397743663763354	0.689045736324036
hsa-miR-1-5p	0.013925121504154151	0.6901492192823288
hsa-miR-519b-5p	0.01376358502310903	0.6935606506553058
hsa-miR-523-5p	0.01376358502310903	0.6935606506553058
hsa-miR-519c-5p	0.01376358502310903	0.6935606506553058
hsa-miR-522-5p	0.01376358502310903	0.6935606506553058
hsa-miR-518e-5p	0.01376358502310903	0.6935606506553058
hsa-miR-4698	0.013752281386690572	0.6937996013595278
hsa-miR-6841-3p	0.013752281386690572	0.6937996013595278
hsa-miR-4735-3p	0.013752281386690572	0.6937996013595278
hsa-miR-548aw	0.013744645178177634	0.6939610424906799
hsa-miR-1233-5p	0.013697687566910713	0.6949541027405987
hsa-miR-3651	0.013663639655366574	0.6956744754785708
hsa-miR-6834-3p	0.013632255595274655	0.6963387303714295
hsa-miR-1298-5p	0.013529505397065647	0.6985150998044284
hsa-miR-128-1-5p	0.013445804518938665	0.7002898136061171
hsa-miR-4790-3p	0.013370772729729358	0.7018821061745765
hsa-miR-4700-3p	0.013272611374482551	0.703967217705881
hsa-miR-4653-3p	0.013231433982303809	0.7048425573427933
hsa-miR-6822-5p	0.013168169512134915	0.7061881791199281
hsa-miR-3118	0.01311299096126238	0.7073625643081204
hsa-miR-524-5p	0.013110687338063042	0.7074116082990075
hsa-miR-6894-5p	0.013106078177779338	0.7075097406652155
hsa-miR-3660	0.013060391549010456	0.7084827041964413
hsa-miR-96-3p	0.012928661939941303	0.7112907334804246
hsa-miR-651-3p	0.01292717023413096	0.7113225540825621
hsa-miR-1288-3p	0.012926594280672516	0.711334840276072
hsa-miR-4668-3p	0.012870789297051988	0.7125256222339468
hsa-miR-6793-5p	0.012870034243752161	0.7125417385723328
hsa-miR-8085	0.012776009968451602	0.7145496519037748
hsa-miR-135a-3p	0.012750514494483643	0.7150944552979972
hsa-miR-1296-3p	0.01262451823324566	0.7177889458133498
hsa-miR-4774-5p	0.012618408733743078	0.7179196898319926
hsa-miR-6839-3p	0.012604897550893914	0.7182088600370758
hsa-miR-122-3p	0.012563571289734319	0.7190935864612518
hsa-miR-205-5p	0.012544320143220624	0.7195058498472355
hsa-miR-5094	0.012342537224167076	0.7238319128393997
hsa-miR-5699-5p	0.01231382658784185	0.7244481656980635
hsa-miR-4424	0.01227993850602508	0.7251757780075617
hsa-miR-4512	0.012171810938005782	0.7274990427277426
hsa-miR-549a-3p	0.01210831179204455	0.7288645741699062
hsa-miR-6881-5p	0.012098160428281211	0.7290829561824621
hsa-miR-3921	0.012060824317739322	0.7298863408449487
hsa-miR-877-3p	0.011992362411380336	0.7313602473911945
hsa-miR-6864-3p	0.01196455850831294	0.7319591166790386
hsa-miR-4770	0.011951737612012129	0.732235321368147
hsa-miR-1269a	0.01193780900866949	0.7325354289895213
hsa-miR-4535	0.011932240900090495	0.7326554116552992
hsa-miR-4685-5p	0.011904762240048978	0.7332476225229608
hsa-miR-4515	0.011900051125940546	0.7333491708014805
hsa-miR-128-2-5p	0.011899279354738833	0.7333658068088273
hsa-miR-9983-3p	0.011848156003984003	0.7344680803871475
hsa-miR-6876-5p	0.011826494643111838	0.7349352871793056
hsa-miR-3682-5p	0.011736322053607867	0.7368812407454994
hsa-miR-4691-5p	0.011682461066303475	0.7380443830398282
hsa-miR-657	0.011620396359458314	0.7393854293739661
hsa-miR-6729-5p	0.011512378149486528	0.7417212888612172
hsa-miR-2114-5p	0.01149983033339943	0.7419927859171815
hsa-miR-6778-5p	0.011494876470322817	0.742099981463307
hsa-miR-33a-3p	0.011434533574812385	0.7434061283509309
hsa-miR-1290	0.011399448881742874	0.7441658903027606
hsa-miR-6767-3p	0.011380841347930017	0.7445689389422279
hsa-miR-191-5p	0.011377736498676464	0.7446361983562504
hsa-miR-520f-3p	0.011369882507356923	0.7448063456808491
hsa-miR-30c-1-3p	0.01135398028293752	0.7451508864023596
hsa-miR-4507	0.011254304848006536	0.7473116307463321
hsa-miR-7843-5p	0.011242262619361044	0.7475728144271017
hsa-miR-1288-5p	0.011119056215491013	0.7502466931055409
hsa-miR-1281	0.011040232600284994	0.7519589319681139
hsa-miR-497-5p	0.010989440121116256	0.7530629135657897
hsa-miR-665	0.01098501725508296	0.7531590690701273
hsa-miR-541-5p	0.010905776023081492	0.7548824627268369
hsa-miR-5194	0.010736727704238799	0.7585631072068962
hsa-miR-4689	0.010710747460408652	0.7591292550236722
hsa-miR-6858-5p	0.010626349115427739	0.7609693074296464
hsa-miR-6089	0.010463938383962477	0.7645139771818324
hsa-miR-539-3p	0.01039451505317767	0.7660306737416163
hsa-miR-23b-5p	0.010033938662008914	0.7739224960430355
hsa-miR-5699-3p	0.009968567350633523	0.7753557849359323
hsa-miR-1181	0.009890662262656818	0.7770648790490815
hsa-miR-1913	0.009856365522076253	0.7778176284674813
hsa-miR-3149	0.009854291320068936	0.7778631600118316
hsa-miR-7108-3p	0.009781717696351331	0.7794567276767854
hsa-miR-764	0.009707492743546283	0.7810875126534859
hsa-miR-4692	0.009707492743546283	0.7810875126534859
hsa-miR-8072	0.009594661581403317	0.7835683482575534
hsa-miR-145-5p	0.009581252356948098	0.783863325479618
hsa-miR-3176	0.009576667311900239	0.7839641947928775
hsa-miR-4750-3p	0.009528595014205408	0.7850219855953146
hsa-miR-2355-3p	0.009463835391324978	0.7864475935052815
hsa-miR-6738-3p	0.00944018450037278	0.7869684188813441
hsa-miR-7107-5p	0.009423213227397101	0.7873422084587745
hsa-miR-4746-3p	0.009409849846303671	0.7876365692134245
hsa-miR-767-3p	0.0093716947735518	0.7884771934034134
hsa-miR-4454	0.00932232148890306	0.7895653396750214
hsa-miR-6750-5p	0.009315926000172973	0.78970632096834
hsa-miR-1268a	0.009279908763361405	0.7905004082848794
hsa-miR-6894-3p	0.009250890793829888	0.7911403377764048
hsa-miR-3156-3p	0.00922889276707212	0.7916255510674142
hsa-miR-6832-3p	0.00916295342066963	0.7930804658060008
hsa-miR-3937	0.009102446442083119	0.794416151367645
hsa-miR-4790-5p	0.00905298042103117	0.795508556258822
hsa-miR-5187-3p	0.008947186261337397	0.7978462495387286
hsa-miR-3605-3p	0.008871407123860843	0.7995218265753194
hsa-miR-7848-3p	0.00886822589066799	0.7995921880635091
hsa-miR-5008-5p	0.008782986357271432	0.8014780914755241
hsa-miR-7159-5p	0.008704824670134958	0.80320841501245
hsa-miR-616-3p	0.008670781121360082	0.803962364082806
hsa-miR-6876-3p	0.008612066880533242	0.8052631127016021
hsa-miR-4800-3p	0.008475758984444687	0.808284931431477
hsa-miR-5006-5p	0.008470563236572257	0.8084001731156889
hsa-miR-509-3-5p	0.008457866849767853	0.8086817964187194
hsa-miR-4716-3p	0.008444483445133537	0.8089786855055471
hsa-miR-345-3p	0.008321859699392057	0.8117001668185111
hsa-miR-6836-5p	0.008182079284464825	0.8148051892961368
hsa-miR-4764-5p	0.008083427387891366	0.8169983526683056
hsa-miR-3938	0.008028897844616394	0.8182112324515716
hsa-miR-617	0.008016035674595037	0.8184973842130565
hsa-miR-4713-3p	0.008016035674595037	0.8184973842130565
hsa-miR-12126	0.008016035674595037	0.8184973842130565
hsa-miR-4747-5p	0.007997283312458447	0.8189146215507063
hsa-miR-6792-5p	0.007950037490096897	0.8199660609466469
hsa-miR-187-5p	0.00794127449905085	0.8201611138520367
hsa-miR-4676-3p	0.007862768593299704	0.8219090482782662
hsa-miR-6069	0.007851681613120918	0.8221559712914869
hsa-miR-215-5p	0.007825615078206975	0.8227365797888682
hsa-miR-4733-5p	0.007785238341980657	0.8236361262588853
hsa-miR-3129-5p	0.007773976586176271	0.8238870663204826
hsa-miR-6837-5p	0.007683914609906213	0.8258945167158763
hsa-miR-4324	0.007594175320796389	0.8278959052030703
hsa-miR-548f-3p	0.0075616925150721465	0.8286206207775435
hsa-miR-4472	0.007552214460020251	0.8288321107139248
hsa-miR-6753-3p	0.0075404339721890055	0.8290949935740577
hsa-miR-6803-3p	0.007315758506219927	0.8341122745428975
hsa-miR-10526-3p	0.007173514091561195	0.8372922706741296
hsa-miR-6716-3p	0.0071645425644641806	0.8374929264258273
hsa-miR-4520-5p	0.007164374568188718	0.8374966839045467
hsa-miR-4726-5p	0.007143140828201789	0.8379716368460665
hsa-miR-6794-5p	0.00714251771094514	0.8379855755253526
hsa-miR-1264	0.007133536334272649	0.8381864880165413
hsa-miR-6720-5p	0.007133536334272649	0.8381864880165413
hsa-miR-4777-5p	0.007133536334272649	0.8381864880165413
hsa-miR-6883-5p	0.007108626811557392	0.8387437665933194
hsa-miR-7150	0.007034794143108746	0.8403960323783609
hsa-miR-4513	0.006982638779159287	0.8415636158089032
hsa-miR-10527-5p	0.006962267312407272	0.8420197591475382
hsa-miR-4769-5p	0.006898279339952361	0.8434528756660771
hsa-miR-7113-5p	0.006873008717204718	0.8440189958967941
hsa-miR-6837-3p	0.0067548628796341844	0.8466667976773297
hsa-miR-4786-3p	0.00647349737110503	0.8529794729197485
hsa-miR-4633-5p	0.006357214163021114	0.8555911573960339
hsa-miR-3662	0.006347192546695353	0.8558163141055402
hsa-miR-4661-3p	0.006327469423982694	0.8562594697829332
hsa-miR-3926	0.006307238159520002	0.85671408982134
hsa-miR-7152-3p	0.006238838491701578	0.8582514604829743
hsa-miR-6856-3p	0.006227827160031051	0.8584990046592307
hsa-miR-8071	0.006188069421025264	0.8593929081358196
hsa-miR-518f-3p	0.005995363515229502	0.863728190695676
hsa-miR-222-5p	0.005911622069995161	0.8656133975714062
hsa-miR-518d-3p	0.0058924380712245305	0.8660453800912782
hsa-miR-138-5p	0.005840520070737271	0.8672146621300569
hsa-miR-4476	0.005654847463473453	0.8713986823961677
hsa-miR-7703	0.005588186392986149	0.8729017325003161
hsa-miR-6887-3p	0.005479019784546146	0.8753641692630866
hsa-miR-6866-3p	0.0053545797554237	0.8781725922522221
hsa-miR-4762-3p	0.005280293216976854	0.8798498590151806
hsa-miR-520c-3p	0.005274814696884876	0.8799735763102997
hsa-miR-520b-3p	0.005274814696884876	0.8799735763102997
hsa-miR-548az-3p	0.005225685863800576	0.8810831461203327
hsa-miR-4688	0.00503215704963242	0.8854562218726652
hsa-miR-5681b	0.004905777627936222	0.8883138449789452
hsa-miR-4494	0.004606882867074799	0.8950779938024076
hsa-miR-584-5p	0.004579256356263803	0.8957035888602206
hsa-miR-6815-3p	0.004555220892892852	0.8962479182757601
hsa-miR-6865-5p	0.004541334749801772	0.8965624189986191
hsa-miR-9901	0.004512294788600219	0.8972201838048196
hsa-miR-6762-5p	0.004496333903079404	0.8975817332399679
hsa-miR-1301-5p	0.004489940833121586	0.8977265564028019
hsa-miR-6790-5p	0.004466899264486928	0.8982485486582116
hsa-miR-1236-3p	0.004367945975193908	0.9004907701146342
hsa-miR-4430	0.004334688733522757	0.9012445379246743
hsa-miR-423-3p	0.004151061100679977	0.9054079985997414
hsa-miR-6871-3p	0.004113437103050297	0.9062613863712874
hsa-miR-600	0.00408251505101952	0.9069628415003168
hsa-miR-6851-5p	0.004050633413002902	0.9076861403178849
hsa-miR-4473	0.0040406849041339085	0.9079118578386786
hsa-miR-5188	0.0039524222878726985	0.9099147340720226
hsa-miR-4664-5p	0.0038967098003298405	0.9111792701457876
hsa-miR-6832-5p	0.00385948447334035	0.9120243186250114
hsa-miR-542-5p	0.0038542657788496223	0.9121427956538982
hsa-miR-4279	0.00382761557249801	0.9127478503490511
hsa-miR-149-3p	0.0038173787636455944	0.9129802758460493
hsa-miR-933	0.003584083580395315	0.918279189864087
hsa-miR-7110-3p	0.003556259119236415	0.9189114230222725
hsa-miR-3667-5p	0.0035472978151062486	0.9191150545415713
hsa-miR-4670-5p	0.003515208812134777	0.919844269918603
hsa-miR-6862-3p	0.0033170743281818052	0.9243482986950536
hsa-miR-6877-5p	0.003266474280153295	0.9254989420698302
hsa-miR-3945	0.003261446767260962	0.9256132760786133
hsa-miR-3529-5p	0.003202521943588782	0.9269534383124104
hsa-miR-3179	0.003152338572723726	0.9280949517729828
hsa-miR-4469	0.002991618607156529	0.931751806890371
hsa-miR-12117	0.002968364354320852	0.9322810309393438
hsa-miR-3162-3p	0.002952544281970231	0.9326410838002461
hsa-miR-4727-3p	0.0029425632377623836	0.9328682518869825
hsa-miR-1225-3p	0.0027862892097562297	0.936425741234193
hsa-miR-34c-5p	0.0027236759637676465	0.9378514557290414
hsa-miR-6857-5p	0.002663023767839641	0.9392327064742796
hsa-miR-6859-5p	0.0026155820536855647	0.9403132383530404
hsa-miR-376b-3p	0.002590418663647464	0.9408864040479386
hsa-miR-6787-3p	0.0025484826748379515	0.9418416797588383
hsa-miR-4427	0.002448674761353807	0.9441155752680521
hsa-miR-4777-3p	0.0023885422339671994	0.9454857783080756
hsa-miR-187-3p	0.002370446875258918	0.9458981378513326
hsa-miR-29b-2-5p	0.0023317174080177265	0.9467807588045686
hsa-miR-7155-3p	0.002306470352000485	0.9473561589967857
hsa-miR-3195	0.002290005753899418	0.9477314148747448
hsa-miR-4477b	0.0022588641579949632	0.9484412157947226
hsa-miR-611	0.0021327067391124412	0.9513170955119779
hsa-miR-6132	0.002120891427098027	0.9515864699110415
hsa-miR-513c-5p	0.0021194684756918104	0.9516189118041031
hsa-miR-6509-5p	0.0020459530698087513	0.9532950984309794
hsa-miR-6755-5p	0.00202701307659519	0.953726973097589
hsa-miR-1304-5p	0.0019964079944694395	0.9544248667756927
hsa-miR-301b-5p	0.0018983792027355954	0.9566604686615897
hsa-miR-4520-2-3p	0.0018469207704642195	0.9578341445642978
hsa-miR-501-3p	0.0017988932531925708	0.9589296497351287
hsa-miR-6824-3p	0.0016531336774834853	0.9622548835698529
hsa-miR-6850-5p	0.0016522612162715707	0.9622747891820035
hsa-miR-4743-3p	0.0016316044846978938	0.9627460890402276
hsa-miR-596	0.0016290515626728324	0.9628043369043094
hsa-miR-6809-5p	0.0014814207036025061	0.966173032507115
hsa-miR-5684	0.001313229337276501	0.9700116164510734
hsa-miR-4270	0.001307676755890272	0.970138353758861
hsa-miR-10396b-5p	0.0013049519344975804	0.9702005479048685
hsa-miR-6805-5p	0.0013049185054248486	0.9702013109257765
hsa-miR-6768-5p	0.001290793715764395	0.9705237126587025
hsa-miR-4670-3p	0.0012347674073869626	0.9718025735187527
hsa-miR-5187-5p	0.0012280461677345908	0.9719559979827626
hsa-miR-6734-3p	0.0011804322078887346	0.9730429021554994
hsa-miR-4635	0.0011510259484274663	0.9737141964744764
hsa-miR-548n	0.0010529076093712306	0.9759542011713969
hsa-miR-6778-3p	0.0010402733693954983	0.9762426502371192
hsa-miR-770-5p	0.000984723802878431	0.9775109243120446
hsa-miR-6728-3p	0.0009684083359854496	0.9778834401003578
hsa-miR-6511a-5p	0.0007984725918068102	0.9817636950336058
hsa-miR-3184-5p	0.0007923400652819278	0.981903731658958
hsa-miR-675-3p	0.0006371959406594422	0.9854466309696152
hsa-miR-6788-3p	0.0006101705523226731	0.9860638188935499
hsa-miR-4763-3p	0.000494127534872753	0.988714022508463
hsa-miR-28-3p	0.00044909942905124685	0.989742414583797
hsa-miR-2467-3p	0.00040713649523278615	0.9907008168734832
hsa-miR-4757-5p	0.00030626891035219104	0.9930046098614386
hsa-miR-6732-5p	-3.5182428125636704e-05	0.9991963992809367
hsa-miR-2277-5p	-0.00018888884712130112	0.9956856161235443
hsa-miR-3144-5p	-0.00022394202976342358	0.9948849813471691
hsa-miR-4779	-0.00027018243394121824	0.9938288320157714
hsa-miR-6874-5p	-0.0003285226667104268	0.9924963333875925
hsa-miR-656-5p	-0.0003545772935426329	0.9919012487938131
hsa-miR-658	-0.0003878685416970538	0.9911408872139227
hsa-miR-455-5p	-0.0004527528811065645	0.9896589731274387
hsa-miR-139-3p	-0.00045424179676317554	0.9896249677071444
hsa-miR-6512-5p	-0.0005602823688744706	0.9872031537892879
hsa-miR-450a-2-3p	-0.0006322860498104845	0.985558759170265
hsa-miR-3124-5p	-0.0006428320706069109	0.9853179178492023
hsa-miR-6857-3p	-0.0007767818009446922	0.9822590080820582
hsa-miR-6499-5p	-0.0008089577286288569	0.9815242675825973
hsa-miR-1182	-0.0008089577286288569	0.9815242675825973
hsa-miR-3923	-0.0008089577286288569	0.9815242675825973
hsa-miR-640	-0.0008089577286288569	0.9815242675825973
hsa-miR-1282	-0.0008089577286288569	0.9815242675825973
hsa-miR-504-3p	-0.0008395905539526099	0.9808247785056577
hsa-let-7b-5p	-0.0008769921953032443	0.9799707460597117
hsa-miR-4318	-0.000902441383856966	0.9793896500378854
hsa-miR-6501-5p	-0.0009856509827103936	0.9774897550287985
hsa-miR-4638-5p	-0.0009998234938629609	0.9771661715576102
hsa-miR-381-5p	-0.001019144517965569	0.9767250444910907
hsa-miR-4714-5p	-0.0011489119034028055	0.9737624572076038
hsa-miR-639	-0.0012217095457387086	0.9721006438011738
hsa-miR-6785-5p	-0.0012291529830746782	0.9719307328473148
hsa-miR-631	-0.0012450755281417827	0.9715672740250416
hsa-miR-3190-5p	-0.0013312989040576446	0.9695991850179583
hsa-miR-4645-5p	-0.0013843769947073502	0.9683877438260805
hsa-miR-499b-5p	-0.0013845816063392813	0.9683830739599776
hsa-miR-155-5p	-0.0014157797112415867	0.9676710501076148
hsa-miR-3917	-0.001421631291163894	0.967537504315671
hsa-miR-194-3p	-0.0014449430018341352	0.9670054893900044
hsa-miR-4326	-0.001462574007054631	0.966603128044546
hsa-miR-921	-0.0016319634092585309	0.9627378997778013
hsa-miR-132-5p	-0.0016462287146611536	0.9624124241799322
hsa-miR-135b-3p	-0.0017649986806447789	0.9597028298952565
hsa-miR-4520-3p	-0.0018092358940409367	0.9586937280234208
hsa-miR-1179	-0.0018389773094018567	0.9580153290671285
hsa-miR-6830-5p	-0.0019021321316011635	0.9565748746249806
hsa-miR-1914-5p	-0.001909861239836425	0.9563985963944943
hsa-miR-4436b-3p	-0.0019295679497441853	0.9559491539436913
hsa-miR-146b-3p	-0.001954070290975215	0.9553903591060268
hsa-miR-29b-1-5p	-0.002018422587470183	0.9539228601503509
hsa-miR-4739	-0.002186043111968568	0.95010116218852
hsa-miR-4772-5p	-0.002238322305291196	0.9489094423850136
hsa-miR-3686	-0.002278201872685443	0.9480004523052501
hsa-miR-4767	-0.002499492694099015	0.9429577466865
hsa-miR-6736-3p	-0.002500805147208761	0.9429278455238026
hsa-miR-625-5p	-0.002553614939294641	0.9417247654579175
hsa-miR-548b-3p	-0.002636912354654131	0.9398274059996437
hsa-miR-4253	-0.002721039632660701	0.9379114898421539
hsa-miR-8058	-0.002721039632660701	0.9379114898421539
hsa-miR-4537	-0.002721039632660701	0.9379114898421539
hsa-miR-558	-0.002721039632660701	0.9379114898421539
hsa-miR-5004-5p	-0.002769831214481871	0.9368004731226786
hsa-miR-6877-3p	-0.0028188766043001335	0.9356838008052675
hsa-miR-4659a-5p	-0.002985782547876793	0.9318846220503255
hsa-miR-10397-5p	-0.0030333982167358863	0.9308010555891945
hsa-miR-4747-3p	-0.0032134871492056926	0.9267040343530436
hsa-miR-5192	-0.003283300901430134	0.9251162878890716
hsa-miR-6782-5p	-0.003288135516030062	0.9250063471165683
hsa-miR-4536-5p	-0.0032942459878024465	0.9248673949656929
hsa-miR-5009-3p	-0.003299259162617164	0.9247533970600995
hsa-miR-6787-5p	-0.003305894797765311	0.9246025073256231
hsa-let-7e-3p	-0.0033382799162385715	0.9238661311782783
hsa-miR-6875-5p	-0.0034150363939131627	0.9221210957240116
hsa-miR-16-2-3p	-0.0034823652199117944	0.9205907028425132
hsa-miR-6769a-3p	-0.0034967511403536933	0.9202637468822524
hsa-miR-6767-5p	-0.0035005254586428884	0.920177968301227
hsa-miR-3181	-0.0036383707701950437	0.9170458139481177
hsa-miR-12119	-0.0036770805846766228	0.9161664691953587
hsa-miR-302d-3p	-0.0036770805846766228	0.9161664691953587
hsa-miR-4715-3p	-0.003746879699395817	0.9145811492324497
hsa-miR-6090	-0.0038162325467361626	0.9130063010241387
hsa-miR-6514-5p	-0.0038832067973460027	0.9114857889467431
hsa-miR-944	-0.003907350878874551	0.910937726456398
hsa-miR-3934-3p	-0.0039202371669959345	0.910645229365157
hsa-miR-4731-5p	-0.00399725629454356	0.9088972779259611
hsa-miR-4726-3p	-0.004063354562282817	0.9073975263708184
hsa-miR-6511b-5p	-0.004157586250151922	0.9052600061806693
hsa-miR-7160-3p	-0.004338955089918415	0.901147836943937
hsa-miR-520d-3p	-0.004368533946657356	0.9004774446790414
hsa-miR-605-5p	-0.0043818583398657325	0.9001754760688491
hsa-miR-4738-5p	-0.004431271595492356	0.8990557575447188
hsa-miR-4795-3p	-0.004441090858902747	0.8988332740386975
hsa-miR-3151-3p	-0.004507918320737637	0.8973193183862374
hsa-miR-5002-3p	-0.004520956540678109	0.8970239848322753
hsa-miR-4663	-0.0046065102247802615	0.895086431756524
hsa-miR-21-3p	-0.004610583189342034	0.8949942059171195
hsa-miR-10226	-0.004645218217354593	0.8942100078675879
hsa-miR-4716-5p	-0.00470645906210237	0.8928236602939289
hsa-miR-610	-0.004822398387554153	0.8901999672268869
hsa-miR-548g-3p	-0.004835710652342816	0.8898987885160423
hsa-miR-4533	-0.00484602233502359	0.8896655063309226
hsa-miR-10b-5p	-0.004913409839220289	0.8881412280500967
hsa-miR-3909	-0.0049819236728794025	0.8865918958799731
hsa-miR-874-3p	-0.005021787445538206	0.8856906382758721
hsa-miR-490-5p	-0.005040606172023352	0.8852652274856391
hsa-miR-6869-3p	-0.005074371206853739	0.884502027514908
hsa-miR-661	-0.005074371206853739	0.884502027514908
hsa-miR-4677-5p	-0.005107369377456772	0.8837562645168888
hsa-miR-509-3p	-0.005376214535456662	0.8776842170932406
hsa-miR-9899	-0.00539407160914324	0.877281153412034
hsa-miR-3156-5p	-0.005482038224328474	0.8752960669608574
hsa-miR-6848-3p	-0.005544860472783613	0.8738788758902339
hsa-miR-6791-3p	-0.005558462967772451	0.8735720737018495
hsa-miR-766-5p	-0.005622593692269331	0.8721258714183716
hsa-miR-6503-3p	-0.005668156358196169	0.8710986534982584
hsa-miR-522-3p	-0.00577394670398983	0.8687144321561784
hsa-miR-675-5p	-0.005786356984027888	0.8684348164683012
hsa-miR-7158-5p	-0.005809787323789064	0.8679069529149229
hsa-miR-4446-5p	-0.006136863211207208	0.8605444812221814
hsa-miR-4773	-0.0061694751302630605	0.8598110395326383
hsa-miR-4479	-0.006443709717186093	0.853648342248737
hsa-miR-520e-5p	-0.006545203440724389	0.8513697766331811
hsa-miR-548au-3p	-0.006573763892724566	0.850728807997172
hsa-miR-760	-0.006644605029477952	0.8491393798346157
hsa-miR-5002-5p	-0.006648505367302413	0.8490518875649945
hsa-miR-3180-5p	-0.006691528091125836	0.8480869263974157
hsa-miR-219a-2-3p	-0.006719954535129753	0.8474494712937208
hsa-miR-11401	-0.006887326446703048	0.8436982358402619
hsa-miR-3913-3p	-0.006893357473345409	0.8435631305080066
hsa-miR-6761-3p	-0.006937501806238352	0.842574361946966
hsa-miR-10b-3p	-0.006957185569895316	0.8421335541514993
hsa-miR-6846-5p	-0.006960450025997657	0.8420604531008217
hsa-miR-6506-3p	-0.007056282833536798	0.8399150745510913
hsa-miR-520h	-0.007129928813036395	0.8382671908681123
hsa-miR-4420	-0.0072006760519066695	0.8366848350359186
hsa-miR-10522-5p	-0.007234031090952453	0.8359390336572612
hsa-miR-6887-5p	-0.007275774489622455	0.8350058803620498
hsa-miR-583	-0.007280619557659714	0.8348975862221372
hsa-miR-5692c	-0.007296351006278572	0.8345459875972937
hsa-miR-6892-5p	-0.007371471674774908	0.8328674934670961
hsa-miR-6753-5p	-0.007374655173684311	0.8327963781937717
hsa-miR-4708-5p	-0.0074873909598112505	0.8302788903778812
hsa-miR-1323	-0.007620650977894077	0.8273053217250641
hsa-miR-592	-0.00768104733018852	0.825958446130833
hsa-miR-513b-5p	-0.007729578825754379	0.8248765342273547
hsa-miR-518f-5p	-0.007733100750939767	0.824798032897326
hsa-miR-219a-5p	-0.0077448821724759144	0.8245354456959376
hsa-miR-6742-5p	-0.007760339996638355	0.824190947667253
hsa-miR-4496	-0.007772888680351977	0.8239113085331972
hsa-miR-125b-2-3p	-0.007807524731650216	0.8231395828779544
hsa-miR-4433a-5p	-0.007830811412800169	0.8226208283915913
hsa-miR-1277-3p	-0.007875409724743248	0.8216275335634576
hsa-miR-762	-0.007886164493568134	0.8213880457023351
hsa-miR-6890-5p	-0.007896906087055684	0.8211488678155006
hsa-miR-1307-3p	-0.008028985137909405	0.8182092904722769
hsa-miR-6726-3p	-0.008213568449467213	0.8141054471272067
hsa-miR-515-5p	-0.00843746121844029	0.8091344731777537
hsa-miR-3611	-0.008494366902565888	0.8078722418960763
hsa-miR-3646	-0.008554846702577173	0.8065312798520048
hsa-miR-6831-5p	-0.008791639262808154	0.8012865952335807
hsa-miR-191-3p	-0.008824607702950833	0.8005570845920306
hsa-miR-152-3p	-0.00887568518726813	0.7994272083119508
hsa-miR-6513-5p	-0.008876736987033043	0.7994039460242601
hsa-miR-10394-3p	-0.008876769621356143	0.799403224265187
hsa-miR-6739-3p	-0.008921153894465041	0.7984217552349107
hsa-miR-130a-5p	-0.008947316139136192	0.7978433785641469
hsa-miR-4508	-0.008965232832679733	0.7974473526625936
hsa-miR-3165	-0.008965914870983046	0.7974322780940857
hsa-miR-324-3p	-0.008969845794990114	0.7973453973714433
hsa-miR-6765-5p	-0.00905188606266316	0.7955327285420204
hsa-miR-1185-1-3p	-0.009220577814241454	0.7918089760442065
hsa-miR-330-3p	-0.009251333724637207	0.7911305688238459
hsa-miR-877-5p	-0.009346617864163126	0.7890298163638437
hsa-miR-6721-5p	-0.009370881829851928	0.7884951066797611
hsa-miR-876-3p	-0.009399862109164417	0.7878565930310695
hsa-miR-4307	-0.009413326296772155	0.7875599890768458
hsa-miR-4450	-0.009413326296772155	0.7875599890768458
hsa-miR-601	-0.009413326296772155	0.7875599890768458
hsa-miR-4776-5p	-0.009413326296772155	0.7875599890768458
hsa-miR-4743-5p	-0.009414199861039113	0.7875407463029004
hsa-miR-523-3p	-0.009434531538622126	0.787092919024234
hsa-miR-4322	-0.00949282424721011	0.7858093488413831
hsa-miR-3074-3p	-0.0094962163689649	0.7857346742262942
hsa-miR-425-5p	-0.009498759194882347	0.7856786974120482
hsa-miR-570-3p	-0.00952829166563256	0.7850286617882841
hsa-miR-1229-5p	-0.009776598864603426	0.7795691617287498
hsa-miR-6771-3p	-0.00986887182046524	0.7775431144162647
hsa-miR-3148	-0.009894344423022195	0.7769840749082066
hsa-miR-6516-3p	-0.00991470801552521	0.7765372441835082
hsa-miR-1228-5p	-0.009934720957917692	0.7760981795444053
hsa-miR-203b-3p	-0.010032713779559041	0.7739493449653878
hsa-miR-193b-5p	-0.010068048906376503	0.7731749219781977
hsa-miR-3529-3p	-0.010083331849602199	0.7728400428288076
hsa-miR-548c-3p	-0.010126155797346584	0.7719019115163647
hsa-miR-4317	-0.010200145010114242	0.7702818369775077
hsa-miR-365a-5p	-0.010325691532765139	0.7675351502886207
hsa-miR-105-5p	-0.010368802887325104	0.7665926368789734
hsa-miR-4793-3p	-0.010488997393015757	0.7639667322348546
hsa-miR-4761-5p	-0.010514389784327597	0.7634123268232029
hsa-miR-6507-5p	-0.010536037738826994	0.7629397712696416
hsa-miR-6824-5p	-0.010628150200600138	0.7609300260397354
hsa-miR-4766-5p	-0.010869728705159854	0.7556668487994358
hsa-miR-138-2-3p	-0.010952519193266338	0.7538657116704701
hsa-miR-6804-3p	-0.010958486521527155	0.7537359417723779
hsa-miR-548q	-0.011042146251036855	0.751917348387619
hsa-miR-4785	-0.01104681959619291	0.7518157997418937
hsa-miR-544a	-0.011068994604251035	0.7513340102217081
hsa-miR-3160-5p	-0.011149898943497097	0.7495770483589971
hsa-miR-141-3p	-0.011183056690966788	0.7488573509760987
hsa-miR-5739	-0.011188013300829708	0.7487497852328321
hsa-miR-520c-5p	-0.011306443400399286	0.7461811330753774
hsa-miR-518d-5p	-0.011306443400399286	0.7461811330753774
hsa-miR-526a-5p	-0.011306443400399286	0.7461811330753774
hsa-miR-6789-5p	-0.011309997289487237	0.7461040954537719
hsa-miR-6847-5p	-0.011328230142456342	0.7457089019167605
hsa-miR-6073	-0.011412909598823196	0.7438743679188046
hsa-miR-4489	-0.011602962879228358	0.7397622611232495
hsa-miR-4701-5p	-0.011699388987010607	0.7376787554537275
hsa-miR-181d-3p	-0.011769535194702398	0.7361642937567245
hsa-miR-6740-5p	-0.01185196150333321	0.7343860109443812
hsa-miR-3117-3p	-0.012027835360188546	0.7305964314276912
hsa-miR-6803-5p	-0.012053754795497624	0.7300384935752602
hsa-miR-5589-5p	-0.01205593107896995	0.7299916537108181
hsa-miR-122b-5p	-0.01228144915281992	0.7251433375714663
hsa-miR-6744-5p	-0.01228144915281992	0.7251433375714663
hsa-miR-320c	-0.012390697648636538	0.7227985857990623
hsa-miR-6843-3p	-0.012410569387905303	0.722372365898962
hsa-miR-6513-3p	-0.012424781714419332	0.7220675849042559
hsa-miR-3147	-0.012499486711934401	0.7204662735440059
hsa-miR-5680	-0.01258014865583433	0.7187386474522403
hsa-miR-489-3p	-0.0126025968973402	0.7182581032991229
hsa-miR-5590-3p	-0.012662924490062615	0.7169672364137739
hsa-miR-4658	-0.012683293201954174	0.7165315764236417
hsa-miR-328-5p	-0.0127036901502111	0.7160954047568534
hsa-miR-4491	-0.012706329089081253	0.7160389800097664
hsa-miR-6755-3p	-0.012753635016208983	0.7150277662303955
hsa-miR-186-3p	-0.012870341484734846	0.7125351806097114
hsa-miR-941	-0.012895012183936874	0.7120086615428163
hsa-miR-3162-5p	-0.012913738841363343	0.711609090959692
hsa-miR-6895-3p	-0.01293190507403494	0.7112215536899694
hsa-miR-526b-5p	-0.012941463193005376	0.711017681797806
hsa-miR-219b-5p	-0.012970942891373613	0.7103890184227004
hsa-miR-6715b-3p	-0.012975925574763241	0.7102827806271393
hsa-miR-92a-1-5p	-0.012981686180696108	0.710159963436408
hsa-miR-506-5p	-0.013016865269755247	0.7094101018709947
hsa-miR-12120	-0.013016865269755247	0.7094101018709947
hsa-miR-4497	-0.013196544180335699	0.7055845422921343
hsa-miR-6769a-5p	-0.013227384706485979	0.7049286570202161
hsa-miR-7155-5p	-0.01326387422228512	0.7041529174288371
hsa-miR-5685	-0.013308166833981722	0.7032117026186306
hsa-miR-4306	-0.01331134560833678	0.7031441713297372
hsa-miR-4659b-3p	-0.013311410355579395	0.7031427958349591
hsa-miR-6085	-0.01333707614890908	0.7025976264317116
hsa-miR-548ai	-0.01347024711711899	0.6997713866199006
hsa-miR-570-5p	-0.01347024711711899	0.6997713866199006
hsa-miR-663a	-0.013569406333702053	0.6976696562495158
hsa-miR-6086	-0.013688960139253206	0.6951387281588072
hsa-miR-3665	-0.013754590821230952	0.6937507791113966
hsa-miR-4709-3p	-0.013773508760665909	0.6933508950859649
hsa-miR-3615	-0.01378148958043102	0.6931822235021495
hsa-miR-6859-3p	-0.013833809431646896	0.6920768396231574
hsa-miR-6795-3p	-0.01395398897676008	0.6895402362789257
hsa-miR-6508-3p	-0.013986224436585409	0.688860439991833
hsa-miR-4478	-0.0139909606546294	0.6887605815472966
hsa-miR-1225-5p	-0.014043334326100297	0.6876566960732048
hsa-miR-3681-5p	-0.014143486477600348	0.6855476293357687
hsa-miR-7846-3p	-0.014144377490292634	0.6855288767740981
hsa-miR-3679-3p	-0.014151654452193558	0.685375730553143
hsa-miR-4531	-0.014263213028312939	0.6830295595421794
hsa-miR-6809-3p	-0.01431583250956107	0.6819239856352673
hsa-miR-1276	-0.014385989867348133	0.6804509879960082
hsa-miR-4656	-0.01445361465995026	0.6790323138955489
hsa-miR-4519	-0.014519522188890849	0.6776507567890202
hsa-miR-3912-5p	-0.014629552253165841	0.6753467121377391
hsa-miR-527	-0.014781863950400025	0.6721622925358337
hsa-miR-518a-5p	-0.014781863950400025	0.6721622925358337
hsa-miR-6773-3p	-0.015029931347733833	0.6669884516384426
hsa-miR-6515-3p	-0.015133098340563313	0.6648413672059997
hsa-miR-200a-5p	-0.015182187947329295	0.6638206886172541
hsa-miR-6726-5p	-0.01527423236298633	0.6619085654559592
hsa-miR-141-5p	-0.015340616106424163	0.6605308787973025
hsa-miR-602	-0.015396639926127692	0.6593690881545076
hsa-miR-4429	-0.01543831174414852	0.6585054527470965
hsa-miR-12116	-0.015540095794797258	0.6563979228224721
hsa-miR-4757-3p	-0.015641567474450835	0.6542995740072944
hsa-miR-4782-3p	-0.015727027125015555	0.6525344524160248
hsa-miR-3130-3p	-0.01574820752562525	0.6520972826753153
hsa-miR-6125	-0.015840431210855228	0.6501951507289068
hsa-miR-449a	-0.015871771884964005	0.6495492598286995
hsa-miR-30c-2-3p	-0.01597588582329938	0.6474054948226428
hsa-miR-19b-2-5p	-0.016004441996640258	0.6468180158917567
hsa-miR-3115	-0.01600680645401823	0.6467693823500986
hsa-miR-12130	-0.016033183666632516	0.6462269425730406
hsa-miR-1237-5p	-0.016123432475074344	0.6443724228319588
hsa-miR-500a-5p	-0.016197849985408564	0.6428448794653672
hsa-miR-6772-3p	-0.01656084922745606	0.6354154030204094
hsa-miR-6815-5p	-0.016575768088090134	0.6351108355540045
hsa-miR-6816-3p	-0.01659826122830337	0.6346517562167505
hsa-miR-508-5p	-0.01660035753090148	0.6346089783484214
hsa-miR-517a-3p	-0.016668704849098482	0.6332149275079039
hsa-miR-517b-3p	-0.016668704849098482	0.6332149275079039
hsa-miR-576-3p	-0.016690578189133345	0.6327690605663241
hsa-miR-30c-5p	-0.016740105325472508	0.6317599900029512
hsa-miR-4505	-0.01684893054840064	0.6295451805414208
hsa-miR-450b-3p	-0.016929138716152335	0.6279149095540968
hsa-miR-3192-5p	-0.016973446275856802	0.6270151121183621
hsa-miR-6768-3p	-0.01713329871267734	0.623773439444158
hsa-miR-8078	-0.017170364517000564	0.6230228106622534
hsa-miR-491-3p	-0.017238756288126728	0.621638818215507
hsa-miR-6786-5p	-0.017402596074384474	0.6183287519282061
hsa-miR-1915-5p	-0.01745195347042932	0.6173330904858374
hsa-miR-217-5p	-0.01757594817360682	0.6148349070669068
hsa-miR-329-5p	-0.01763400385981652	0.6136667584760038
hsa-miR-517c-3p	-0.01764089843576742	0.6135280964419638
hsa-miR-5582-5p	-0.01766029753113566	0.613138020604406
hsa-miR-1269b	-0.017723528418141326	0.6118673371967713
hsa-miR-1286	-0.01772418356607538	0.6118541774814229
hsa-miR-6870-3p	-0.0177421926747438	0.6114924841169842
hsa-miR-6872-3p	-0.017782983111899627	0.6106736022694208
hsa-miR-4455	-0.01794087105926657	0.607508536020868
hsa-miR-6818-3p	-0.018072614435407707	0.6048731772402525
hsa-miR-3620-5p	-0.018162364368406566	0.6030807796810022
hsa-miR-4768-3p	-0.018209422412455815	0.6021419368341958
hsa-miR-487b-5p	-0.01823444051372618	0.6016430750244613
hsa-miR-4802-3p	-0.018263526614462202	0.6010633312334629
hsa-miR-218-2-3p	-0.01829171104433384	0.6005017998847886
hsa-miR-6779-5p	-0.018308604523783103	0.6001653368349589
hsa-miR-6827-5p	-0.018393847591500572	0.598468872687115
hsa-miR-101-2-5p	-0.018642916086450547	0.5935245278776609
hsa-miR-9718	-0.018666094649514978	0.593065353126746
hsa-miR-5001-5p	-0.01867882177919259	0.5928132937314277
hsa-miR-708-5p	-0.018756130101387564	0.5912832652323535
hsa-miR-7973	-0.01879099813801766	0.5905937765032043
hsa-miR-4765	-0.018912822797410262	0.5881876916204555
hsa-miR-3189-5p	-0.01894372249569001	0.5875781301721088
hsa-miR-6853-3p	-0.01907684956086481	0.5849552614251512
hsa-miR-4470	-0.019126169970419174	0.5839849318781609
hsa-miR-6839-5p	-0.019170711991940353	0.5831092557047001
hsa-miR-519d-5p	-0.01918445785821523	0.5828391415977068
hsa-miR-1915-3p	-0.019202704234947337	0.5824806799289889
hsa-miR-3188	-0.019204281746431087	0.582449693538476
hsa-miR-3202	-0.01928521946432356	0.580860899952988
hsa-miR-628-5p	-0.019341328844637216	0.5797606723330254
hsa-miR-3927-5p	-0.019341443875399034	0.5797584177407933
hsa-miR-612	-0.019424459550557542	0.5781323896997508
hsa-miR-3120-3p	-0.019454358618146327	0.5775472815286854
hsa-miR-6892-3p	-0.01950729197228354	0.5765120881556646
hsa-miR-6864-5p	-0.019530517898998727	0.5760581452314633
hsa-miR-450a-1-3p	-0.019537801980326397	0.5759158150088884
hsa-miR-4999-5p	-0.01956618117898999	0.5753614464192163
hsa-miR-6733-5p	-0.019608780204565697	0.5745297758756351
hsa-miR-4493	-0.01968734921860785	0.5729973463012361
hsa-miR-5701	-0.01968769007930066	0.5729907022889528
hsa-miR-511-3p	-0.019774474068860556	0.5713003084304124
hsa-miR-6130	-0.019818780178286383	0.5704382204610104
hsa-miR-2681-5p	-0.019820283404046356	0.5704089822391462
hsa-miR-3622a-3p	-0.019820674460112667	0.5704013761904134
hsa-miR-4639-3p	-0.019875556428592726	0.5693343995354895
hsa-miR-218-5p	-0.019919550897645497	0.5684797773492456
hsa-miR-548ap-5p	-0.02006801700449039	0.5656002509371588
hsa-miR-320b	-0.02009866598314314	0.5650066806284884
hsa-miR-6807-3p	-0.02014805577976945	0.5640507916369305
hsa-miR-3915	-0.02019561937900713	0.563130982281046
hsa-miR-6510-5p	-0.02023920129150983	0.5622888073333868
hsa-miR-6743-5p	-0.020250389146731867	0.5620727117011607
hsa-miR-500b-5p	-0.020253767388038114	0.5620074681773357
hsa-miR-1252-5p	-0.02037102643910849	0.5597451265442447
hsa-miR-4787-3p	-0.02040919425300353	0.5590096867415772
hsa-miR-5089-3p	-0.020475672879427007	0.5577298570015392
hsa-miR-153-5p	-0.0205845076196819	0.555637675212491
hsa-miR-5689	-0.02068558292438451	0.5536980885461327
hsa-miR-1322	-0.020783687884201103	0.5518186723515818
hsa-miR-1972	-0.020894262789260713	0.5497041235510786
hsa-miR-650	-0.02090087961835099	0.5495777149630456
hsa-miR-5193	-0.020904583988657154	0.549506952535308
hsa-miR-206	-0.02096569788306911	0.5483401770387931
hsa-miR-758-5p	-0.021005888302799026	0.547573535111115
hsa-miR-10400-5p	-0.021053102553852485	0.5466735883280062
hsa-miR-4464	-0.02107806627431036	0.546198052672528
hsa-miR-1178-3p	-0.021128329950720195	0.5452411976407648
hsa-miR-6820-3p	-0.02113968301863029	0.5450251876137392
hsa-miR-4717-3p	-0.02121158234755436	0.543658175096439
hsa-miR-1304-3p	-0.021278125903893857	0.5423945104055777
hsa-miR-3677-5p	-0.021387994415981135	0.5403113073025352
hsa-miR-455-3p	-0.021410140282741772	0.5398918865507653
hsa-miR-4646-3p	-0.02142464957559341	0.5396171831541096
hsa-miR-3121-3p	-0.021489460740137405	0.5383909716271563
hsa-miR-652-5p	-0.021520272482685482	0.5378085106507827
hsa-miR-147b-3p	-0.02154412821389664	0.537357762182393
hsa-miR-7108-5p	-0.02157405967688782	0.5367924823056704
hsa-miR-3178	-0.021632383624727792	0.535691845590529
hsa-miR-3657	-0.021837550111732825	0.5318291676326926
hsa-miR-6856-5p	-0.021882877569484108	0.5309776895479156
hsa-miR-136-5p	-0.022061239400812987	0.5276338721462238
hsa-miR-6516-5p	-0.022098204543362258	0.5269422156833437
hsa-miR-8069	-0.022119087375130905	0.5265516803644985
hsa-miR-1266-3p	-0.022162481994685897	0.5257406183370669
hsa-miR-4536-3p	-0.022175431983850975	0.5254987016854883
hsa-miR-520e-3p	-0.022212705173937163	0.524802724612765
hsa-miR-301b-3p	-0.022272850523513806	0.5236806654854551
hsa-miR-4258	-0.022356649954833867	0.5221193710357482
hsa-miR-585-5p	-0.022356649954833867	0.5221193710357482
hsa-miR-4466	-0.022371612038037583	0.5218408591198312
hsa-miR-4506	-0.02239384748352865	0.5214270980302939
hsa-miR-3131	-0.022623942539083126	0.5171553650134797
hsa-miR-6825-5p	-0.02272153550137944	0.5153490225150826
hsa-miR-4665-3p	-0.022729286987299906	0.5152056910038365
hsa-miR-4730	-0.022735272784332693	0.515095022709914
hsa-miR-200c-5p	-0.022750000675190618	0.5148227788568902
hsa-miR-1321	-0.022896719068641942	0.5121147816210455
hsa-miR-4795-5p	-0.02294263169405016	0.5112688934396704
hsa-miR-7847-3p	-0.02295624432762133	0.5110182361269483
hsa-miR-4432	-0.023224618888652234	0.5060896161982608
hsa-miR-512-3p	-0.0232953034690939	0.5047956803924111
hsa-miR-552-5p	-0.02334201757645724	0.5039414988041316
hsa-miR-4510	-0.023369767228139337	0.5034344487245708
hsa-miR-320d	-0.023601297988287435	0.49921435251279217
hsa-miR-7114-5p	-0.023672223376014743	0.4979253633614978
hsa-miR-3139	-0.023689312233446527	0.49761505710781906
hsa-miR-4534	-0.023737777117117012	0.49673557183166706
hsa-miR-4639-5p	-0.023955927939723794	0.49278708153710754
hsa-miR-3138	-0.024168561881628105	0.48895466407905563
hsa-miR-4706	-0.0242116779410789	0.4881795190280315
hsa-miR-4667-5p	-0.024256211664639454	0.487379582095621
hsa-miR-4641	-0.024323518459947523	0.4861719257550661
hsa-miR-30b-3p	-0.02437241806222208	0.48529555571037575
hsa-miR-383-5p	-0.024374781314676706	0.4852532235550142
hsa-miR-5583-3p	-0.024487815355662926	0.48323081482747404
hsa-miR-7856-5p	-0.02464891522125812	0.48035632312357013
hsa-miR-6860	-0.024700309637891847	0.4794412577842366
hsa-miR-5572	-0.02470831898400614	0.4792987388482716
hsa-miR-1910-3p	-0.024802323390172843	0.47762774339516095
hsa-miR-548ay-3p	-0.02484372970601055	0.4768927268886433
hsa-miR-4999-3p	-0.024857796619682727	0.4766431614430645
hsa-miR-376a-5p	-0.024868924245182455	0.47644579340531973
hsa-miR-3605-5p	-0.024880795586741108	0.476235283534889
hsa-miR-4259	-0.024981072782229795	0.4744591386754933
hsa-miR-548ad-3p	-0.025094778205984186	0.4724495501642364
hsa-miR-4699-3p	-0.02519980527698735	0.47059750447025794
hsa-miR-1236-5p	-0.02522495082366616	0.47015468264286236
hsa-miR-3159	-0.025254759632814705	0.4696300368858609
hsa-miR-4437	-0.025314942121434248	0.46857178856240533
hsa-miR-936	-0.0253718560342687	0.46757222817363026
hsa-miR-3059-3p	-0.0253718560342687	0.46757222817363026
hsa-miR-6529-3p	-0.0253718560342687	0.46757222817363026
hsa-miR-6077	-0.0253718560342687	0.46757222817363026
hsa-miR-8065	-0.0253718560342687	0.46757222817363026
hsa-miR-182-5p	-0.025372697121854897	0.46755746527865616
hsa-miR-4677-3p	-0.02553714342440164	0.4646760382811714
hsa-miR-4701-3p	-0.025557978955534785	0.46431166338108676
hsa-miR-4503	-0.025582811848872893	0.46387758942330665
hsa-miR-3189-3p	-0.02575783826792108	0.46082456919189624
hsa-miR-323a-5p	-0.02602841109995795	0.4561270561474319
hsa-miR-6840-3p	-0.0263001901168174	0.451435784990115
hsa-miR-578	-0.02631584655761829	0.4511663663161582
hsa-miR-3182	-0.02632795295611353	0.45095809965249684
hsa-miR-6134	-0.026558536990489885	0.4470017415602058
hsa-miR-6846-3p	-0.026564536620911402	0.44689906372841065
hsa-miR-6719-3p	-0.02656558097382595	0.44688119201404974
hsa-miR-4735-5p	-0.026579788919334435	0.4466380958076883
hsa-miR-125a-3p	-0.026579897418993966	0.44663623968087424
hsa-miR-3064-3p	-0.026631635549282395	0.445751643810797
hsa-miR-188-3p	-0.026771391454638742	0.4433671456658356
hsa-miR-548av-5p	-0.026857108428046655	0.441908259837971
hsa-miR-603	-0.02688218435071982	0.4414819917541345
hsa-miR-4684-5p	-0.026964963686561247	0.4400764875856388
hsa-miR-548ao-3p	-0.02699946568493849	0.439491438120054
hsa-miR-8089	-0.027217860012595813	0.4357984865186863
hsa-miR-4471	-0.027350809628486402	0.4335591415891025
hsa-miR-3134	-0.02738675272430398	0.4329548743093169
hsa-miR-3925-5p	-0.027417909536466126	0.4324314667748519
hsa-miR-3942-3p	-0.027451442268689844	0.4318685546507692
hsa-miR-3960	-0.02749451934315504	0.43114604444325216
hsa-miR-549a-5p	-0.027618272235124378	0.42907429564619776
hsa-miR-545-3p	-0.02764615562297699	0.42860829818358986
hsa-miR-4440	-0.027863004083919393	0.4249942884088285
hsa-miR-377-3p	-0.02791975455216998	0.42405142350788694
hsa-miR-3976	-0.028019354055235868	0.42239961055165387
hsa-miR-5579-3p	-0.028019354055235868	0.42239961055165387
hsa-miR-6867-5p	-0.028092178196242774	0.42119424028369784
hsa-miR-6502-3p	-0.028124367955555625	0.42066208470170163
hsa-miR-542-3p	-0.028173795647271863	0.4198457221049423
hsa-miR-744-3p	-0.02817848865537764	0.41976825931467693
hsa-miR-5706	-0.028348537347125682	0.4169670963720483
hsa-miR-33b-3p	-0.028359697299582456	0.41678364724450295
hsa-miR-4678	-0.02840956317796237	0.4159645244687885
hsa-miR-4511	-0.02841215375468929	0.41592199625069026
hsa-miR-1255b-2-3p	-0.028414429286969606	0.4158846420756305
hsa-miR-7851-3p	-0.028466557551870417	0.4150294680961276
hsa-miR-5585-3p	-0.028561100919026514	0.41348111597835613
hsa-miR-4524a-3p	-0.028564333178217254	0.4134282411650678
hsa-miR-520g-3p	-0.02867933058081935	0.41154966120669095
hsa-miR-4433a-3p	-0.028729008520971946	0.4107396963342595
hsa-miR-4711-3p	-0.02875477017217119	0.41032004259172694
hsa-miR-4780	-0.028938403989896375	0.40733604791123135
hsa-miR-153-3p	-0.029245577817409503	0.4023735350763383
hsa-miR-580-5p	-0.029276361893165043	0.40187820920025236
hsa-miR-5580-3p	-0.029416644677412982	0.39962564071729095
hsa-miR-670-5p	-0.029416644677412982	0.39962564071729095
hsa-miR-320e	-0.02941680663735272	0.3996230444601038
hsa-miR-4490	-0.029466684728026663	0.3988239684208805
hsa-miR-548ak	-0.029689342538325253	0.39526858685276034
hsa-miR-4649-5p	-0.029698128411589555	0.3951286880462889
hsa-miR-4425	-0.030050519603956178	0.389542170812977
hsa-miR-3136-3p	-0.030093853384307513	0.38885851987244346
hsa-miR-6882-5p	-0.030227513448756297	0.38675444223966243
hsa-miR-6505-5p	-0.030261803224027186	0.38621577203133367
hsa-miR-4649-3p	-0.03029156151201128	0.3857486593242614
hsa-miR-4271	-0.030318330463531596	0.3853287643467123
hsa-miR-7853-5p	-0.030479982645378746	0.38279903522310416
hsa-miR-4682	-0.030635598180476037	0.3803733960676482
hsa-miR-4764-3p	-0.03064240649618409	0.38026748791306425
hsa-miR-6742-3p	-0.03072422588768475	0.37899614473885107
hsa-miR-4708-3p	-0.03080031962443676	0.3778161151674883
hsa-miR-892a	-0.031179925448698204	0.3719631657798295
hsa-miR-4782-5p	-0.03126721184253951	0.37062531823517025
hsa-miR-1277-5p	-0.031371901214696046	0.36902467236931313
hsa-miR-95-3p	-0.03140496933764391	0.3685199712508368
hsa-miR-4671-3p	-0.031475809804831896	0.36744021495956436
hsa-miR-4720-5p	-0.03155670900421209	0.3662095516014648
hsa-miR-4487	-0.03156827129394238	0.3660338723767703
hsa-miR-521	-0.03161077543977381	0.3653885090245169
hsa-miR-6863	-0.03162613547638574	0.3651554638553136
hsa-miR-3146	-0.031799875444008675	0.3625259054698591
hsa-miR-345-5p	-0.03186541456574125	0.361537051900697
hsa-miR-4516	-0.031877053045441514	0.36136162728352417
hsa-miR-3912-3p	-0.032023599970231485	0.3591573135791771
hsa-miR-519b-3p	-0.03206414269838015	0.3585489750968859
hsa-miR-6715b-5p	-0.03206414269838015	0.3585489750968859
hsa-miR-608	-0.03207956322904285	0.35831776188727466
hsa-miR-3135a	-0.03217411668102258	0.3569020886982241
hsa-miR-342-3p	-0.03250645427902798	0.35195422011157196
hsa-miR-3663-5p	-0.032687706791748115	0.3492740785262539
hsa-miR-4444	-0.0327021089914814	0.34906167250524506
hsa-miR-6788-5p	-0.03272601720362194	0.3487092510797706
hsa-miR-548l	-0.032794344510676546	0.3477033099237906
hsa-miR-302b-3p	-0.03282841161121555	0.34720244974633374
hsa-miR-520g-5p	-0.0328740971784632	0.34653149264374505
hsa-miR-890	-0.032945898290847216	0.345478658452196
hsa-miR-1266-5p	-0.032967381646697325	0.3451640396687235
hsa-miR-27a-5p	-0.03302129930164169	0.3443752315210864
hsa-miR-190b-5p	-0.033111962154760886	0.34305143701765073
hsa-miR-10524-5p	-0.033175334508997546	0.3421280489351326
hsa-miR-6758-5p	-0.03322524859350732	0.3414018772806523
hsa-miR-586	-0.03326309966565015	0.3408518605726505
hsa-miR-138-1-3p	-0.03327115022044584	0.3407349504639637
hsa-miR-8063	-0.03346143332055727	0.33797912698984334
hsa-miR-3922-5p	-0.033695842624349555	0.3346039377734143
hsa-miR-200b-5p	-0.033706554199132883	0.3344502248690892
hsa-miR-4482-3p	-0.03376046850901452	0.33367723542937394
hsa-miR-1287-3p	-0.03390064228047948	0.33167290056575577
hsa-miR-129-1-3p	-0.03397931885931288	0.33055132059327313
hsa-miR-181a-3p	-0.03408259133139881	0.3290828349544377
hsa-miR-1180-5p	-0.034167304978610126	0.32788140270964455
hsa-miR-548y	-0.03426985339836461	0.326430838690652
hsa-miR-1914-3p	-0.03430130446698064	0.32598679355179727
hsa-miR-4313	-0.03430167938155351	0.32598150264706277
hsa-miR-3928-3p	-0.03430246308037776	0.3259704430387108
hsa-miR-6779-3p	-0.034330372911750916	0.32557673644014656
hsa-miR-4266	-0.03449101588426672	0.32331665058578246
hsa-miR-595	-0.03449101588426672	0.32331665058578246
hsa-miR-744-5p	-0.03451777066549699	0.32294123156110655
hsa-miR-663b	-0.03453548199898057	0.3226928649608998
hsa-miR-4502	-0.03461854252202622	0.3215297640833544
hsa-miR-370-3p	-0.03467119304947946	0.3207939126805113
hsa-miR-223-5p	-0.03468331675726596	0.32062462569164213
hsa-miR-664a-5p	-0.0347484945910396	0.3197155269524196
hsa-miR-892b	-0.034756126749043506	0.3196091839962914
hsa-miR-3972	-0.03478422300161394	0.31921790286846013
hsa-miR-3622b-3p	-0.03498480676551054	0.3164335781367599
hsa-miR-6127	-0.03523225842323671	0.3130206594249491
hsa-miR-548ax	-0.03543398991215736	0.31025629287773876
hsa-miR-1207-5p	-0.035491979048239385	0.3094646423844479
hsa-miR-223-3p	-0.035617686695167274	0.3077530968644405
hsa-miR-4457	-0.03573599497091916	0.3061480186492473
hsa-miR-6515-5p	-0.03583470326082067	0.304813097594172
hsa-miR-580-3p	-0.0358913441107454	0.30404883622967016
hsa-miR-502-5p	-0.0360636227373658	0.3017320760182999
hsa-miR-4325	-0.03617588518165039	0.30022872697661623
hsa-miR-5093	-0.036329556176605035	0.2981789543729568
hsa-miR-122b-3p	-0.036329556176605035	0.2981789543729568
hsa-miR-655-5p	-0.03637276463984892	0.29760429381845704
hsa-miR-6124	-0.03659199600708869	0.2946999672222059
hsa-miR-2355-5p	-0.03668342079125155	0.2934944135724687
hsa-miR-653-5p	-0.03673596386927151	0.29280306192844624
hsa-miR-200b-3p	-0.036932473155475196	0.2902271103525629
hsa-miR-6890-3p	-0.037115892347412985	0.28783652746252564
hsa-miR-541-3p	-0.037364791327412286	0.28461377577426283
hsa-miR-10394-5p	-0.03737285461629989	0.28450978118393144
hsa-miR-3910	-0.037404273882630075	0.28410480259648524
hsa-miR-4421	-0.037408902758021445	0.2840451716485217
hsa-miR-509-5p	-0.037415951351263146	0.28395438521232363
hsa-miR-4714-3p	-0.03742797996750732	0.2837995009760509
hsa-miR-8075	-0.03751078752304416	0.28273479460038115
hsa-miR-30b-5p	-0.03754419803682013	0.28230598169575294
hsa-miR-6777-3p	-0.03774273907040373	0.2797668552973579
hsa-miR-140-3p	-0.037848264634450124	0.27842362178763447
hsa-miR-920	-0.03787393002216922	0.27809759081208535
hsa-miR-4465	-0.03787393002216922	0.27809759081208535
hsa-miR-188-5p	-0.03798364584429999	0.276706781004348
hsa-miR-1297	-0.03799539772616	0.2765580896610481
hsa-miR-6749-5p	-0.03805034167248217	0.27586362969230094
hsa-miR-548as-5p	-0.03816142897856672	0.2744631796457693
hsa-miR-5588-5p	-0.03820706931320885	0.27388921054615145
hsa-miR-3659	-0.03821171310404545	0.2738308565406445
hsa-miR-5090	-0.0382400173926407	0.2734753674529944
hsa-miR-3121-5p	-0.03828195279240078	0.27294925693995636
hsa-miR-6821-5p	-0.03830307952709087	0.27268446840223737
hsa-miR-338-5p	-0.03847615769629343	0.27052182643192646
hsa-miR-6808-3p	-0.03862578905657408	0.26866163994156594
hsa-miR-486-3p	-0.03874194796821685	0.2672236347142037
hsa-miR-551a	-0.03876880225158705	0.26689194165240154
hsa-miR-4517	-0.0388332467308856	0.2660971034460845
hsa-miR-3145-5p	-0.038891086116359594	0.2653851166261841
hsa-miR-6830-3p	-0.0389058597486666	0.2652034674963057
hsa-miR-519a-3p	-0.03891933647852619	0.265037839009349
hsa-miR-3064-5p	-0.03892856391620799	0.26492447519715445
hsa-miR-3140-3p	-0.03893633166733459	0.26482907024259494
hsa-miR-6867-3p	-0.03897801686810496	0.26431748864580484
hsa-miR-548an	-0.038995516323414525	0.26410292940919883
hsa-miR-4521	-0.03905195712050609	0.26341173093991205
hsa-miR-128-3p	-0.03907528019944041	0.2631264705446862
hsa-miR-5571-5p	-0.0391976790326528	0.2616329221087036
hsa-miR-4538	-0.039272433523552204	0.2607236268948592
hsa-miR-212-3p	-0.03929361500606147	0.2604663777652692
hsa-miR-28-5p	-0.039316742308572364	0.26018569690239585
hsa-miR-214-5p	-0.039368210499620145	0.2595618114173968
hsa-miR-3942-5p	-0.03937174026548847	0.2595190623351824
hsa-miR-2861	-0.0394392420843974	0.2587024824853973
hsa-miR-548at-5p	-0.03965368876596573	0.2561200880169906
hsa-miR-181a-5p	-0.03976015925946141	0.25484461883245463
hsa-miR-1284	-0.03976930956174922	0.2547352083988356
hsa-miR-4774-3p	-0.039778196842487595	0.254628974143918
hsa-miR-6868-3p	-0.039934615022409796	0.25276426078661807
hsa-miR-508-3p	-0.0399832838906087	0.2521860051274218
hsa-miR-1287-5p	-0.04000883789979555	0.2518827558470917
hsa-miR-361-5p	-0.04006540340484745	0.25121239634294057
hsa-miR-664b-5p	-0.04009304239610918	0.25088529813221194
hsa-miR-1252-3p	-0.04017044287401606	0.24997086877240327
hsa-miR-4483	-0.04021139862925404	0.2494879481468559
hsa-miR-1278	-0.04021418265279673	0.2494551445954922
hsa-miR-193b-3p	-0.04021648405394071	0.24942802995189337
hsa-miR-582-3p	-0.040245792499097204	0.24908290357690602
hsa-miR-3682-3p	-0.040293021715286405	0.24852744967687526
hsa-miR-765	-0.04034056691515292	0.2479691536399528
hsa-miR-3166	-0.04039178849195684	0.24736866896947504
hsa-miR-337-5p	-0.04056375004687455	0.2453601524846681
hsa-miR-320a-5p	-0.04062434661261621	0.24465511097597661
hsa-miR-548w	-0.04066079308970328	0.24423174017027774
hsa-miR-548as-3p	-0.04073941573941983	0.24332019040990904
hsa-miR-320a-3p	-0.041115721987288315	0.23899035574028885
hsa-miR-127-3p	-0.04115955815562034	0.2384895211174338
hsa-miR-548ah-5p	-0.041183302548378174	0.23821854690871241
hsa-miR-216a-5p	-0.041183302548378174	0.23821854690871241
hsa-miR-3160-3p	-0.0412112430861396	0.23789996367853236
hsa-miR-8060	-0.04122883580690473	0.2376995223379266
hsa-let-7f-1-3p	-0.041242400198181844	0.23754505877771373
hsa-miR-6874-3p	-0.04144382394428006	0.23525968518508028
hsa-miR-627-5p	-0.04145674587324157	0.23511360381742974
hsa-miR-3934-5p	-0.04171755375976365	0.2321788855287092
hsa-miR-4680-5p	-0.04209488503638964	0.22797908424934477
hsa-miR-1268b	-0.0421328682689751	0.22755933265545727
hsa-miR-6165	-0.042245618000366844	0.22631657787688447
hsa-miR-4672	-0.042255646795887274	0.22620627261997078
hsa-miR-9902	-0.04239751749964137	0.2246499585403414
hsa-miR-1271-3p	-0.042557713272747495	0.222901817631556
hsa-miR-4659b-5p	-0.04259705317867421	0.2224740100218159
hsa-miR-199b-5p	-0.04261082614467767	0.22232437263579694
hsa-miR-412-3p	-0.04261179331004687	0.22231386750137427
hsa-miR-15a-3p	-0.04261865914932448	0.22223930248599555
hsa-miR-548e-5p	-0.0426904595402928	0.2214606001203268
hsa-miR-6076	-0.042697486166728714	0.22138449867442125
hsa-miR-887-3p	-0.04291412695252726	0.21904735677721798
hsa-miR-4769-3p	-0.04303442620036119	0.21775721969915426
hsa-miR-548bb-5p	-0.04308700609861185	0.21719504774998702
hsa-miR-5584-5p	-0.04381978692308683	0.20946855989026752
hsa-miR-10523-5p	-0.0438208223752655	0.20945778444952642
hsa-miR-3680-5p	-0.04392571351481452	0.20836830934287381
hsa-miR-4530	-0.044251797990316095	0.20500756034690493
hsa-miR-4662a-5p	-0.04465275737965927	0.200929266996625
hsa-miR-6878-3p	-0.04470276748894115	0.20042477127530628
hsa-miR-4433b-5p	-0.04477896502444302	0.19965787549632005
hsa-miR-548i	-0.04504828850174976	0.19696439691002024
hsa-miR-4640-5p	-0.04516266942038119	0.19582855360157908
hsa-miR-298	-0.045190666730055624	0.19555126177496918
hsa-miR-5702	-0.04519166461007808	0.1955413838459606
hsa-miR-1202	-0.04542503261704289	0.19324130965627154
hsa-miR-510-5p	-0.04546447571640165	0.19285452644600826
hsa-miR-1289	-0.045467819844627146	0.19282175970091808
hsa-miR-6746-5p	-0.04550404371009103	0.192467089334159
hsa-miR-183-5p	-0.04560284873562956	0.1915021162696503
hsa-miR-98-5p	-0.045697981630489555	0.19057636850861875
hsa-miR-4742-5p	-0.04572897668235932	0.1902754640256324
hsa-miR-4492	-0.04583042386787447	0.18929304235078528
hsa-miR-181b-2-3p	-0.045895830793885935	0.1886616188969047
hsa-miR-3184-3p	-0.04593477201565766	0.18828642638370183
hsa-miR-520d-5p	-0.045983321749447255	0.18781942728051051
hsa-miR-590-5p	-0.04607938808319598	0.18689788243919783
hsa-miR-6805-3p	-0.04613379008567015	0.18637749577050666
hsa-miR-217-3p	-0.04615556436628694	0.18616951192120912
hsa-miR-6798-3p	-0.04617969589142615	0.1859392122047404
hsa-miR-4475	-0.04633121536692544	0.1844979850311016
hsa-miR-8086	-0.04633121536692544	0.1844979850311016
hsa-miR-4453	-0.04652383891995921	0.18267771995654955
hsa-miR-4657	-0.04652458181528624	0.18267072552069177
hsa-miR-550b-3p	-0.046526878022032106	0.18264910775108376
hsa-miR-548v	-0.04656408281682477	0.18229910488337145
hsa-miR-181b-3p	-0.04671615737556785	0.1808736298995484
hsa-miR-10399-3p	-0.04678769944840107	0.18020589278382107
hsa-miR-548ag	-0.046845235322414344	0.1796702100027201
hsa-miR-3168	-0.046887157081807976	0.1792806457287262
hsa-miR-147b-5p	-0.04690430929187531	0.17912143707117023
hsa-miR-3065-3p	-0.04694835187427848	0.17871310983435895
hsa-miR-4712-3p	-0.04699726711201622	0.17826041783878216
hsa-miR-1293	-0.04706023946649059	0.17767888743376167
hsa-miR-192-5p	-0.04722946351115547	0.1761231421539241
hsa-miR-26b-3p	-0.047335874936816506	0.17515006401150265
hsa-miR-11400	-0.04734654968918193	0.175052670293681
hsa-miR-4752	-0.047478924600068306	0.17384826542045737
hsa-miR-888-5p	-0.04749230508120635	0.1737268686576241
hsa-miR-6773-5p	-0.047599457536205814	0.17275698858236108
hsa-miR-1185-5p	-0.047664703897925854	0.17216840043127088
hsa-miR-4756-3p	-0.04772850598910257	0.17159429050338784
hsa-miR-1468-3p	-0.04772850598910257	0.17159429050338784
hsa-miR-324-5p	-0.04799046185089298	0.1692521217391724
hsa-miR-3940-5p	-0.048003430215401405	0.16913679540714754
hsa-miR-3678-5p	-0.04805290885114208	0.16869732744519034
hsa-miR-6756-5p	-0.04812187829848662	0.16808617039364684
hsa-miR-607	-0.04885893318946981	0.16165820469055506
hsa-miR-133a-3p	-0.048900448046270154	0.16130173634423237
hsa-miR-204-3p	-0.04902634310047201	0.16022435846090394
hsa-miR-4713-5p	-0.049033639889974334	0.1601620812711397
hsa-miR-891a-5p	-0.04914268847316819	0.15923354027012948
hsa-miR-6819-5p	-0.04929266911205617	0.15796311422464032
hsa-miR-432-3p	-0.04958424593981765	0.15551523616772053
hsa-miR-643	-0.04966716347279959	0.1548243937348747
hsa-miR-23a-3p	-0.049672291732667996	0.15478174322947608
hsa-miR-3920	-0.04979147916217865	0.15379299748441072
hsa-miR-4684-3p	-0.04993475433990854	0.1526107786243573
hsa-miR-99b-3p	-0.04995363293624988	0.15245552013177385
hsa-miR-145-3p	-0.05006177546856921	0.15156846220831563
hsa-miR-556-3p	-0.05008443541560269	0.15138308830058875
hsa-miR-5000-5p	-0.05019415979189971	0.1504879053429304
hsa-miR-499a-5p	-0.05023678611909869	0.15014122825855183
hsa-miR-27b-5p	-0.050287854217269515	0.14972669565270424
hsa-miR-379-5p	-0.05035220173999436	0.14920561224873163
hsa-miR-146a-3p	-0.05045735498907622	0.14835706103463586
hsa-miR-3194-5p	-0.05069410011063656	0.14646007989169815
hsa-miR-4289	-0.05101834636369443	0.14389210335330646
hsa-miR-4707-3p	-0.05106956718770115	0.14348961427792004
hsa-miR-4659a-3p	-0.051441573440912665	0.14059223896667192
hsa-miR-3141	-0.05156618098457468	0.13963183826729092
hsa-miR-548bb-3p	-0.051582940488855	0.1395030514493505
hsa-miR-4662b	-0.05182365270940746	0.13766337503184303
hsa-miR-4804-5p	-0.051894240959829654	0.1371274502467227
hsa-miR-363-5p	-0.052208503860188424	0.1347609585790902
hsa-miR-4504	-0.05229353744749316	0.13412607839512403
hsa-miR-4637	-0.05255530566320826	0.13218614686954006
hsa-miR-513a-5p	-0.05259266211958394	0.13191108094314993
hsa-miR-653-3p	-0.05272933558426278	0.13090848807994945
hsa-miR-19a-5p	-0.05296418536888484	0.12919949539727224
hsa-miR-6808-5p	-0.05298428319906415	0.1290540515469725
hsa-miR-5100	-0.05316239203692226	0.12777065694247458
hsa-miR-1185-2-3p	-0.05319012688018379	0.12757170327870443
hsa-miR-9-3p	-0.05334797871770044	0.12644394281112062
hsa-miR-4758-5p	-0.05344921068207237	0.12572478670566076
hsa-miR-6852-5p	-0.05346911110660909	0.12558378811546528
hsa-miR-7844-5p	-0.053668508363632315	0.12417779926727547
hsa-miR-3144-3p	-0.053672211847957986	0.12415180171556602
hsa-miR-151a-5p	-0.0537535102072669	0.1235821743519945
hsa-miR-3155b	-0.05375605609586561	0.12356436919724767
hsa-miR-4796-5p	-0.053930626611572226	0.12234823805303163
hsa-miR-532-5p	-0.05410893517216517	0.12111572531234643
hsa-miR-16-1-3p	-0.054162665028895475	0.12074623854072862
hsa-miR-433-5p	-0.054287479603718256	0.11989131863331033
hsa-miR-34b-5p	-0.05433401808683462	0.11957376619621041
hsa-miR-4442	-0.05439849543904485	0.1191348963219929
hsa-miR-652-3p	-0.0545561008301308	0.11806744792590293
hsa-miR-410-5p	-0.054644137874916655	0.1174744486678954
hsa-miR-452-3p	-0.05470434508966892	0.11707025070200103
hsa-miR-548ab	-0.05504309413459118	0.11481636008861487
hsa-miR-5697	-0.055059274810187735	0.11470955958141388
hsa-miR-485-5p	-0.055111616142133765	0.11436461510410965
hsa-miR-512-5p	-0.05512980150399105	0.11424495925879684
hsa-miR-221-3p	-0.05547145515462413	0.11201518473307007
hsa-miR-6871-5p	-0.055481542151304075	0.1119498772542019
hsa-miR-7162-3p	-0.05552391682861701	0.11167585312805343
hsa-miR-539-5p	-0.05563395039488676	0.11096676603321713
hsa-miR-1307-5p	-0.05570680870489954	0.11049920245146608
hsa-miR-10392-5p	-0.05579532502126465	0.10993324590458167
hsa-miR-24-1-5p	-0.05582416280615933	0.10974935717563149
hsa-miR-340-3p	-0.05603075792917468	0.10843905773019874
hsa-miR-10393-5p	-0.056096118332321504	0.1080271016914357
hsa-miR-302a-3p	-0.0561857913338588	0.10746392052277164
hsa-miR-6879-5p	-0.05626090872925982	0.10699394292099386
hsa-miR-6770-5p	-0.056395398502064556	0.10615655962581068
hsa-miR-1973	-0.05670650863790643	0.10423934997983
hsa-miR-3684	-0.0567065119427736	0.10423932976045874
hsa-miR-6818-5p	-0.05703518000374853	0.1022438483271725
hsa-miR-1343-5p	-0.057174661970346825	0.10140621919164769
hsa-miR-3200-3p	-0.05724108256496231	0.10100926643221131
hsa-miR-1911-5p	-0.057281717262898	0.10076702909113727
hsa-miR-224-3p	-0.05730846677563418	0.10060781845606656
hsa-miR-130b-3p	-0.05738692563566524	0.10014199260253771
hsa-miR-4443	-0.057506614182355455	0.09943468625968932
hsa-miR-4291	-0.05750954034434238	0.09941744388906766
hsa-miR-3125	-0.057559596642740476	0.09912285641886605
hsa-miR-548ah-3p	-0.0575794790024546	0.09900603941299874
hsa-miR-4485-5p	-0.05782093547112747	0.097596120599796
hsa-miR-4445-5p	-0.05788984054800811	0.09719671951175833
hsa-miR-5586-5p	-0.05790806595777727	0.09709129624917179
hsa-miR-150-3p	-0.05808787984303484	0.09605606377386469
hsa-miR-503-5p	-0.05820028703938032	0.09541339999615592
hsa-miR-3199	-0.058302175568046406	0.09483384835284732
hsa-miR-6133	-0.058391479941553914	0.09432819501786927
hsa-miR-147a	-0.05846689370732182	0.09390287430035694
hsa-miR-211-5p	-0.05847253315545464	0.09387113056913698
hsa-let-7i-5p	-0.05847544429943986	0.09385474747450998
hsa-miR-9985	-0.0585019096117981	0.09370591315324772
hsa-miR-6853-5p	-0.05853912290805184	0.09349695457373754
hsa-miR-103b	-0.058614015846817476	0.09307754999860061
hsa-miR-134-5p	-0.05867002182973978	0.09276489943173125
hsa-miR-214-3p	-0.05869688563874923	0.09261523250760761
hsa-miR-544b	-0.0588772469182823	0.09161538685108854
hsa-miR-3155a	-0.05897671454362998	0.09106769644354365
hsa-miR-139-5p	-0.059227821693220266	0.08969673206539697
hsa-miR-10a-5p	-0.05923847363897679	0.08963894460456034
hsa-miR-429	-0.059249147967969394	0.08958106573265917
hsa-miR-556-5p	-0.05931428457053104	0.08922852943030067
hsa-miR-4514	-0.059568705471761296	0.08786221127036882
hsa-miR-548av-3p	-0.06021253923218496	0.08447978022847356
hsa-miR-4680-3p	-0.06026066200228782	0.08423124679075523
hsa-miR-6507-3p	-0.060261752063186305	0.08422562394309559
hsa-let-7a-5p	-0.060287549854519076	0.08409263999802542
hsa-miR-135a-5p	-0.06031931255001433	0.08392914088977532
hsa-miR-331-5p	-0.06051435203424778	0.08293079483115379
hsa-miR-449b-5p	-0.06055617799652899	0.0827179565936617
hsa-miR-376c-5p	-0.0606445117128202	0.08226990820097439
hsa-miR-6795-5p	-0.060874216454612336	0.08111398458020734
hsa-miR-6826-3p	-0.06099124939000884	0.08053013000930014
hsa-miR-3133	-0.061300960557508596	0.07900146677278465
hsa-miR-1261	-0.06130176583619008	0.07899752302928027
hsa-miR-135b-5p	-0.061793634662446466	0.07661836341814769
hsa-miR-202-3p	-0.06180953707881064	0.07654242772686068
hsa-miR-133b	-0.06185726654753785	0.07631488230082374
hsa-miR-4482-5p	-0.06186269960254895	0.07628901570507769
hsa-miR-6889-5p	-0.061979872641134054	0.07573289347021675
hsa-miR-29b-3p	-0.06236115743696387	0.07394607033392994
hsa-miR-548x-3p	-0.06241721339825794	0.07368629831809205
hsa-miR-181d-5p	-0.06284526564243398	0.07172710677643789
hsa-miR-767-5p	-0.06297944358789409	0.07112181858303576
hsa-miR-31-3p	-0.06317614451786886	0.07024204477718388
hsa-miR-548aj-3p	-0.06338357657413603	0.06932395067653688
hsa-miR-4681	-0.06338813911392731	0.06930386797772846
hsa-miR-6500-3p	-0.06346205829135931	0.06897916576092272
hsa-miR-12115	-0.06358513665480872	0.0684412923249774
hsa-miR-548at-3p	-0.06366326088069106	0.06810166508169262
hsa-miR-550a-3p	-0.0637138465161384	0.06788249431325014
hsa-miR-10399-5p	-0.06375067822965785	0.06772327930659344
hsa-miR-340-5p	-0.06392817239213607	0.06696030668464174
hsa-miR-98-3p	-0.06425909048151801	0.06555669247770814
hsa-miR-20b-3p	-0.06441689197514823	0.06489594157598705
hsa-miR-6866-5p	-0.06449285093619365	0.06457984485831891
hsa-miR-548ac	-0.06450113325159704	0.0645454555278992
hsa-miR-26a-1-3p	-0.06455634396399199	0.0643165982156661
hsa-miR-215-3p	-0.06470834476271387	0.06368998274524156
hsa-miR-552-3p	-0.06483970860919218	0.06315250499303163
hsa-miR-6129	-0.06552183809893976	0.06042139563473628
hsa-miR-548e-3p	-0.06564246076795907	0.059948765059147424
hsa-miR-548au-5p	-0.06582338161410713	0.05924561146851666
hsa-miR-4729	-0.0659871306032484	0.0586151001899151
hsa-miR-525-3p	-0.06607055864165122	0.058296007719385055
hsa-miR-376a-2-5p	-0.06608896818944057	0.05822578990687924
hsa-miR-33b-5p	-0.06611159863505883	0.05813956884014559
hsa-miR-148b-3p	-0.06613405285690634	0.05805412386375584
hsa-miR-3196	-0.06636437365631921	0.057183683710041996
hsa-miR-7849-3p	-0.06653659428430364	0.05653992234632679
hsa-miR-605-3p	-0.06663087275153326	0.05619006684046363
hsa-miR-203a-3p	-0.06664263698856084	0.05614653777313522
hsa-let-7c-5p	-0.06689953452066916	0.05520295350038584
hsa-miR-496	-0.06704554103862778	0.05467257736328116
hsa-miR-664a-3p	-0.06708161149204897	0.05454220507705287
hsa-miR-154-3p	-0.06710244139384262	0.05446703589101819
hsa-miR-4463	-0.06745869752746611	0.05319470667747912
hsa-miR-5196-3p	-0.06747207001061718	0.05314743505570715
hsa-miR-659-3p	-0.06754021276740045	0.05290709469471841
hsa-miR-134-3p	-0.06775154400822925	0.0521674854084304
hsa-miR-26a-2-3p	-0.06793117460374197	0.05154562585629467
hsa-miR-200c-3p	-0.06808928988189246	0.051003385783511004
hsa-miR-4524b-5p	-0.06823361754773606	0.05051259945068086
hsa-miR-4640-3p	-0.06829663907485468	0.05029953695812318
hsa-miR-376b-5p	-0.06865115167199969	0.04911496770345193
hsa-miR-10a-3p	-0.06865669732686543	0.04909662469644206
hsa-miR-192-3p	-0.06880940240665862	0.04859378207918029
hsa-miR-5588-3p	-0.0688996505076663	0.04829863865408216
hsa-miR-425-3p	-0.06892032530513864	0.048231236724922896
hsa-miR-582-5p	-0.0689800113747542	0.04803709648622813
hsa-miR-299-3p	-0.06899817563366664	0.047978144039711804
hsa-let-7g-5p	-0.06902777383708024	0.04788221251950644
hsa-miR-6826-5p	-0.06908029928835392	0.047712367031856766
hsa-miR-548az-5p	-0.06920310799785942	0.04731722646607942
hsa-miR-4799-5p	-0.06927788751308389	0.04707796948997771
hsa-miR-30d-3p	-0.06935410889353696	0.04683514546185886
hsa-miR-431-3p	-0.06948657035987159	0.04641565587957111
hsa-miR-211-3p	-0.06954898053988705	0.04621910718190023
hsa-miR-3145-3p	-0.06958834958378585	0.04609548222869473
hsa-miR-3613-5p	-0.06970695542254238	0.045724720289395324
hsa-miR-3688-5p	-0.06983462242607101	0.045328439013064936
hsa-miR-454-5p	-0.07001832917010417	0.0447632826390287
hsa-miR-9903	-0.07018577905089966	0.04425331866857757
hsa-miR-548ae-3p	-0.07018886358801034	0.04424397089683921
hsa-miR-335-5p	-0.07033155185150612	0.04381336502055652
hsa-miR-424-3p	-0.07050997156303897	0.04327990351902931
hsa-miR-4705	-0.07072453356104165	0.04264564455759888
hsa-miR-10396a-3p	-0.07075261169782618	0.04256322722564708
hsa-miR-4674	-0.07092962167365392	0.042046742326578866
hsa-miR-451a	-0.07108340491066209	0.04160233608361484
hsa-miR-548b-5p	-0.07114258441270273	0.04143237877572616
hsa-miR-3688-3p	-0.07127361668442998	0.041058155378094395
hsa-miR-3200-5p	-0.07131728318011749	0.04093408217740875
hsa-miR-939-3p	-0.07135288785334552	0.04083315053957999
hsa-miR-24-2-5p	-0.07145296172133284	0.04055058928440205
hsa-miR-5191	-0.07148294281638688	0.04046625963863587
hsa-miR-548u	-0.07205655203196103	0.03888119657311784
hsa-miR-19b-3p	-0.07207508377548996	0.03883087811732301
hsa-let-7g-3p	-0.07211613440743188	0.03871961170310939
hsa-miR-24-3p	-0.0721633998571934	0.038591835251850795
hsa-miR-5690	-0.07239646287681427	0.03796699572124766
hsa-let-7f-5p	-0.07271889990871526	0.0371167211781323
hsa-miR-338-3p	-0.07287461632128704	0.03671192232251202
hsa-miR-95-5p	-0.07301268789880555	0.03635613872416981
hsa-let-7e-5p	-0.07338161082198941	0.035419854995253276
hsa-miR-495-5p	-0.07346171943053074	0.03521928510841674
hsa-miR-651-5p	-0.07361883981076214	0.03482870795349089
hsa-miR-146a-5p	-0.07424362979536715	0.03331190081415635
hsa-miR-548f-5p	-0.07446636890405677	0.0327849723242673
hsa-miR-17-3p	-0.07452399999733955	0.032649801636101566
hsa-miR-6801-3p	-0.07455305044013749	0.03258184614514125
hsa-miR-548aq-5p	-0.07460146841759215	0.03246885436856499
hsa-miR-4480	-0.07462075303346566	0.03242394375283329
hsa-miR-624-3p	-0.07495282813681672	0.031658889865302645
hsa-miR-548h-5p	-0.07527808465159869	0.030924577493872084
hsa-miR-3163	-0.07535601270678492	0.030750827043738632
hsa-miR-362-3p	-0.0754358824571036	0.030573616233940292
hsa-miR-1260a	-0.07563678762586414	0.03013172480910024
hsa-miR-4446-3p	-0.07579013402272594	0.029798136288661115
hsa-miR-299-5p	-0.07583350032638225	0.029704374431497416
hsa-miR-15b-3p	-0.07609403266049392	0.02914639407207294
hsa-miR-4762-5p	-0.07654571559910996	0.028200353120909342
hsa-miR-3677-3p	-0.07657372361136461	0.02814257070398275
hsa-miR-7705	-0.07665380615409757	0.027977916634627443
hsa-miR-548am-5p	-0.07668793488738429	0.027907998399045206
hsa-miR-3065-5p	-0.07675084895701441	0.027779502761261454
hsa-miR-493-3p	-0.07680891910638034	0.027661352579738216
hsa-miR-99a-5p	-0.07684222921958084	0.027593774879979233
hsa-miR-152-5p	-0.07706711942366262	0.02714123872845473
hsa-miR-411-5p	-0.07708211133798301	0.027111299830560806
hsa-miR-3617-3p	-0.07708385649271099	0.027107816600800236
hsa-miR-12125	-0.07717045456988152	0.026935455328887827
hsa-miR-656-3p	-0.07720459735415666	0.02686775896800635
hsa-miR-4438	-0.0775516417955906	0.02618793846627566
hsa-miR-1247-5p	-0.07765344560836697	0.025991353013568495
hsa-miR-130a-3p	-0.07785501751849415	0.025605867710138043
hsa-miR-7-5p	-0.0781361057300956	0.02507656325722569
hsa-miR-548ar-3p	-0.0782092442284014	0.024940399546008102
hsa-miR-29a-3p	-0.0782652254620246	0.02483661014658584
hsa-miR-381-3p	-0.0783113254828156	0.024751421098829426
hsa-miR-143-3p	-0.07831643258462698	0.024741999156699626
hsa-miR-3116	-0.07839711847074372	0.024593555122281726
hsa-miR-548aa	-0.07843320469355235	0.024527414181148725
hsa-miR-5000-3p	-0.07844581487356755	0.024504337806314537
hsa-miR-1260b	-0.07863072980358701	0.0241680977655193
hsa-miR-4298	-0.07874763256153243	0.023957593831174018
hsa-miR-7109-5p	-0.07877577281345212	0.023907160022274165
hsa-miR-548t-3p	-0.07899616975269691	0.02351532730378758
hsa-miR-548o-5p	-0.07905565106589298	0.023410536515119658
hsa-miR-548c-5p	-0.07905565106589298	0.023410536515119658
hsa-miR-150-5p	-0.07928597571227926	0.023008571148940022
hsa-miR-195-5p	-0.07931398577790913	0.022960098107703185
hsa-miR-154-5p	-0.08062126890786142	0.020794112207899132
hsa-miR-136-3p	-0.08070701382235758	0.02065847329502147
hsa-miR-9-5p	-0.08078693040870569	0.020532748078667493
hsa-miR-758-3p	-0.08135800070632139	0.0196535665457936
hsa-miR-3617-5p	-0.08146348695637146	0.019494808341437575
hsa-miR-548j-5p	-0.08159248394607917	0.019302187017650293
hsa-let-7a-3p	-0.08189171604536218	0.018861747136502672
hsa-miR-25-3p	-0.08193299503596632	0.018801682470037006
hsa-miR-30a-3p	-0.08255631701140129	0.01791478469367237
hsa-miR-628-3p	-0.08304783027161	0.017241446909604472
hsa-miR-6724-5p	-0.08305471777208405	0.01723217112948573
hsa-miR-548p	-0.08318915923442857	0.01705198431705394
hsa-miR-142-5p	-0.08325554321386225	0.016963622522027596
hsa-let-7i-3p	-0.08337589660711012	0.016804445997856007
hsa-miR-4796-3p	-0.08340700678831409	0.016763513896431395
hsa-miR-548g-5p	-0.08354382201631337	0.016584539423202368
hsa-miR-548ar-5p	-0.08360996982997367	0.01649861062626417
hsa-miR-576-5p	-0.084109481400804	0.015862232566575624
hsa-miR-23b-3p	-0.08411081019322596	0.01586056883051854
hsa-miR-125a-5p	-0.08416916902788797	0.015787650640110854
hsa-miR-221-5p	-0.08431197936205169	0.015610452039708804
hsa-miR-4775	-0.08449838816151609	0.01538178595298333
hsa-miR-382-5p	-0.08466400750808353	0.015181096480990646
hsa-miR-181c-3p	-0.0850469765959942	0.014725824370988096
hsa-miR-301a-3p	-0.08513793227810543	0.014619478226793365
hsa-miR-548al	-0.08532264077149347	0.014405593247447659
hsa-miR-148a-3p	-0.08549787502432471	0.01420523039869601
hsa-miR-7-1-3p	-0.08567259502302682	0.014007903159101548
hsa-miR-548bc	-0.08578801963287021	0.01387887207422716
hsa-miR-5582-3p	-0.08599341345721868	0.013651854624165419
hsa-miR-301a-5p	-0.0866971526854761	0.012898659411013959
hsa-miR-202-5p	-0.08680616610711252	0.012785328126773502
hsa-miR-409-5p	-0.0869126004207132	0.012675527641050767
hsa-miR-3680-3p	-0.08715486698329687	0.012428700216405807
hsa-miR-148b-5p	-0.08724493485865799	0.012338025969472375
hsa-let-7f-2-3p	-0.08752638132670153	0.012058443012516637
hsa-miR-7704	-0.08759007489748652	0.011995954430546138
hsa-miR-514b-3p	-0.0880838496473039	0.011521164117925923
hsa-miR-6503-5p	-0.08823864761472408	0.011375784415175616
hsa-miR-548aj-5p	-0.08829764599738853	0.011320804928925758
hsa-miR-181c-5p	-0.08867843393722337	0.010971586622051013
hsa-miR-4787-5p	-0.08876688764020862	0.010891846841463436
hsa-miR-624-5p	-0.08893509466809706	0.010741627828365224
hsa-miR-548d-3p	-0.08904220512224847	0.01064693260097323
hsa-miR-3128	-0.08904862598039817	0.01064127960214579
hsa-miR-548x-5p	-0.08907176888297744	0.010620926420619582
hsa-miR-376a-3p	-0.08938897318244574	0.010345421466922682
hsa-miR-363-3p	-0.08961518695812497	0.010152842091380301
hsa-miR-194-5p	-0.08970419444401545	0.010077946319776206
hsa-miR-421	-0.0897207233253618	0.01006409220778116
hsa-let-7d-3p	-0.08996571807776188	0.0098607195053756
hsa-miR-579-3p	-0.09041258551929479	0.009499165006516746
hsa-miR-550b-2-5p	-0.09053266359797373	0.009404045082812356
hsa-miR-107	-0.09058219133602799	0.009365059340437808
hsa-miR-548o-3p	-0.09069326482822702	0.009278150746667923
hsa-miR-590-3p	-0.09075149639374552	0.009232875548713408
hsa-miR-32-5p	-0.09136735426730955	0.008765956618301013
hsa-miR-548am-3p	-0.09146725437189566	0.008692234527140111
hsa-miR-222-3p	-0.09151234603140006	0.008659140316208435
hsa-miR-127-5p	-0.09199365848278637	0.008312831296188547
hsa-let-7d-5p	-0.09202879254954481	0.008288043140819122
hsa-miR-370-5p	-0.09225531479896781	0.008129803574410992
hsa-miR-30e-3p	-0.09232232603651291	0.008083512379914394
hsa-miR-1255a	-0.09233763454040726	0.008072970410475187
hsa-miR-451b	-0.09270229111760105	0.007825460064269138
hsa-miR-412-5p	-0.09284858535345134	0.007728085593888125
hsa-miR-4488	-0.09356971483493952	0.007263758558821769
hsa-miR-559	-0.09357221266458153	0.007262194632706094
hsa-miR-548s	-0.09371197234272806	0.007175168256743032
hsa-miR-641	-0.09415686981809952	0.006904324236906074
hsa-miR-668-3p	-0.09444749710533237	0.006732383482322545
hsa-miR-132-3p	-0.0946821425428194	0.006596376355192794
hsa-miR-376c-3p	-0.09505358110876838	0.006386116972515812
hsa-miR-374a-3p	-0.0951496103163942	0.006332746556763021
hsa-miR-19b-1-5p	-0.09556348256362317	0.006107283578637514
hsa-miR-4636	-0.09581283793892649	0.005974952961294106
hsa-miR-655-3p	-0.09595233210949357	0.005902054838659307
hsa-miR-494-3p	-0.09620170289749914	0.00577372759621382
hsa-miR-323b-3p	-0.09662377347137224	0.005562240486433504
hsa-miR-410-3p	-0.09663511742902034	0.005556653918548804
hsa-miR-142-3p	-0.09678971535595234	0.005481021112882137
hsa-miR-30a-5p	-0.09686193468392636	0.005446008658340024
hsa-miR-199a-5p	-0.097018041309564	0.005371014765496174
hsa-miR-4433b-3p	-0.09726846720412058	0.005252652408127116
hsa-miR-19a-3p	-0.09729252824778396	0.005241404865421247
hsa-miR-432-5p	-0.09760384223076787	0.0050978241896501636
hsa-miR-144-5p	-0.09820840112541757	0.004829091642009859
hsa-miR-485-3p	-0.09844622255937716	0.004726932545308511
hsa-miR-106b-3p	-0.09949271681240848	0.004300208505775657
hsa-miR-874-5p	-0.10011904496816872	0.004061805189973676
hsa-miR-3136-5p	-0.10017967138653054	0.004039376298422325
hsa-miR-654-5p	-0.10026988027542255	0.004006210973464678
hsa-miR-1-3p	-0.10041506612989329	0.00395335124187988
hsa-miR-103a-3p	-0.10082705127105532	0.0038067787045212697
hsa-miR-506-3p	-0.10122391584191617	0.0036702644990221273
hsa-miR-5695	-0.10167880941036397	0.0035192649810481644
hsa-miR-548aq-3p	-0.10174254603007113	0.0034985646818779122
hsa-miR-329-3p	-0.10271035580739346	0.003197538782850591
hsa-miR-29c-3p	-0.10272135830205886	0.003194256369101348
hsa-miR-32-3p	-0.10275951094782221	0.003182897882798088
hsa-miR-1275	-0.10378508364381397	0.0028910117746732953
hsa-miR-15b-5p	-0.10422932163717512	0.002772322461147025
hsa-miR-889-3p	-0.10486202165824676	0.0026109416865073916
hsa-miR-433-3p	-0.1049282016319836	0.0025945663983720758
hsa-miR-487a-5p	-0.10581865719157924	0.00238316567746208
hsa-miR-548d-5p	-0.10612734926112974	0.002313635714788735
hsa-miR-3143	-0.10665742363066341	0.0021985539862883242
hsa-miR-146b-5p	-0.107927502192156	0.0019438049489399678
hsa-miR-545-5p	-0.10890997228564055	0.001765624712929236
hsa-miR-487a-3p	-0.10971926620481635	0.0016302481049938157
hsa-miR-200a-3p	-0.1097823312941568	0.0016201098957828901
hsa-miR-431-5p	-0.10985957942639246	0.0016077705857387688
hsa-miR-96-5p	-0.1102475089417558	0.0015470997183737866
hsa-miR-4448	-0.111154361755776	0.0014133915837017516
hsa-miR-548ay-5p	-0.11142413478595478	0.0013757186128310795
hsa-miR-374c-5p	-0.11155773808235092	0.0013574056119430849
hsa-miR-3157-5p	-0.11169643344453072	0.0013386323102993853
hsa-miR-4707-5p	-0.11175700878092194	0.0013305083166240512
hsa-miR-409-3p	-0.11267709245181041	0.001212566509043692
hsa-miR-1843	-0.11350339607765157	0.001114940877694341
hsa-miR-493-5p	-0.11474286020068383	0.000982032040658935
hsa-miR-196b-5p	-0.1149002618849532	0.0009662440126532848
hsa-miR-30d-5p	-0.11537861387117868	0.0009196920186245221
hsa-miR-548ae-5p	-0.11618806532838655	0.0008456159270293925
hsa-miR-369-5p	-0.1163196863446209	0.0008341063921045532
hsa-miR-323a-3p	-0.11667734101419312	0.0008035599591768964
hsa-miR-450a-5p	-0.11747370815296203	0.0007392292828598006
hsa-miR-551b-3p	-0.11853508192520577	0.0006609002096101663
hsa-miR-548ad-5p	-0.11940700637505093	0.0006023930231371104
hsa-miR-452-5p	-0.1200990967985176	0.0005594186251521088
hsa-miR-101-5p	-0.12190712427707938	0.00046022689293104355
hsa-miR-6858-3p	-0.12269344180080816	0.0004224239217677301
hsa-miR-374b-3p	-0.12443533508884774	0.00034874865386517583
hsa-miR-126-5p	-0.1251646258568472	0.00032162166203995055
hsa-miR-543	-0.1255529073663666	0.00030799606722920565
hsa-miR-26a-5p	-0.12733198756832442	0.0002521862733306184
hsa-miR-92a-3p	-0.12822033391676166	0.000228006699937085
hsa-miR-26b-5p	-0.12828421318172956	0.00022635449114399614
hsa-miR-374b-5p	-0.12832108447064133	0.00022540594434019063
hsa-miR-190a-5p	-0.1292634865028312	0.00020238934613919337
hsa-miR-335-3p	-0.1300838626582517	0.00018416607243698448
hsa-miR-411-3p	-0.1301832472665489	0.0001820660881620321
hsa-miR-93-5p	-0.13078530300919028	0.00016981746843418026
hsa-miR-548k	-0.13168171713493143	0.00015300578775580663
hsa-miR-199a-3p	-0.13205256095555593	0.00014651903823386343
hsa-miR-199b-3p	-0.13215945857328731	0.0001446977457428842
hsa-miR-337-3p	-0.13643118192984305	8.710331129820234e-05
hsa-miR-382-3p	-0.13683532624823486	8.295474644866559e-05
hsa-miR-379-3p	-0.1370924849903317	8.041280231653445e-05
hsa-miR-101-3p	-0.13733651972921412	7.806869864720798e-05
hsa-miR-27a-3p	-0.1390335280935327	6.346547479075407e-05
hsa-miR-144-3p	-0.14047031611355196	5.315908351684139e-05
hsa-miR-660-5p	-0.14245714556392725	4.148827940881311e-05
hsa-miR-18b-5p	-0.143161838194111	3.796642103467053e-05
hsa-miR-380-3p	-0.14485699872537516	3.061867727031259e-05
hsa-miR-495-3p	-0.14639084963617072	2.5151380800352084e-05
hsa-miR-106a-3p	-0.14696963442002842	2.3340219663977028e-05
hsa-miR-424-5p	-0.14946320451419542	1.686060470795236e-05
hsa-miR-31-5p	-0.15019564496220966	1.530935538836991e-05
hsa-miR-106b-5p	-0.1513006804564982	1.3223479963514952e-05
hsa-miR-374a-5p	-0.15312621640012825	1.0358037531330094e-05
hsa-miR-654-3p	-0.15333852198842593	1.0066128806382879e-05
hsa-miR-598-3p	-0.15425395464549888	8.894893493190549e-06
hsa-miR-450b-5p	-0.1549465993703579	8.09632818545277e-06
hsa-miR-126-3p	-0.15745687851872556	5.737817101768923e-06
hsa-miR-20a-3p	-0.157459550758443	5.735697916139994e-06
hsa-miR-369-3p	-0.16031406414815366	3.852140766869097e-06
hsa-miR-18a-5p	-0.16332821893809527	2.5111001731843826e-06
hsa-miR-4669	-0.1641901410908588	2.2187058447597556e-06
hsa-miR-27b-3p	-0.16625781643146081	1.6443427415640473e-06
hsa-miR-99b-5p	-0.16645203618887544	1.5984129525842986e-06
hsa-miR-21-5p	-0.16784365996633244	1.303525213802896e-06
hsa-miR-16-5p	-0.17112666311018854	8.003711071839813e-07
hsa-miR-30e-5p	-0.171721562397181	7.319352085732261e-07
hsa-miR-15a-5p	-0.17406704306979695	5.130051887782087e-07
hsa-miR-224-5p	-0.17649883138806524	3.530957482609544e-07
hsa-miR-487b-3p	-0.1791775069735611	2.3259113237880097e-07
hsa-miR-550a-5p	-0.1884927701078797	5.185044498993467e-08
hsa-miR-550a-3-5p	-0.19036568682184687	3.7989345507700846e-08
hsa-miR-140-5p	-0.19464598011892978	1.8442740726847586e-08
hsa-miR-454-3p	-0.1969763318923846	1.2358422895775484e-08
hsa-miR-20b-5p	-0.1970673919844553	1.2165394853072069e-08
hsa-miR-106a-5p	-0.20106422673866453	6.051203099757816e-09
hsa-miR-17-5p	-0.20171825188683903	5.390343618361218e-09
hsa-miR-20a-5p	-0.2017829738006599	5.3288934546454505e-09
