miRNA	DC	Pearson_corr	Spearman_Corr	Cluster_TB	Cluster
hsa-let-7a-5p	0.10352899904809444	-0.008477125967739144	0.042375889156109875	3	1
hsa-let-7b-5p	0.09472516322865214	0.036070253430385835	0.049916762786706176	3	3
hsa-let-7c-3p	0.0531848865640947	-0.031109312378849105	0.020040760151714906	3	3
hsa-let-7d-5p	0.10114131381394928	-0.006875313752353891	0.017537187975678853	3	2
hsa-let-7e-3p	0.08852740401341906	-0.08111521905861462	0.03314483541430982	3	2
hsa-let-7e-5p	0.12338422661422799	-0.03354220149920091	0.03323979719833933	3	1
hsa-let-7f-1-3p	0.10517004666952416	-0.08303866174251337	-0.06120597800255369	3	1
hsa-let-7f-2-3p	0.19115831687573115	-0.1866326962695654	-0.06525081798922386	3	2
hsa-let-7f-5p	0.11450960897033655	-0.10194092495886653	-0.055006881141587714	3	1
hsa-let-7g-3p	0.16971522134575717	-0.17428087715122592	-0.058126408125202395	3	1
hsa-miR-1-5p	0.0613230671082882	0.02799940159610016	-0.005117986694697246	3	3
hsa-miR-100-3p	0.08422242855062709	-0.08604725841997578	-0.05417853225424497	3	2
hsa-miR-100-5p	0.0907330135689519	-0.06188731778834251	0.003747783069981107	3	3
hsa-miR-101-5p	0.17155906685728073	-0.18019189760805165	-0.02548853257467279	3	2
hsa-miR-103a-3p	0.09181302831331567	-0.03674286570655667	0.014369050459667836	3	2
hsa-miR-103b	0.057827603967672114	-0.05660935919104261	-0.049507631425349356	3	2
hsa-miR-105-5p	0.05365344020152748	-0.05328249250199806	-0.02136752426589152	3	3
hsa-miR-106a-3p	0.11804655994491157	-0.16519587197529037	-0.03240351447546506	3	3
hsa-miR-106b-5p	0.08943147576525186	0.03460452372408718	0.01517194291299362	3	3
hsa-miR-107	0.0870464409286799	0.029754793976340302	0.027486754992803068	3	1
hsa-miR-10a-3p	0.08565301606472704	-0.04733890177216573	-0.0251055779374136	3	3
hsa-miR-10b-3p	0.053459887276232125	0.018685463350328634	0.015142003759685264	3	3
hsa-miR-10b-5p	0.2225751151331195	-0.2074350104399462	-0.07665639780951264	3	4
hsa-miR-1178-5p	0.04528592227880784	0.03442881533269663	0.040185014717483425	3	4
hsa-miR-1179	0.1321753097699263	-0.041958131661458724	0.09953611969313961	3	3
hsa-miR-1180-3p	0.25774200421736726	-0.19457131675535935	0.004664335404152209	3	5
hsa-miR-1180-5p	0.07561887055057734	0.025271602024820122	0.05615157459080705	3	4
hsa-miR-1181	0.03108941353757509	-4.101288533336807e-05	0.022139059175575623	3	5
hsa-miR-1182	0.026846307652939314	0.005347296184942177	0.0019650244859052575	3	3
hsa-miR-1183	0.05686643288979026	0.047471486791119705	0.06022154260164028	3	5
hsa-miR-1185-1-3p	0.1461124281986538	-0.15446475042548613	-0.016736010574235766	3	3
hsa-miR-1185-2-3p	0.09025858294619815	-0.11402153624912659	-0.053074904462787086	3	3
hsa-miR-1185-5p	0.13871008075322241	-0.13240023558298328	-0.0774882765249877	3	3
hsa-miR-1193	0.03971943723408845	0.02869831824532384	0.0388527578587523	3	3
hsa-miR-1197	0.14504349893510476	-0.14553331715621542	-0.012028376234841475	3	3
hsa-miR-1202	0.03854250065675379	-0.022449394728786196	-0.02418987915035389	3	5
hsa-miR-1203	0.02971779547303276	0.014959268443102358	0.01830279949728897	3	3
hsa-miR-1204	0.0525797590159477	0.041007124631952704	0.054952739055151405	3	3
hsa-miR-1207-5p	0.03135697290042284	0.007604039031042101	-0.0150587190466685	3	5
hsa-miR-122-3p	0.04920230902833633	0.009790110880012953	0.038964232587401344	3	3
hsa-miR-122-5p	0.07838828944998619	-0.05072213117435034	-0.005748321133400394	3	3
hsa-miR-1224-5p	0.09718934271478054	0.005173512050247678	0.09707427772701534	3	5
hsa-miR-1225-5p	0.04462398836572352	-0.047192190616680466	-0.0014108226306338927	3	5
hsa-miR-1226-5p	0.09030235135474321	-0.08452970960280017	0.01870552360922965	3	3
hsa-miR-1227-3p	0.1045441556397663	0.09445048974968084	0.08383975584869273	3	1
hsa-miR-1227-5p	0.05542932171124713	0.05319186737342662	0.03539273539016429	3	5
hsa-miR-1228-5p	0.04462726596519348	-0.03452026839094245	0.016955335671705783	3	2
hsa-miR-1229-5p	0.04929244609033751	-0.006765096288588132	0.03578858956444345	3	5
hsa-miR-1233-5p	0.07266370057596853	-0.07386885753765299	-0.016434601407296096	3	5
hsa-miR-1236-3p	0.08428276172070572	0.001542201204387399	0.0168623484471203	3	2
hsa-miR-1236-5p	0.06393574160224744	0.040683293092462616	0.0495876033139552	3	4
hsa-miR-1237-3p	0.10629422051956183	0.06308136338298126	0.07558462607689129	3	1
hsa-miR-1237-5p	0.05919002611042706	-0.03732679530803931	-0.010415894983612527	3	5
hsa-miR-1238-3p	0.27899076758138924	-0.24588234721625735	-0.08237863332825818	3	1
hsa-miR-1238-5p	0.03067327284716086	0.016510976969083577	0.02127840800451693	3	2
hsa-miR-124-3p	0.05697675987576606	-0.024129690250182693	0.025780855459758407	3	2
hsa-miR-124-5p	0.030184018059970858	0.0057015867820857085	0.011302306914540516	3	3
hsa-miR-1244	0.08201564246919711	-0.07239191984043693	-0.0243753137473539	3	3
hsa-miR-1245a	0.030949479575457624	0.016934823279421005	0.021895987128658586	3	3
hsa-miR-1246	0.15818696988196906	-0.16108679348691696	0.04695289766396659	3	4
hsa-miR-1247-3p	0.058365146788544195	-0.0466888182036859	-0.04519556317582092	3	3
hsa-miR-1247-5p	0.06756405597984168	-0.03840320508255641	-0.03705136682707406	3	1
hsa-miR-1248	0.19358438379696885	-0.17928118258969009	-0.06394940802025023	3	5
hsa-miR-1249-5p	0.04718777138569825	0.0006125197830856932	0.024817044625245487	3	5
hsa-miR-1250-5p	0.09395759539181062	-0.041927374557580506	0.015177813543050683	3	3
hsa-miR-1251-3p	0.03059267443484605	0.01266850625403982	0.023764759411853856	3	3
hsa-miR-1251-5p	0.04140309126357596	0.02228135337757205	0.024188535923256375	3	3
hsa-miR-1252-3p	0.08317201858739882	-0.08651235392071702	-0.05614046859855524	3	3
hsa-miR-1252-5p	0.09134259347139168	-0.09472928446521683	-0.06028015888514575	3	3
hsa-miR-1253	0.04035720979634649	0.029600963549791155	0.03695952328186351	3	3
hsa-miR-1255b-2-3p	0.10376127351738755	-0.03787168381751135	0.052072322208966806	3	2
hsa-miR-1255b-5p	0.2033860714131165	-0.12342804800695902	-0.034370503628194195	3	5
hsa-miR-1256	0.09999499713726677	-0.07622862404512905	0.027494918547996922	3	3
hsa-miR-1258	0.03387014359872512	0.02524995603780803	0.02539127351960832	3	2
hsa-miR-125a-3p	0.1151671892564595	-0.08363020068219318	-0.01263452987840246	3	4
hsa-miR-125a-5p	0.08995285515255165	0.014622616316588387	-0.009806214002667006	3	3
hsa-miR-125b-1-3p	0.06945492761762533	0.01598402596796873	0.042388388348963336	3	4
hsa-miR-125b-2-3p	0.10963317844162832	-0.13627201457423188	0.01799464506675042	3	3
hsa-miR-125b-5p	0.14319119743432765	0.11302908788450604	0.0813244920319972	3	3
hsa-miR-126-5p	0.1157879372074388	-0.11989954080369548	-0.03329991392545406	3	1
hsa-miR-1260a	0.16974322626857943	0.08917209186274279	0.06301981902604764	3	3
hsa-miR-1260b	0.16898990683819184	0.0872138646234027	0.06060175476197666	3	3
hsa-miR-1261	0.08916247185575624	-0.08448318923519542	0.010251001562998354	3	2
hsa-miR-1262	0.08771299658840065	0.010338773543122098	0.08414788790278684	3	3
hsa-miR-1264	0.08290278179943052	-0.0845886966128355	-0.030869051622369664	3	2
hsa-miR-1265	0.028982670002363185	0.014337578316371872	0.02778697836612614	3	3
hsa-miR-1266-3p	0.02700636353862367	-0.002247946616472526	-0.011544685982299562	3	2
hsa-miR-1266-5p	0.04316500256601704	-0.03143294482661564	-0.023064499316526803	3	3
hsa-miR-1268a	0.11134430809044325	-0.11950352524637772	0.07292908105509333	3	4
hsa-miR-1268b	0.1463462901267846	-0.1644616730084565	0.02260728852914703	3	4
hsa-miR-1269a	0.050596837208589776	-0.050156181771014254	-0.008341074539917727	3	3
hsa-miR-1269b	0.02845701232361997	-0.004932772799682366	-0.013081448720455	3	3
hsa-miR-127-5p	0.13882138559662258	-0.14188380050516153	-0.059615037316499295	3	3
hsa-miR-1270	0.10564906550690215	0.07576053528798896	0.07487995367629276	3	3
hsa-miR-1271-3p	0.1555130416155603	-0.1564707487527658	-0.06327567013314706	3	4
hsa-miR-1271-5p	0.11412769213417646	-0.020002768202429144	0.08376602919093992	3	3
hsa-miR-1273c	0.1460384112006549	-0.12477720225679172	-0.00912928405626123	3	5
hsa-miR-1273h-3p	0.23778542092653793	-0.12366614160882322	-0.07328508574102571	3	4
hsa-miR-1273h-5p	0.11629032050135728	-0.12053526787273719	0.03572133462707152	3	5
hsa-miR-1275	0.1343378200507812	-0.13211571240859998	0.019316780036007005	3	2
hsa-miR-1276	0.06383136590026085	-0.0324378465840865	0.004408599493111518	3	3
hsa-miR-1277-3p	0.1676663492360075	-0.173632372689258	-0.06586945613354733	3	3
hsa-miR-1278	0.08788658012512361	-0.030382625618094947	-0.07052945106268098	3	3
hsa-miR-128-1-5p	0.10011947761992808	-0.09598999496365157	0.008719264499747102	3	5
hsa-miR-128-2-5p	0.04771651171659025	0.027740543175065524	0.02259673248972206	3	4
hsa-miR-128-3p	0.2627554360641904	-0.25530521934871037	-0.0814502947202031	3	5
hsa-miR-1281	0.06764423670160916	0.008105684361408154	0.05008625058539806	3	1
hsa-miR-1282	0.026846307652997503	0.00534729618494218	0.0019650244859052575	3	2
hsa-miR-1283	0.052703395808341894	-0.013090436829158482	0.03408669522815	3	3
hsa-miR-1284	0.09940893465726684	-0.02436739562165012	-0.03398948983200973	3	3
hsa-miR-1285-3p	0.13329319766316683	-0.05878484909112604	0.02762740632280734	3	3
hsa-miR-1286	0.057297813995227216	-0.057076702711734296	-0.025403381838189278	3	3
hsa-miR-1287-3p	0.09543973165398933	-0.12238478528297253	0.024930653410531474	3	3
hsa-miR-1287-5p	0.08684901258407991	-0.032380937820792606	0.02431481494814045	3	2
hsa-miR-1288-3p	0.23097334065125905	-0.2201878518637443	-0.0794381617414895	3	5
hsa-miR-1288-5p	0.04006222996055502	0.017382719683859373	0.015625769035943933	3	2
hsa-miR-1289	0.16359230205742797	-0.10905982085609554	-0.07414400189698803	3	3
hsa-miR-129-1-3p	0.19738132135416142	-0.2047060352419859	-0.08205000291559464	3	3
hsa-miR-129-5p	0.11323807779716846	-0.10413372463501334	-0.017481320432462154	3	3
hsa-miR-1290	0.16073177894011254	-0.16382654181076572	0.010275906121186193	3	3
hsa-miR-1291	0.14855164360928963	-0.09261716664568673	0.002988747103913175	3	5
hsa-miR-1292-5p	0.09375773006953217	0.08726833078377534	0.0683293888373558	3	4
hsa-miR-1293	0.08224542744057567	-0.07595351349190406	-0.06224274785231323	3	3
hsa-miR-1294	0.06837154336741073	-0.010772117653772301	0.009613667699536069	3	3
hsa-miR-1295a	0.08959179270221453	0.02615535107999167	0.05086712526127827	3	3
hsa-miR-1295b-3p	0.05140750487100176	0.04302576791169382	0.037288381222187444	3	3
hsa-miR-1296-3p	0.0877990394111868	-0.09723103215393017	-0.01959861885420131	3	1
hsa-miR-1296-5p	0.10716191902174915	-0.058125624323475546	0.07561641518805813	3	3
hsa-miR-1297	0.1468506058166146	-0.05785625534218153	-0.07035013438897393	3	2
hsa-miR-1298-3p	0.047666784207918665	0.02534948063992571	0.033087643297714846	3	3
hsa-miR-1298-5p	0.09817491634877844	-0.013523862491045502	-0.05069167666671481	3	3
hsa-miR-1299	0.11086099207325169	-0.06034192884981231	0.01296825795372745	3	3
hsa-miR-1301-5p	0.04533938058586672	-0.005523595229862823	0.007004226071561221	3	4
hsa-miR-1302	0.08335633526467369	0.025177516943310132	0.0905471750434356	3	3
hsa-miR-1303	0.11259969110485485	0.07827038281274651	0.09011235502454397	3	3
hsa-miR-1304-3p	0.10830514613438465	0.0267891799755079	0.06418204715142996	3	1
hsa-miR-1304-5p	0.1656211727585053	-0.10779184617466969	-0.06486003600648803	3	4
hsa-miR-1305	0.038015469679500126	0.026553979373349513	0.033629990487349985	3	3
hsa-miR-1306-3p	0.10891549137012725	0.04385734362687755	0.07029153336031226	3	3
hsa-miR-1307-3p	0.15609257539752172	-0.1356610340536086	-0.07993150747504432	3	3
hsa-miR-130a-3p	0.08897540493798493	-0.08613214190691255	-0.029050564266227947	3	3
hsa-miR-130a-5p	0.1103485623115384	0.08964651472113824	0.0936982247660311	3	2
hsa-miR-130b-3p	0.1507778947777939	0.11048217106869622	0.08824622766955663	3	5
hsa-miR-130b-5p	0.08935958057659038	-0.005414482641342538	-0.0027201868979755545	3	2
hsa-miR-132-3p	0.15354759091383305	0.12585833756871243	0.0631750116462334	3	5
hsa-miR-132-5p	0.24970600521517794	-0.15234932866853448	-0.09472060801281976	3	2
hsa-miR-1321	0.04287046767612841	0.009400187580101213	0.03454318234715659	3	3
hsa-miR-1322	0.054398077440271544	-0.05409690540667355	-0.03127627398944601	3	3
hsa-miR-1323	0.06335014368239117	-0.011221018383818485	0.029034718101773976	3	3
hsa-miR-133a-3p	0.07364634323479163	-0.04871975224301332	0.015258135163344363	3	3
hsa-miR-133a-5p	0.14083893265765485	-0.1484046320009729	-0.013435166797455404	3	4
hsa-miR-133b	0.11703517112979438	-0.13226889702204953	-0.054235989272238196	3	3
hsa-miR-134-3p	0.05332764665183322	-0.033532708450567744	-0.025151245618473487	3	3
hsa-miR-134-5p	0.1266056632297351	-0.1008039920959945	-0.09492620153623567	3	5
hsa-miR-1343-3p	0.0887265759162737	-0.032619055929082326	0.03926064247720253	3	3
hsa-miR-1343-5p	0.06866788024518156	0.03401027068345188	-0.013918201039189868	3	3
hsa-miR-135a-3p	0.059760758027535124	-0.03998750005569994	0.010092397778471826	3	4
hsa-miR-135a-5p	0.134638443348704	-0.16910397084795828	-0.06026100414818749	3	2
hsa-miR-135b-3p	0.13971522471936706	-0.1456273788954859	-0.08096961935101896	3	4
hsa-miR-135b-5p	0.16910633563367042	-0.1696058819774278	-0.05182011583599982	3	3
hsa-miR-136-3p	0.1455864510615086	-0.14880205644014413	-0.009300187135948984	3	3
hsa-miR-136-5p	0.14901670596821365	-0.14388423780338552	-0.05367886833844783	3	1
hsa-miR-138-1-3p	0.037023352613558345	-0.024292579045717497	-0.009276820136072249	3	4
hsa-miR-138-2-3p	0.050570609170960665	0.015385513651159834	0.02171170380663304	3	2
hsa-miR-138-5p	0.1592722445385187	-0.15944112123182352	0.032593290264284605	3	3
hsa-miR-139-3p	0.2165540102975142	-0.15351296263392905	-0.08697781438368057	3	3
hsa-miR-140-3p	0.07291806651433001	-0.08151602938847134	-0.04809107275269663	3	4
hsa-miR-141-3p	0.16694218477178374	-0.1718344419996056	0.008518690848799616	3	3
hsa-miR-141-5p	0.14888474407357458	-0.16378611327763787	-0.05534577608576084	3	2
hsa-miR-142-3p	0.1684007650963689	-0.17321129086162854	-0.08524139118816469	3	1
hsa-miR-143-5p	0.12930378795383313	-0.1389653362703198	-0.033741335646950185	3	3
hsa-miR-144-5p	0.04486237258967007	-0.009420263940219753	-0.016501759297978074	3	1
hsa-miR-145-3p	0.14371022317949456	-0.12120440750493527	-0.07598315621424398	3	3
hsa-miR-1468-3p	0.12027188679476941	-0.12120073939047744	-0.08577530447131029	3	5
hsa-miR-1468-5p	0.20171833628309788	-0.18471159992107272	-0.03668336770650699	3	2
hsa-miR-1469	0.06731984624792567	0.05204682535176296	0.05164240233769347	3	4
hsa-miR-146a-3p	0.16699152372374648	-0.16462524699680395	-0.0505764968210168	3	3
hsa-miR-147a	0.1270340822478728	-0.12371723784404642	-0.09590772688637121	3	3
hsa-miR-148a-5p	0.1950515609932074	-0.1883456600961459	-0.03004477026678911	3	4
hsa-miR-149-3p	0.045125952266271044	0.022078226258632597	0.019589050237798212	3	3
hsa-miR-149-5p	0.09024885243203405	0.0830750853705705	0.06055105093939818	3	1
hsa-miR-150-3p	0.17076057214439083	-0.1733149422591476	-0.07914097683161256	3	4
hsa-miR-150-5p	0.12315285478356401	-0.038636919239658216	0.04892715907283756	3	3
hsa-miR-151a-5p	0.1797196494201063	0.1590524909775994	0.0944993550562824	3	5
hsa-miR-152-5p	0.11846276227737727	-0.08691833862778892	-0.0796336545567719	3	2
hsa-miR-153-3p	0.16486354991763272	-0.1692277024000222	-0.022811534076235634	3	3
hsa-miR-153-5p	0.16096549934373094	-0.16255711645966858	-0.0627688752100192	3	2
hsa-miR-1537-3p	0.16639422149287567	-0.17086706274199667	0.037490159487466757	3	1
hsa-miR-1537-5p	0.1657653307577085	-0.17048885924591536	-0.05804697130999079	3	2
hsa-miR-1539	0.059067791686881574	-0.06434981523501754	0.019501542526348996	3	1
hsa-miR-154-3p	0.1286701151997655	-0.15967632864597497	-0.03863923129592906	3	2
hsa-miR-154-5p	0.07595874939843915	-0.06268788029703301	0.019796214172191403	3	3
hsa-miR-155-3p	0.16136920155169038	-0.16301246733748706	0.00812100002483368	3	3
hsa-miR-155-5p	0.11782561159725524	-0.10554104136488747	-0.04395777263648571	3	3
hsa-miR-1587	0.06972268397542015	-0.07819024431864029	0.02782442736688923	3	3
hsa-miR-15a-3p	0.16587194144705156	-0.16879762109956234	0.033127515542218336	3	2
hsa-miR-15a-5p	0.08332367381264398	-0.05904109251556801	-0.025823534134572914	3	1
hsa-miR-15b-3p	0.1036623476185135	0.07139735473890818	0.059890172268731966	3	3
hsa-miR-15b-5p	0.1110160055398412	-0.005368706776131382	0.037393110008767404	3	1
hsa-miR-16-1-3p	0.16632704252880462	-0.17121767130007162	-0.012341732812177594	3	3
hsa-miR-16-2-3p	0.08940137621052847	0.041432262519292405	0.04353330589006553	3	4
hsa-miR-16-5p	0.07826524000923864	0.026458393539488218	-0.015005281404251957	3	1
hsa-miR-17-3p	0.11442865346647003	-0.08150550296604848	0.05385844925016127	3	1
hsa-miR-17-5p	0.10944668118606524	-0.05680433892288285	-0.0859256221163162	3	1
hsa-miR-181a-2-3p	0.13395438981778948	-0.130495778748096	-0.06254853567864593	3	3
hsa-miR-181a-3p	0.13817840965881936	-0.1425094624834462	-0.06346571710591092	3	3
hsa-miR-181a-5p	0.10393338854151131	-0.053763121469389996	0.05155364979064818	3	3
hsa-miR-181b-2-3p	0.13936078367620014	-0.17208414944378458	-0.0020234965448186885	3	3
hsa-miR-181b-3p	0.15490591688571173	-0.1754524666820018	-0.021421130861729556	3	3
hsa-miR-181b-5p	0.16555815642759822	-0.15255234322478808	0.09952746062140161	3	4
hsa-miR-181c-3p	0.1489443867566663	-0.15923944661826062	-0.07033561965090515	3	3
hsa-miR-181c-5p	0.15907686153174144	-0.16837484717253098	-0.024627627575401743	3	3
hsa-miR-181d-3p	0.05354966159649626	-0.027369615845910786	0.002307839814915894	3	3
hsa-miR-182-3p	0.05444450431641449	-0.012597217341441843	0.03547856306634003	3	1
hsa-miR-182-5p	0.06307105580719218	0.02209631134548172	0.007169181047620458	3	3
hsa-miR-1825	0.06067157829526451	0.03805549941902965	0.06565831671522468	3	1
hsa-miR-1827	0.12708049870471078	-0.08125593960804398	-0.06525728210756679	3	1
hsa-miR-183-5p	0.10047990861035357	-0.0465604480425476	-0.07039350310219987	3	2
hsa-miR-184	0.17493372718460184	-0.13947945295439118	-0.004213411637130432	3	3
hsa-miR-185-3p	0.1637620502202918	-0.10666594635677742	-0.03816092258175888	3	3
hsa-miR-185-5p	0.09486628642216634	0.07165020040502501	0.08654472407721367	3	5
hsa-miR-186-3p	0.16852658484416122	-0.17245771734824575	0.07651946805086657	3	3
hsa-miR-186-5p	0.2176848557417556	-0.23683395429729862	-0.09608113147596421	3	3
hsa-miR-187-3p	0.12232999292124054	-0.12959947136527394	-0.0044708698120817765	3	4
hsa-miR-187-5p	0.051126778558172534	-0.0034269071153140165	0.02495028875717388	3	4
hsa-miR-188-3p	0.1513081682452168	-0.1740389334514715	0.02526832219020698	3	2
hsa-miR-188-5p	0.15385097934485803	-0.14688351473602948	0.060025630976093355	3	5
hsa-miR-18a-5p	0.11140363204192594	-0.12828789224169423	-0.030846760078749244	3	1
hsa-miR-18b-5p	0.09545130521595474	-0.10559521031260087	-0.050387762697002535	3	1
hsa-miR-1908-3p	0.09765629309945939	0.09187992723814882	0.0997039853208475	3	2
hsa-miR-1908-5p	0.11267903330330846	0.06667063134816498	0.09010306400941345	3	3
hsa-miR-1909-3p	0.059678486543403464	-0.022242489962264467	0.05093617022028133	3	4
hsa-miR-1909-5p	0.06429178958553924	0.02625247024249493	0.05132975919411098	3	3
hsa-miR-190a-3p	0.08862804196369688	-0.0336956240584119	0.04556527342830749	3	3
hsa-miR-190a-5p	0.12820917392874312	-0.16753101318252842	-0.032457283996990605	3	1
hsa-miR-191-3p	0.12784497249665497	-0.14493842091144268	-0.05407313610589911	3	1
hsa-miR-1910-3p	0.04087118694112995	-0.012768737126082936	0.014243060959940459	3	3
hsa-miR-1910-5p	0.07582798998888407	0.019335123673854298	0.07433282990853558	3	5
hsa-miR-1911-3p	0.05452916453700774	-0.03858852583837329	0.010124142252083882	3	3
hsa-miR-1911-5p	0.10078610057563107	-0.10215898933392628	-0.07547297268134315	3	3
hsa-miR-1913	0.11186311538293738	-0.00985276443144339	0.08658344296263587	3	3
hsa-miR-1914-3p	0.05293811516227362	-0.000578138524976649	-0.012233659412519507	3	5
hsa-miR-1914-5p	0.07350042405576394	0.044871718091034934	0.04895558724166959	3	3
hsa-miR-1915-3p	0.040598015152954185	-0.038094634551509396	-0.006514959618030681	3	5
hsa-miR-1915-5p	0.02969510473025771	-0.013772394761144995	-0.010658864706854924	3	4
hsa-miR-192-3p	0.10964396009526962	-0.023464401969969757	0.04878078476430424	3	2
hsa-miR-193a-3p	0.11102828596380408	-0.10348503819524062	0.08077988873596584	3	1
hsa-miR-193b-3p	0.14283048826170452	-0.12952165234348503	0.06660487167977218	3	3
hsa-miR-193b-5p	0.10334609070698063	-0.13603469148299352	0.01830206259862599	3	3
hsa-miR-194-3p	0.09297429262644523	-0.039726847978770595	-0.010201852604812635	3	2
hsa-miR-195-3p	0.09034784385256835	-0.0343215406677994	0.0312658947824076	3	3
hsa-miR-195-5p	0.16666086107898487	-0.1700014396084461	0.0056006093880241435	3	1
hsa-miR-196a-3p	0.05950034976943255	-0.06280645059170172	-0.036544000557217064	3	3
hsa-miR-196a-5p	0.10540900903882022	-0.10528810501762942	0.04888221842503111	3	3
hsa-miR-196b-3p	0.07971249567496488	-0.061012225034215516	0.037618366847267166	3	3
hsa-miR-196b-5p	0.11610997298991979	-0.11799972157020087	-0.09133828524660335	3	1
hsa-miR-1972	0.04562974057696731	-0.012943432277053028	-0.0031728588043408307	3	5
hsa-miR-198	0.046737363578131116	0.03640301821186828	0.04469027116515958	3	3
hsa-miR-199a-3p	0.10504927729278339	-0.07743398500329526	-0.04481967911808947	3	1
hsa-miR-19a-3p	0.17220496080693484	-0.17463577631341	-0.06602640347290611	3	2
hsa-miR-19a-5p	0.15154977687038865	-0.15949107673192797	-0.051171609378950614	3	3
hsa-miR-19b-1-5p	0.1436898320958039	-0.16635716995715888	-0.0021986381921045386	3	2
hsa-miR-19b-2-5p	0.14904030190990275	-0.1581192556217973	-0.0711162673972974	3	2
hsa-miR-19b-3p	0.1684840623917528	-0.1799182588678881	-0.011492606697715116	3	4
hsa-miR-200a-3p	0.15798325389416248	-0.16763511755628663	-0.09691438310470324	3	3
hsa-miR-200b-3p	0.14138404683301573	-0.08152061190161418	-0.08108275920424146	3	2
hsa-miR-200b-5p	0.05759248596346717	-0.005929317111356934	0.020193339426330007	3	3
hsa-miR-200c-3p	0.10373957117276568	-0.1277745449450865	-0.0029541025564124657	3	3
hsa-miR-200c-5p	0.16134983916530687	-0.1585954103753867	-0.06840821086244663	3	3
hsa-miR-202-3p	0.11624832605583145	0.03433196308227204	0.054871010240554276	3	3
hsa-miR-202-5p	0.09023919772029595	-0.07199667445375123	-0.05137665607286101	3	3
hsa-miR-203a-3p	0.12504120106694222	-0.1400813604590954	-0.040024053146750956	3	2
hsa-miR-203a-5p	0.039513100764817774	0.028299651465078464	0.03649331188109765	3	3
hsa-miR-203b-3p	0.05120461763064898	-0.026510320075089962	0.011411317779269412	3	2
hsa-miR-204-3p	0.06490361420198396	-0.055649164595778365	-0.040978041192269006	3	4
hsa-miR-204-5p	0.08389230689707053	0.06882238013105835	0.06921372702494656	3	3
hsa-miR-205-5p	0.07759016042906058	0.010596124361200318	0.06141296073291426	3	2
hsa-miR-206	0.09938647476450053	-0.0770884588551168	-0.057042673805772534	3	3
hsa-miR-208a-3p	0.08579292661846437	-0.08867115443439509	-0.05451539359468586	3	4
hsa-miR-208a-5p	0.04313924461781086	-0.03572695540969786	0.0065998158471174085	3	5
hsa-miR-208b-3p	0.04810787196810316	-0.017281453215980628	0.037905347011042506	3	3
hsa-miR-20a-3p	0.17623472705229193	-0.17784910680362065	-0.0405697762792184	3	1
hsa-miR-20a-5p	0.14691756748137097	-0.1626267362700852	-0.0912901290170797	3	1
hsa-miR-20b-3p	0.07651413981530138	0.008536125011533741	0.03689675245281154	3	2
hsa-miR-20b-5p	0.11238413009165749	-0.052790833283085904	-0.04487720335472111	3	1
hsa-miR-21-3p	0.16318591019680503	-0.16969322964638509	0.018349013214604765	3	2
hsa-miR-210-3p	0.08757502010618974	-0.02778073373700162	0.05797197312020488	3	3
hsa-miR-211-3p	0.050799154029759826	-0.03199497893955447	-0.0444564544837444	3	3
hsa-miR-211-5p	0.14369275314867264	0.10992357880078635	0.08224347834830477	3	3
hsa-miR-2110	0.15275646391495837	-0.11398963859258646	0.025841536546195813	3	5
hsa-miR-2113	0.05457583811591796	0.04782787608116187	0.0539159908853613	3	2
hsa-miR-2114-3p	0.052440979717812204	0.02990066114555437	0.0556896799186688	3	3
hsa-miR-2114-5p	0.1549459982074369	-0.15774925612654062	-0.015512781574239614	3	2
hsa-miR-2115-3p	0.08559658427784789	-0.0027931075997943205	0.05524820548527847	3	4
hsa-miR-2115-5p	0.193493910349086	-0.2049654866150336	-0.006941858722635813	3	3
hsa-miR-2116-5p	0.05944627443294091	0.0024048625999856053	0.05605707223696416	3	2
hsa-miR-212-3p	0.13294594303268537	-0.14968366718825502	0.04689859608560048	3	4
hsa-miR-212-5p	0.12273481858966952	-0.09734995450247157	0.01102446626197293	3	3
hsa-miR-214-3p	0.10195118505847486	0.027465830546150524	0.07057355388913378	3	3
hsa-miR-214-5p	0.09320770509173619	-0.09986612707833849	-0.08016154178718603	3	3
hsa-miR-215-3p	0.06478255028195372	-0.06127095355273105	-0.04148739765724938	3	3
hsa-miR-216a-3p	0.037480240003807015	0.025900250318422375	0.032114114455365925	3	3
hsa-miR-216a-5p	0.039400721560516425	-0.021110770950188137	-0.03256326290928713	3	3
hsa-miR-216b-3p	0.05837707670046665	-0.05001034927810021	-0.003872456272688082	3	3
hsa-miR-216b-5p	0.10741277312285145	0.09652658791429168	0.09288696736041231	3	3
hsa-miR-218-2-3p	0.03194660573216734	-0.005166391064803818	-0.008302851139246024	3	4
hsa-miR-218-5p	0.09466776366335866	-0.09901513160417627	-0.0664420421065829	3	3
hsa-miR-219a-1-3p	0.22245886172616067	-0.20749884195884222	-0.020516461691651965	3	3
hsa-miR-219a-2-3p	0.08347541198764329	-0.06974000440919297	-0.03439511814503843	3	3
hsa-miR-219a-5p	0.16447710303018312	-0.17106487952933455	-0.0027348847565960488	3	3
hsa-miR-219b-3p	0.05182577526974034	-0.021611113191108495	0.031956536220093215	3	2
hsa-miR-219b-5p	0.08214342907156405	0.08072219126717037	0.05680462367547946	3	3
hsa-miR-22-3p	0.14713823582818875	-0.11391496548544935	-0.023721154759462626	3	5
hsa-miR-22-5p	0.0639194426544471	0.036895825670409894	0.033823382965656824	3	3
hsa-miR-221-3p	0.11622886538433994	-0.06834659739071529	0.05438109968206607	3	3
hsa-miR-222-5p	0.08760494802130506	-0.09352589107244487	0.029005685010333532	3	2
hsa-miR-223-3p	0.15210532848471495	0.009690350212934557	0.07830995495518334	3	5
hsa-miR-224-3p	0.054766274766929655	0.016711219736188932	0.0025483386804202694	3	2
hsa-miR-2276-5p	0.07118132782326342	-0.006585747757102242	0.0659620567989073	3	3
hsa-miR-2277-5p	0.0709655279095299	-0.032670795989334284	0.024759578125841827	3	3
hsa-miR-2278	0.1040554675610916	0.06854791256163918	0.09868490923711438	3	3
hsa-miR-2355-3p	0.12431251388296556	-0.11370596525448777	0.06417850625176227	3	3
hsa-miR-2355-5p	0.18182838125517956	-0.18912084337552396	-0.0066009385400118345	3	3
hsa-miR-2392	0.09180806182653344	-0.08751697216020683	0.006175563650757831	3	4
hsa-miR-23a-3p	0.15711752849513017	0.07969326049630111	0.069112023002923	3	5
hsa-miR-23b-3p	0.13998566055164538	0.0502664185436744	0.04504666647288492	3	3
hsa-miR-23b-5p	0.0904659046042955	-0.03017419846581853	0.006454145847860243	3	3
hsa-miR-2467-3p	0.04112830972302985	-0.017985137177980302	0.008234608989897594	3	3
hsa-miR-2467-5p	0.0592481190533575	-0.04099474179430983	-0.026444113515112746	3	3
hsa-miR-2681-3p	0.062439887602083154	-0.058785681788673924	0.00861570846575881	3	3
hsa-miR-2681-5p	0.04886358667066366	-0.03180698122169526	-0.006389950100562773	3	3
hsa-miR-2682-3p	0.056220673627773395	0.04733681625141968	0.05019233972569429	3	3
hsa-miR-2682-5p	0.0328351808298796	-0.021411842684528434	-0.019982040842320588	3	3
hsa-miR-26a-1-3p	0.07276301738035974	-0.01506269093682657	0.010094820971582699	3	3
hsa-miR-26a-2-3p	0.0952746964575317	-0.10296261596194138	-0.03655991840522709	3	3
hsa-miR-26a-5p	0.12525149694507529	-0.08062054856015832	-0.0820959343281268	3	2
hsa-miR-26b-3p	0.11908889709490045	0.06410757730340418	0.0659531093746491	3	3
hsa-miR-26b-5p	0.10430737314359151	-0.11012876353844511	-0.04724041204901507	3	1
hsa-miR-27b-5p	0.1017476744707269	-0.05958480713478104	-0.0011500423351697231	3	3
hsa-miR-28-5p	0.0678597710330098	-0.057061145721033	0.0019499992219095355	3	3
hsa-miR-2861	0.047036126116686054	-0.015875264431605588	-0.021617469259692684	3	4
hsa-miR-296-3p	0.14481387000233176	-0.13962027388448398	0.09284144457909099	3	3
hsa-miR-297	0.06765728613518691	-0.024767007086959596	0.04777938861337293	3	3
hsa-miR-298	0.03429751462821201	0.0036145100167181963	-0.034585546877813025	3	3
hsa-miR-299-3p	0.14376349224341434	-0.14527250585108592	-0.05675472344737054	3	3
hsa-miR-299-5p	0.0732366330428848	-0.08699176120575883	0.007367128264256523	3	2
hsa-miR-29a-3p	0.16839548416105526	-0.17306264270048943	-0.062252448253044594	3	4
hsa-miR-29b-1-5p	0.17371894860177575	-0.14895926897232495	0.09713667290176359	3	3
hsa-miR-29b-3p	0.16857258748301976	-0.16803024738531153	-0.04795447227037657	3	3
hsa-miR-29c-3p	0.16807791383479329	-0.17342621060294425	-0.0744287165785992	3	3
hsa-miR-29c-5p	0.10150288025956941	0.054551125434310684	0.08344314904516176	3	5
hsa-miR-301a-3p	0.1712379146728981	-0.17491045243238834	0.0004627762941663589	3	1
hsa-miR-301b-3p	0.16499022718551104	-0.16861880961831618	0.02436062647727402	3	3
hsa-miR-301b-5p	0.052719838887279206	-0.013181220768452686	0.0020639616534290604	3	3
hsa-miR-302a-3p	0.09600818594038196	-0.09663487895778912	-0.08232406669767817	3	3
hsa-miR-302a-5p	0.03010785511772337	0.015620181333798095	0.019706388415792725	3	2
hsa-miR-302b-3p	0.054413271317054084	-0.04174084520258061	-0.04392109122808441	3	2
hsa-miR-302c-3p	0.04884566431628691	-0.03356933813158928	-0.03885134126418396	3	3
hsa-miR-302c-5p	0.03505140044152417	0.019021728113456964	0.03166013520092232	3	1
hsa-miR-302d-3p	0.04623784913150507	-0.03136386144478925	-0.027910742952864255	3	2
hsa-miR-3064-3p	0.1034485998730343	0.037281229986305585	0.07794186293140888	3	3
hsa-miR-3064-5p	0.10964302802036402	-0.05212910558064537	-0.057831742005570355	3	3
hsa-miR-3065-3p	0.10118555518814677	-0.1455635080529337	-0.0034152350099316583	3	2
hsa-miR-3065-5p	0.12782764555933912	-0.15935056751470456	0.012668641507379516	3	3
hsa-miR-3074-3p	0.10001719698316686	0.07832776790751786	0.08909452628908418	3	5
hsa-miR-3074-5p	0.13395454547758895	-0.0807583256523549	0.003918532055547764	3	4
hsa-miR-30a-5p	0.08844967178619109	-0.02590567839777823	-0.026754610741943626	3	3
hsa-miR-30b-3p	0.07976495861255191	-0.05960080331676495	0.003383077447960939	3	2
hsa-miR-30b-5p	0.09510723395052212	0.0709499369308244	0.06130992356554883	3	4
hsa-miR-30c-1-3p	0.08441499504114401	-0.08644205959685186	-0.02717358874020999	3	3
hsa-miR-30c-2-3p	0.07090158059445167	-0.03617465485645349	-0.013676089263195898	3	3
hsa-miR-30c-5p	0.07788249334434083	0.04639717201282423	0.052579817560306386	3	5
hsa-miR-30d-5p	0.0795738719571962	-0.03619677650920522	-0.051155053720532646	3	3
hsa-miR-30e-5p	0.1650722382433091	-0.18023123897287682	-0.09898181482640027	3	2
hsa-miR-31-3p	0.16304628285194703	-0.1598732695618164	-0.08073620627536959	3	3
hsa-miR-31-5p	0.16541884706670912	-0.16198523863061207	-0.03737456431027815	3	1
hsa-miR-3115	0.04141387330823497	-0.01658757881897679	-0.0029567814227921038	3	3
hsa-miR-3116	0.10358816577833611	-0.11252732618329195	-0.09880169378097461	3	3
hsa-miR-3117-3p	0.0817454207216986	-0.030525661690718738	0.05100921642130975	3	3
hsa-miR-3118	0.054954202019936255	-0.041043251892991635	0.011803543875706233	3	3
hsa-miR-3120-3p	0.11577315540176351	-0.06487427808115323	-0.01371802161987888	3	3
hsa-miR-3120-5p	0.15881173756785977	-0.17353245835384393	-0.03604510027006626	3	2
hsa-miR-3121-3p	0.0830930366932203	-0.05527218119203357	0.017350961330402596	3	4
hsa-miR-3121-5p	0.04099942820924082	-0.0039009786339768344	-0.003159159882011972	3	3
hsa-miR-3124-3p	0.09387181074519906	0.07088425319956203	0.09857544955040681	3	3
hsa-miR-3124-5p	0.22233389686680352	-0.21898844432634176	-0.08889687243782164	3	3
hsa-miR-3125	0.08197205328166367	-0.002778796250386786	0.013316263824956343	3	4
hsa-miR-3127-3p	0.18349005869335863	-0.1664711524546769	-0.005980070301431906	3	3
hsa-miR-3128	0.12181486520125412	-0.09279798885241827	-0.0735874136011108	3	4
hsa-miR-3129-5p	0.038454191104096404	-0.012137587582823368	0.0057086330871571	3	3
hsa-miR-3130-3p	0.0988764119360714	-0.12593868918836323	0.026516731385378647	3	3
hsa-miR-3131	0.04324103373654191	-0.036060077324209	-0.013470825455839806	3	4
hsa-miR-3132	0.059330307047333816	0.030118767009008916	0.030433750681748445	3	4
hsa-miR-3133	0.06574791384150554	-0.027943142649916892	-0.04601441925439183	3	3
hsa-miR-3134	0.05435563048729222	-0.06306984744329795	-0.017539833187258703	3	3
hsa-miR-3135a	0.07961218250039047	-0.03552171164952931	-0.02672774531868835	3	3
hsa-miR-3135b	0.10478171355813358	-0.12212385321464035	0.023834240730302363	3	3
hsa-miR-3136-3p	0.041108079626323915	0.013305125110899187	-0.0001897824865431623	3	3
hsa-miR-3136-5p	0.10387881228364225	-0.13900685903698426	-0.020441746928554314	3	3
hsa-miR-3137	0.058292033378142594	-0.0285269695058416	0.04856405830268304	3	5
hsa-miR-3138	0.09675549833630728	0.041770715684208	0.04241237088742787	3	4
hsa-miR-3139	0.07655517905887935	-0.09410954413546876	0.001680357327333587	3	3
hsa-miR-3140-3p	0.10821172889844156	0.06973221859971826	0.06280929675607128	3	3
hsa-miR-3141	0.08401716110899386	-0.10088552708367732	-0.03712534810389631	3	4
hsa-miR-3142	0.02688605456951486	0.005789102084700595	0.0031440391774484122	3	3
hsa-miR-3143	0.0645654223204774	0.004408525724371853	-0.025257766743970372	3	3
hsa-miR-3144-3p	0.05608374796110092	-0.02393198441566833	-0.02362835059900581	3	3
hsa-miR-3144-5p	0.05638777544841275	-0.0023986266164901975	0.04428113652573725	3	3
hsa-miR-3145-3p	0.11290454305560535	-0.10575815776373527	-0.08721012885799381	3	2
hsa-miR-3145-5p	0.06396013799233072	-0.05697594966018048	-0.013510186483430489	3	4
hsa-miR-3146	0.09759040393954595	-0.04497460041600059	0.028439558475865673	3	3
hsa-miR-3147	0.04089742906345527	0.015659560947224975	-0.0028600409425593282	3	3
hsa-miR-3148	0.06841239087484144	-0.053814638226678146	-0.03422773788146553	3	3
hsa-miR-3149	0.06734699821055333	-0.04244712709602985	0.007736180188867029	3	3
hsa-miR-3150a-5p	0.3211572282107185	-0.28032191977427506	-0.0358709165144797	3	3
hsa-miR-3150b-3p	0.08092992588884176	-0.06894941638753566	-0.016079460268032142	3	2
hsa-miR-3150b-5p	0.0971618543551055	-0.07386665958599359	0.005420456777158021	3	2
hsa-miR-3151-3p	0.029141093626640274	-0.0018401876517544825	0.0007696898497725297	3	3
hsa-miR-3151-5p	0.06650058973274847	-0.038003095416906114	0.021279853326068708	3	3
hsa-miR-3152-3p	0.050211720945464056	0.040325392541431394	0.04704830054824589	3	1
hsa-miR-3153	0.06990327204566128	0.06686507904280833	0.053744584014182646	3	1
hsa-miR-3154	0.07632482181195822	-0.015606067669052665	0.06881982943960635	3	4
hsa-miR-3155a	0.06657175298783091	-0.06856454391426516	-0.03610791763138119	3	3
hsa-miR-3155b	0.06476301343427734	-0.054183128319350515	-0.028332123819178417	3	3
hsa-miR-3156-3p	0.05050109122412523	-0.03832361634974355	0.017959300765334384	3	3
hsa-miR-3156-5p	0.03732664284946234	-0.01620159199922085	-0.016184043211399664	3	4
hsa-miR-3157-3p	0.2882545484866271	-0.2925537142603611	-0.0746681343564452	3	4
hsa-miR-3157-5p	0.08645354906083837	0.04694759463220533	0.013643955930740938	3	2
hsa-miR-3158-3p	0.3073152142229711	-0.23318859334499104	-0.05795119449176718	3	3
hsa-miR-3159	0.04287182903938009	-0.019587643860479023	0.0017769504695515068	3	3
hsa-miR-3160-3p	0.11098144607353824	-0.12858716571105988	-0.044621958752280276	3	3
hsa-miR-3160-5p	0.07036857227279153	-0.04130137015652228	0.02101031163218732	3	3
hsa-miR-3161	0.09332452121010626	0.04803801935732663	0.09484346774436204	3	4
hsa-miR-3162-5p	0.04120894821170752	0.001852151472159261	0.009913815039787523	3	4
hsa-miR-3163	0.0842194884793825	0.03458393974463475	0.017217077830584716	3	3
hsa-miR-3164	0.08817231331976891	-0.0681858214432918	0.006048981358236888	3	4
hsa-miR-3165	0.08408607256247622	0.050833038128025615	0.0740639707235738	3	3
hsa-miR-3166	0.06276357365453011	-0.03509447725739694	-0.05325364186028053	3	3
hsa-miR-3168	0.11811955525931953	0.05372509376846816	0.06943904689266928	3	2
hsa-miR-3170	0.047666204002464733	0.04203298640389832	0.04585943235294008	3	3
hsa-miR-3173-3p	0.09948047363768014	0.042118176077069386	0.08932994583897136	3	4
hsa-miR-3174	0.09575843968348276	0.02254160356720122	0.0997981686352735	3	3
hsa-miR-3175	0.0900055868454719	-0.08212515576756814	0.040805717877405806	3	3
hsa-miR-3176	0.09613897029239343	-0.09011681079774213	-0.02154512470055155	3	5
hsa-miR-3177-5p	0.05832958986712006	0.0017578828520608233	0.0588748769201464	3	3
hsa-miR-3178	0.03076673779236407	0.008811895113789178	-0.00016673520616125747	3	3
hsa-miR-3179	0.10405634633173448	0.07576931938162493	0.06587486733174745	3	3
hsa-miR-3180	0.06744567483767608	-0.016157702244666075	0.03533663006406955	3	3
hsa-miR-3180-3p	0.06742599348727706	-0.016116220160186275	0.03537502221596517	3	3
hsa-miR-3180-5p	0.17471845801889263	-0.18939386660959645	-0.0662190097880951	3	1
hsa-miR-3181	0.08436602856808574	-0.07466924860690215	-0.010952001290822288	3	4
hsa-miR-3182	0.04988826422310676	0.009140346797129665	0.04050871666138784	3	3
hsa-miR-3183	0.06358039270260772	-0.04141094901691283	0.027200135562912658	3	3
hsa-miR-3184-3p	0.05082947490138184	-0.031871404362922545	-0.0034188254829293327	3	1
hsa-miR-3184-5p	0.04970132676424426	-0.037044741400777514	0.01764240146920226	3	3
hsa-miR-3185	0.035762378894352444	0.023716364244819613	0.029419223731838716	3	2
hsa-miR-3186-3p	0.06675775208494615	0.01904080021795284	0.07745697271880338	3	3
hsa-miR-3186-5p	0.06662383471834199	-0.06725170937309347	0.00031341818075090143	3	2
hsa-miR-3187-5p	0.06474761768939151	-0.01868118579709305	0.04761452438233853	3	3
hsa-miR-3188	0.09275467207316863	0.04492570919499242	0.06421455163554905	3	4
hsa-miR-3189-3p	0.04893972289987809	-0.01479985544744237	-0.002230605417338356	3	3
hsa-miR-3189-5p	0.04330081460466055	0.0228532625473659	-0.009268968566292318	3	3
hsa-miR-3190-3p	0.1750389441584698	-0.1987811517411053	-0.059030115013607574	3	4
hsa-miR-3190-5p	0.050595557001119784	0.027620986348791808	0.03410608280729313	3	1
hsa-miR-3191-3p	0.1312018933081537	-0.15964684631366668	-0.013306432581866198	3	3
hsa-miR-3191-5p	0.07396354548158278	-0.04485861031397865	0.02505713587012732	3	2
hsa-miR-3192-3p	0.0940579619311277	0.07460638885093251	0.09188267728575183	3	3
hsa-miR-3192-5p	0.0958105063951171	0.028954178661874507	0.06111209981913319	3	2
hsa-miR-3193	0.07131328841024953	0.0002126358575291452	0.06694756387001508	3	3
hsa-miR-3194-3p	0.1694283728652063	-0.1843179282852177	-0.038437455895668104	3	3
hsa-miR-3194-5p	0.15540804265651284	-0.1625897384935633	-0.03425698453148509	3	4
hsa-miR-3195	0.11266090619056442	0.04095709646131749	0.06291991562953418	3	5
hsa-miR-3196	0.13265163853475087	0.05641993282926508	0.08426211061786847	3	4
hsa-miR-3197	0.03456552520016929	0.007083287590380541	0.01790498303833694	3	5
hsa-miR-3199	0.08100210491898416	-0.01583602523011149	-0.004779953582140035	3	3
hsa-miR-32-3p	0.09782523412483024	-0.07559029459922428	-0.01034168620698677	3	3
hsa-miR-32-5p	0.166842365872447	-0.1708174849210652	-0.049361739496330936	3	1
hsa-miR-3200-3p	0.16480076227721538	0.08312817073509443	0.08726513131356219	3	3
hsa-miR-3200-5p	0.19203577262362032	0.10749122939509245	0.08505483310188121	3	4
hsa-miR-3202	0.09670193374970139	0.029161096273155974	0.029214838187696112	3	4
hsa-miR-320b	0.09809101865639482	-0.048921890612965147	-0.06141541521186842	3	4
hsa-miR-320c	0.07971020827482866	-0.018585774919643694	-0.000655766655661906	3	4
hsa-miR-320d	0.11619812594825714	0.010340175382541856	0.04424706941704568	3	4
hsa-miR-320e	0.11416951078999274	0.054159937434528294	0.04992467829724601	3	4
hsa-miR-323a-3p	0.12037402587529078	-0.07471038785283257	-0.09896488945246472	3	3
hsa-miR-323a-5p	0.054171587853321185	-0.06411850275159686	-0.0036474307927983505	3	3
hsa-miR-323b-5p	0.054183613300203416	-0.01456994344307582	0.03158829350197739	3	3
hsa-miR-324-5p	0.15302792474073243	0.11234768671412583	0.08469095884092584	3	3
hsa-miR-326	0.07361805204565654	-0.019443861308314058	0.04771361927680283	3	3
hsa-miR-328-3p	0.10137960332152095	-0.048582513287261354	0.032849938704046455	3	2
hsa-miR-328-5p	0.09566830835977409	-0.12319031395943843	-0.017667532767217102	3	5
hsa-miR-329-3p	0.07064894100187885	0.010412925164918197	-0.00462127542898883	3	3
hsa-miR-329-5p	0.05318605792526553	-0.027684712811662168	0.008495886641921958	3	3
hsa-miR-330-3p	0.1791094187938744	-0.06354820587200195	-0.07563811261995626	3	4
hsa-miR-330-5p	0.3010849140427801	-0.30102542448059105	-0.040693497570440496	3	3
hsa-miR-331-5p	0.07837318332573535	0.05318387118551949	0.0214649118397188	3	4
hsa-miR-335-5p	0.09379837674380635	-0.13692585627991694	-0.013526106352762902	3	4
hsa-miR-337-3p	0.0709840864365877	-0.015936342812575343	-0.027016886358838057	3	2
hsa-miR-337-5p	0.10865163027612824	-0.11501756464204876	-0.046170907896225896	3	2
hsa-miR-338-3p	0.16305365256386026	-0.16493726993790733	0.0029938252842934636	3	2
hsa-miR-338-5p	0.07585117771911624	-0.025409560872857073	-0.023565322750013322	3	3
hsa-miR-339-3p	0.1163407939556633	-0.11957297844543217	-0.01375907434604941	3	5
hsa-miR-33a-3p	0.13617696603223428	-0.1493519178798604	0.059643338214247395	3	3
hsa-miR-33a-5p	0.16762551789160238	-0.17342550164999096	0.02541865068135819	3	2
hsa-miR-33b-3p	0.07569669967352936	-0.03167435181719927	0.018773311996562955	3	1
hsa-miR-33b-5p	0.16249928551313067	-0.1765272392095605	-0.03378966296849413	3	3
hsa-miR-342-3p	0.1768348373876815	-0.1214936576711965	0.08320242210597317	3	4
hsa-miR-342-5p	0.2419447177162255	-0.2563000510201454	-0.06571354032927479	3	3
hsa-miR-345-3p	0.07218522737237201	-0.0755469045095861	0.0076235202431738465	3	3
hsa-miR-345-5p	0.10320465146154595	-0.0945685600035724	-0.06442486578908577	3	3
hsa-miR-34a-3p	0.05895262955365932	-0.02857818189324763	0.042723842766877865	3	3
hsa-miR-34b-5p	0.12522780448378684	-0.12867064126496763	-0.09647436815516845	3	4
hsa-miR-34c-3p	0.061583112594572616	-0.00322593409653866	0.03554081981740269	3	3
hsa-miR-34c-5p	0.14440097566186375	-0.15313926217104823	-0.07721145129152968	3	3
hsa-miR-3529-3p	0.037591655403270495	-0.02182905915447403	-0.001120730765640551	3	3
hsa-miR-3529-5p	0.05129925471768958	-0.010968187724465556	0.0361765371570505	3	3
hsa-miR-3605-3p	0.11869365341768166	-0.10580135497422552	-0.04049440209586958	3	3
hsa-miR-3605-5p	0.0957363589795054	0.059809100441136714	0.042139400361692156	3	3
hsa-miR-3609	0.1591234559949142	-0.16182279260890475	0.07394134811959722	3	3
hsa-miR-361-3p	0.18812941073412492	-0.17350101050777123	-0.042359395655918196	3	3
hsa-miR-361-5p	0.12779712052029235	0.017100948598314316	0.0704247969263682	3	5
hsa-miR-3610	0.04954678224850783	-0.017335163713905824	0.02243229516680215	3	4
hsa-miR-3611	0.17012159424222548	-0.17854461699725063	-0.008404335057644473	3	4
hsa-miR-3612	0.06412413499533756	0.05716430358263292	0.05333637890314271	3	3
hsa-miR-3613-5p	0.07521234523780945	-0.04959211986437511	-0.03040302821444061	3	3
hsa-miR-3614-3p	0.11648351164080217	-0.1261453298244676	0.03438956539924918	3	3
hsa-miR-3614-5p	0.11488436543215584	-0.1068084998548669	-0.03896608685438304	3	1
hsa-miR-3615	0.30379473771708065	-0.2836726160273798	-0.09711711725509124	3	3
hsa-miR-3616-3p	0.08734466244542496	-0.09129505044881442	-0.05473996782164646	3	5
hsa-miR-3617-3p	0.06386119870515732	-0.006766903516916201	0.029592117925677515	3	2
hsa-miR-3617-5p	0.09000758289090495	-0.0977765964114686	-0.03440076024024747	3	3
hsa-miR-3618	0.1188417171959423	-0.12096104650943022	-0.07665897773757115	3	3
hsa-miR-3619-3p	0.10520393984805097	0.0883756918255084	0.0909964851245041	3	3
hsa-miR-3619-5p	0.09378476582234954	0.055293371179792744	0.08466166142356939	3	4
hsa-miR-362-3p	0.16141560526764848	-0.17622537492218857	0.015123032371724306	3	3
hsa-miR-3620-5p	0.080973685933705	-0.016988348177617626	0.021330105236621266	3	3
hsa-miR-3621	0.04208208258999819	-0.0033159223939914968	0.02628028103230107	3	4
hsa-miR-3622a-3p	0.03869710699516147	-0.02377504453520475	-0.01246655856661791	3	1
hsa-miR-3622a-5p	0.04514306475401843	-0.022068607789683652	0.018700292566494244	3	3
hsa-miR-3622b-3p	0.039197635204498704	-0.0057753080938493465	-0.01797016242117819	3	3
hsa-miR-3622b-5p	0.04313398502039388	-0.017668876235257716	0.022406913878632563	3	3
hsa-miR-3646	0.04035291566300191	0.00380819148675814	-0.0023116849752795377	3	3
hsa-miR-3648	0.04152090621679699	-0.0037218337439109293	0.03649220894042371	3	4
hsa-miR-3651	0.1821710849034581	-0.20649885918022554	-0.015225000423587065	3	5
hsa-miR-3652	0.06094602945995563	0.04814953799843198	0.07599085150203774	3	3
hsa-miR-3654	0.04276112807629907	0.021846385526284005	0.02688801174801489	3	3
hsa-miR-3655	0.06534728278742136	-0.07097040335175858	-0.04186102837302036	3	2
hsa-miR-3657	0.12084778428648564	-0.13743402460772713	-0.03133150427457116	3	3
hsa-miR-3658	0.04464239640411274	0.038674513024044205	0.023042919624492043	3	3
hsa-miR-3659	0.06948114480109459	-0.06102370313232091	-0.040150386391725884	3	3
hsa-miR-365a-5p	0.08079540363498612	-0.02748970634892175	-0.030086955562181893	3	3
hsa-miR-365b-5p	0.07612794268067613	-0.024044182409835746	0.04016016293619218	3	3
hsa-miR-3660	0.0341765334943423	0.02393219321550761	0.015687900217888327	3	3
hsa-miR-3662	0.0414221069517277	0.012653962831541488	0.010706744522330591	3	3
hsa-miR-3663-3p	0.05006516612072165	0.0016377249179581426	0.03594515264613555	3	5
hsa-miR-3663-5p	0.05600450559244007	-0.0209731918990984	-0.03815725759184591	3	2
hsa-miR-3664-3p	0.03766733633546236	0.02454939176854317	0.02313380587494415	3	3
hsa-miR-3665	0.05395999579287756	-0.05157896469895101	-0.01589106193515056	3	5
hsa-miR-3670	0.06699014776201996	0.06089271434644857	0.05434696292446541	3	3
hsa-miR-3674	0.03261443312188449	0.02191850051669982	0.02087636383338086	3	4
hsa-miR-3675-5p	0.10519167543520919	-0.024045701340588185	0.0904659267916236	3	3
hsa-miR-3677-3p	0.12224166321313724	-0.1392158561173182	-0.07445588920385449	3	4
hsa-miR-3677-5p	0.12862070761198718	-0.1367009854595265	-0.06287641761554243	3	4
hsa-miR-3678-3p	0.04538619463287255	-0.008769031594935688	0.028771659434338282	3	3
hsa-miR-3678-5p	0.10517172836615506	-0.11869851608039525	-0.06130724437643295	3	3
hsa-miR-3679-3p	0.050138395891415326	-0.015894032706279447	0.025854639596241933	3	2
hsa-miR-3679-5p	0.12383212427494857	-0.08129074594344418	0.08961113094323693	3	4
hsa-miR-3680-3p	0.06798296205500728	-0.010737700450185593	-0.024855115491717202	3	3
hsa-miR-3680-5p	0.15090119277654518	-0.1643564220245162	-0.07254161613497899	3	3
hsa-miR-3681-5p	0.09184187043326342	-0.05547183492900873	-0.05973343918398898	3	3
hsa-miR-3682-3p	0.09087688128206661	0.03512168312367491	0.03817305838490281	3	1
hsa-miR-3682-5p	0.06995036602766763	0.007881403105295648	0.059711312626018385	3	3
hsa-miR-3683	0.05199292134510169	-0.023559723836409405	0.03221129951086687	3	3
hsa-miR-3684	0.07650825429856271	-0.10010352476793709	0.0019588265835756035	3	2
hsa-miR-3685	0.10444561157960773	-0.025395884047498714	0.05350507448732757	3	3
hsa-miR-3686	0.05361258478179177	-0.014141612936579746	-0.021399118098785388	3	3
hsa-miR-3688-5p	0.044814510403487745	-0.013776659913439527	-0.0012896224188837498	3	3
hsa-miR-3689a-3p	0.049961581390178526	0.03519831547598328	0.05024954979323372	3	3
hsa-miR-3689a-5p	0.08734466244542496	-0.09129505044881442	-0.05473996782164646	3	3
hsa-miR-369-3p	0.15352713997199857	-0.15672581667658292	-0.07232036276007343	3	3
hsa-miR-3690	0.22825029282810966	-0.13842344088352168	-0.0421767186437039	3	3
hsa-miR-3691-5p	0.09591318274397113	-0.0018070197791840953	0.04558509819737377	3	3
hsa-miR-3692-3p	0.08563784315546322	-0.037031681238582755	0.062210493141013026	3	3
hsa-miR-3692-5p	0.057907653975851285	-0.03917982141301846	0.03629465200620569	3	3
hsa-miR-370-5p	0.0855081708230006	-0.053929278600463024	-0.06092976367930119	3	3
hsa-miR-3714	0.051709249088316304	0.017114898021686396	0.04752198560066008	3	2
hsa-miR-371a-3p	0.03989482684983488	0.028737865446952594	0.0372231781187196	3	3
hsa-miR-371a-5p	0.03816718379422128	0.0023589119562127327	0.030430835958881998	3	2
hsa-miR-372-3p	0.03790011916294406	-0.012051448684121101	0.028983382696222085	3	2
hsa-miR-373-3p	0.07336183448249597	0.014210955907537577	0.030732045971143117	3	3
hsa-miR-373-5p	0.07163096954883874	0.028088725224968386	0.03441255403270095	3	3
hsa-miR-374a-3p	0.18325707653712314	-0.19322669495123349	-0.0890794203744285	3	3
hsa-miR-374b-3p	0.14219748024748144	-0.15161415408740694	-0.052557087784030045	3	2
hsa-miR-374b-5p	0.11894167101021251	-0.11945891861504938	-0.06883845171352641	3	3
hsa-miR-374c-3p	0.10719164880440787	-0.08589525785069439	-0.013962321321591946	3	3
hsa-miR-374c-5p	0.08753228984882708	-0.05761640304211803	-0.027666577169722012	3	3
hsa-miR-376a-2-5p	0.1281925814668854	-0.13951588746349564	-0.0661454756478682	3	3
hsa-miR-376a-3p	0.14994379926515458	-0.1477658203323494	0.03840255020919103	3	3
hsa-miR-376a-5p	0.10356612514110523	-0.14618586004937328	0.0056288083907611525	3	3
hsa-miR-376b-3p	0.15614888820603037	-0.1529134237905735	0.023250144633081605	3	3
hsa-miR-376b-5p	0.13587625172316592	-0.14918820711333	-0.06865505882855513	3	3
hsa-miR-376c-3p	0.14719586269700985	-0.14732529249299478	0.020446456300440095	3	3
hsa-miR-376c-5p	0.13106452003333377	-0.1467987652931775	-0.060136029871343824	3	3
hsa-miR-377-3p	0.16810511845999654	-0.16130067538077464	-0.03842597070390493	3	3
hsa-miR-377-5p	0.07833740756703235	0.016566378816950864	0.07130189370413946	3	3
hsa-miR-378a-3p	0.17074386737562877	-0.1628275754350293	-0.05763408978953269	3	5
hsa-miR-378b	0.12739485599788286	-0.1590473916825026	0.0320801035529793	3	3
hsa-miR-378c	0.15547355032020824	-0.15901695826802603	-0.06575603598924845	3	4
hsa-miR-378d	0.18074500480586073	-0.11710140355685372	-0.0697905311703814	3	3
hsa-miR-378e	0.12395254889466405	-0.07594534017464226	-0.03726362802073923	3	3
hsa-miR-378f	0.24772505578697482	-0.23308910614608228	-0.08004408047764248	3	3
hsa-miR-378g	0.19724773051475122	-0.17512085277214892	-0.054201516658178	3	3
hsa-miR-378h	0.12993260793884598	-0.09449124646412847	-0.05035353934744167	3	3
hsa-miR-378i	0.22236722503852718	-0.11235198835857554	-0.08819032305889345	3	4
hsa-miR-378j	0.14459086142932964	-0.16618489331525624	-0.021708024444026024	3	3
hsa-miR-379-3p	0.14093373313479057	-0.07140390762812901	-0.08736035347792546	3	3
hsa-miR-380-5p	0.07784620223071145	-0.06630807350259917	-0.02167650493499617	3	4
hsa-miR-381-5p	0.05485530126669757	-0.06915934898818211	-0.0019902688616177454	3	2
hsa-miR-382-3p	0.14135722309590917	-0.07977183689199481	-0.09630346563691457	3	2
hsa-miR-382-5p	0.07944533132105921	-0.05392822659414434	-0.05386089265199948	3	3
hsa-miR-383-5p	0.06052259244769755	-0.044473504432868266	-0.01173312098441834	3	3
hsa-miR-3907	0.06463983274537524	-0.013535337174548773	0.05211365678910191	3	4
hsa-miR-3909	0.17544477474804218	-0.15570476685615406	-0.06391063229170685	3	4
hsa-miR-3910	0.11010156219423382	-0.11794464798221194	-0.06018675763574039	3	4
hsa-miR-3911	0.05384629258800414	-0.03123235676337455	0.017032959454148972	3	3
hsa-miR-3912-3p	0.10611744779254022	-0.13571789391372802	-0.002651155304892488	3	3
hsa-miR-3912-5p	0.10962500565975535	-0.1310311315506306	-0.02414695041172243	3	3
hsa-miR-3913-5p	0.26645103078863963	-0.2299341929012488	-0.09835218497531686	3	3
hsa-miR-3915	0.02948616894805703	-0.0004207317645112602	-0.012689865805186225	3	4
hsa-miR-3916	0.10212671370208506	-0.11096653913177182	0.03771362654485234	3	3
hsa-miR-3917	0.06181907852061296	-0.048318997007152004	-0.004901484483095394	3	3
hsa-miR-3918	0.09580136907522023	-0.04174316384292786	0.06333449961478442	3	3
hsa-miR-3919	0.03448589015463002	0.024684755848339335	0.029016648632142112	3	4
hsa-miR-3920	0.09693968827220194	-0.10518359332171641	-0.03674683459759621	3	3
hsa-miR-3921	0.02875794282472857	0.013220780187142317	0.014372750525478456	3	3
hsa-miR-3922-3p	0.07740245279760935	-0.009984018469422344	0.0624978311440268	3	2
hsa-miR-3922-5p	0.0572307777510985	-0.028427607735231755	0.016682185445331264	3	3
hsa-miR-3923	0.06531625510022493	-0.0688277672386708	-0.03697966567933762	3	2
hsa-miR-3925-3p	0.05301168958466599	0.03412217009547114	0.04554058218909074	3	2
hsa-miR-3925-5p	0.036542281415361665	0.007517251841141636	-0.006534519977931764	3	3
hsa-miR-3926	0.06390390610633571	-0.06577488919753205	-0.0017295481210826567	3	5
hsa-miR-3927-5p	0.028751101163801168	-0.005586501854609519	-0.014316606968738306	3	3
hsa-miR-3928-3p	0.08617246715135468	0.0054784462168754565	0.019971544080744516	3	2
hsa-miR-3928-5p	0.08691845395469788	0.05496117646585892	0.09879129426667592	3	5
hsa-miR-3929	0.056084613978296415	0.017375047937199652	0.024927323431032176	3	2
hsa-miR-3934-3p	0.1538259775745472	-0.15808734213791004	-0.04174521488917281	3	3
hsa-miR-3934-5p	0.15010066206005843	-0.16424653447778936	-0.07292502917903444	3	4
hsa-miR-3935	0.040531331872004674	0.016058805284522377	0.025918846790397115	3	5
hsa-miR-3936	0.09744195400391817	-0.057683428927969495	0.04443713044576483	3	3
hsa-miR-3937	0.04972220487915816	0.009908967803883471	0.024555144635350835	3	3
hsa-miR-3938	0.045653208815009824	-0.019237628463797472	0.013309015784332159	3	4
hsa-miR-3939	0.08982952849587499	-0.059212013695586395	0.0024421782125296824	3	3
hsa-miR-3940-5p	0.04653858932204015	-0.025145944251104196	-0.016788832511807978	3	5
hsa-miR-3941	0.05486732601752862	0.019102419369617134	0.053190426680806736	3	3
hsa-miR-3942-3p	0.041590966465569125	-0.020197401916492542	-0.016301906598889155	3	3
hsa-miR-3942-5p	0.05703424019161083	-0.027214084798007458	0.01693985380991938	3	3
hsa-miR-3943	0.12027127923650051	-0.12544784817224502	-0.07705577085815349	3	3
hsa-miR-3944-3p	0.09031872331672257	-0.05927919336087584	0.024425522337408818	3	3
hsa-miR-3945	0.033887662808994155	0.008191395894247352	0.009633965894946084	3	4
hsa-miR-3972	0.03305723335796703	-0.0057357654687159795	-0.025998022503343002	3	3
hsa-miR-3976	0.06506446537043299	-0.05299940679128491	-0.05580577154133899	3	4
hsa-miR-3978	0.03413367710319857	0.02153247817121653	0.026724333008311507	3	3
hsa-miR-409-5p	0.16702954640079046	-0.1029905510448042	-0.09902442682089792	3	3
hsa-miR-410-3p	0.0676388630411364	-0.015719167040451756	-0.04124704916927787	3	3
hsa-miR-410-5p	0.051082435136254815	-0.033598612129570916	-0.04300350575376129	3	3
hsa-miR-411-5p	0.10258495113468101	-0.1008704960711514	-0.08479481719184244	3	3
hsa-miR-412-3p	0.05079054692565202	-0.03651094448731465	-0.003710153476949387	3	3
hsa-miR-412-5p	0.11688983882647618	-0.1284421885394221	-0.058812349895120374	3	3
hsa-miR-421	0.1348738637194673	0.12418117815567527	0.0764141054007027	3	4
hsa-miR-422a	0.17373393341869386	-0.15479438454636518	-0.04943518046170247	3	5
hsa-miR-423-3p	0.27375976013010966	-0.26363660560400426	-0.06508245119492244	3	2
hsa-miR-423-5p	0.07047051197699537	-0.003937471043085733	0.0053453866010709054	3	5
hsa-miR-424-3p	0.14625970090950827	-0.09816402928698924	-0.06834120241505211	3	3
hsa-miR-424-5p	0.1655020758397038	-0.16830582710759065	-0.040357987827599764	3	1
hsa-miR-425-3p	0.08866135924955403	-0.06826239227020299	-0.01349928425354186	3	1
hsa-miR-425-5p	0.06859573783330078	0.033299484483699474	0.04230970733346213	3	5
hsa-miR-4253	0.026774817592982347	0.0038099553304979214	0.0005052920106613521	3	3
hsa-miR-4254	0.03382110665956045	0.021094264189342425	0.02543303120328805	3	3
hsa-miR-4257	0.03667907508312902	0.020367176563650096	0.02242196130007746	3	3
hsa-miR-4258	0.029603761502213034	-0.007324990110569564	-0.016618492795084466	3	4
hsa-miR-4259	0.038098763280225795	-0.01704720202461053	-0.01647663600078085	3	1
hsa-miR-4261	0.035122603724392035	0.024480586587875386	0.03170062182350056	3	4
hsa-miR-4266	0.03457236154370139	-0.014781811638200876	-0.026780476565051656	3	3
hsa-miR-4270	0.03237234736294777	-0.001129152311861972	0.011363321811310903	3	5
hsa-miR-4271	0.05599043772722253	-0.04642764909431031	-0.022691371382820725	3	4
hsa-miR-4274	0.03576237889438158	0.023716364244819606	0.029419223731838716	3	3
hsa-miR-4279	0.031206745701023324	0.010122753280163875	0.011123887285608033	3	3
hsa-miR-4281	0.03882932989546855	-0.004243571578387915	0.04132931238222021	3	5
hsa-miR-4284	0.09260832196759752	-0.08167032966225299	0.03233821370872441	3	5
hsa-miR-4289	0.06075513371371227	0.007691443547673634	0.03212574112247789	3	1
hsa-miR-429	0.1304588507090111	-0.1350976545919773	-0.05392225999751135	3	3
hsa-miR-4290	0.0360930019069645	0.010469179878197442	0.03437586090707252	3	2
hsa-miR-4291	0.07535172227786656	-0.07184301914684595	-0.0508660624065761	3	3
hsa-miR-4297	0.03738742468570028	0.024083689639280672	0.02064127863225823	3	2
hsa-miR-4298	0.06435525440189835	-0.046649289874827	-0.04974792731603138	3	4
hsa-miR-4301	0.08080753189359188	-0.013717540382477115	0.020193964565012105	3	3
hsa-miR-4302	0.027260822401582098	0.008412998099119922	0.005221350776833971	3	4
hsa-miR-4306	0.23717681864605206	-0.24405993637344964	-0.05341586623083201	3	5
hsa-miR-4307	0.027005860157325364	0.00010309607398756811	-0.0056143556740150214	3	2
hsa-miR-4308	0.054371957784175015	0.04514574634204833	0.049237899261111745	3	2
hsa-miR-431-3p	0.10129620523897612	-0.08588420020852953	-0.06697368604764224	3	3
hsa-miR-431-5p	0.09888062672276506	-0.07843380686031574	-0.0595324621870122	3	3
hsa-miR-4312	0.08263209846844939	-0.08342336240555645	-0.05384167091380406	3	1
hsa-miR-4313	0.03443304633071284	-0.020015256881025033	-0.026899747988662303	3	1
hsa-miR-4317	0.0537429279501873	-0.05138487892654256	0.027544639902713483	3	3
hsa-miR-4318	0.08501495741958656	0.05019661428989118	0.07027240290416026	3	1
hsa-miR-432-3p	0.05040602352040895	0.010301927375146774	-0.00857794748027621	3	3
hsa-miR-432-5p	0.08136135973303239	-0.07764969219583158	-0.0353011180899617	3	3
hsa-miR-4322	0.0340646782467662	-0.007264312132782523	0.006804757459240441	3	3
hsa-miR-4324	0.21451463546631636	-0.22466054632959848	-0.05698562309544571	3	3
hsa-miR-4325	0.06635650554476759	-0.06302270580638471	-0.021879448428585302	3	2
hsa-miR-4326	0.07783065436090164	-0.08355080395258695	-0.03286235390462421	3	3
hsa-miR-4327	0.07400541092759774	0.040196980224402226	0.09683208548728166	3	4
hsa-miR-4328	0.04090183926583019	0.015540252921338269	0.03571584931104094	3	2
hsa-miR-433-3p	0.11136376755442146	-0.07554052604190377	-0.08722852555842614	3	3
hsa-miR-433-5p	0.050219453376519105	-0.057243659262838434	-0.03105587602206665	3	2
hsa-miR-4420	0.07872326453331864	-0.06168472034165393	-0.03521183151606404	3	3
hsa-miR-4421	0.04796716891444344	-0.008858473604740251	-0.022215334985400067	3	4
hsa-miR-4423-3p	0.08943193742292972	-0.10181732793317916	0.054887848561010345	3	5
hsa-miR-4423-5p	0.08120003494662648	-0.005714625317730491	0.07661411667718687	3	2
hsa-miR-4424	0.046742066093004436	0.01283564003162386	0.021233183928841243	3	3
hsa-miR-4425	0.12774275502952917	-0.13362676655923358	-0.07557918842372079	3	2
hsa-miR-4426	0.1301572469682641	-0.1344797965678243	-0.09810223503869783	3	3
hsa-miR-4427	0.0312882200252327	0.003939161270908923	-0.0013965318670761979	3	3
hsa-miR-4428	0.04024164620308716	-0.025315895081199212	0.01921191632550343	3	4
hsa-miR-4429	0.08076608875111904	-0.036803050405996386	-0.021725750852427537	3	4
hsa-miR-4430	0.04776735187801077	-0.0359761878136034	0.0024012786769451702	3	4
hsa-miR-4431	0.03802146858872538	0.026561163209118117	0.03413528249801133	3	3
hsa-miR-4432	0.05880826124935821	-0.04756586186022091	-0.0215576158341128	3	3
hsa-miR-4433a-3p	0.09328460224896745	-0.12207503605151723	-0.011121177314328268	3	3
hsa-miR-4433b-3p	0.12564583531954346	-0.09819741424778544	-0.05499931569391785	3	4
hsa-miR-4434	0.026927278363190643	0.0005413100558619469	-0.004379197425731717	3	3
hsa-miR-4435	0.09295707702823297	-0.06294332994923574	-0.040738840974324286	3	4
hsa-miR-4436a	0.050971302812944055	0.0023622002888117988	0.04413211191821885	3	4
hsa-miR-4436b-3p	0.055594722584325	-0.027986615406998375	0.002209242842970908	3	3
hsa-miR-4436b-5p	0.044702406100138155	0.03334377944271423	0.03799123554989721	3	2
hsa-miR-4437	0.06549132825677031	-0.05521467807790732	-0.0015765018756001281	3	3
hsa-miR-4438	0.10767635538086208	-0.10134980527869034	-0.08257026807349825	3	3
hsa-miR-4439	0.08263209846844939	-0.08342336240555645	-0.05384167091380406	3	3
hsa-miR-4440	0.07807567360212407	0.05086701960100811	0.047030681694215516	3	3
hsa-miR-4442	0.05977828033471795	-0.02027832944215207	-0.030326817331132343	3	4
hsa-miR-4443	0.1114715898086235	0.05486684804410701	0.04665285099398114	3	3
hsa-miR-4444	0.06359593066163015	0.03760941812890996	0.027902580045606386	3	5
hsa-miR-4445-3p	0.029717795473000054	0.014959268443102355	0.01830279949728897	3	4
hsa-miR-4445-5p	0.053797175691644716	-0.033493962050154785	-0.046587654009251744	3	3
hsa-miR-4446-3p	0.09703680401412175	-0.06894704011900141	-0.03565264019611169	3	3
hsa-miR-4446-5p	0.0502278804880793	-0.035968390255219675	-0.005723788169211064	3	2
hsa-miR-4447	0.0398537672219052	0.026394901344847465	0.027265908339747652	3	3
hsa-miR-4448	0.1630800531804084	-0.11093846584796213	0.007942701876149373	3	2
hsa-miR-4449	0.11119053247943475	-0.019069743646608153	0.09565054801409116	3	5
hsa-miR-4450	0.02700586015733414	0.00010309607398756819	-0.0056143556740150214	3	3
hsa-miR-4451	0.08084437422462801	-0.07037430941355773	0.03671759258508798	3	4
hsa-miR-4452	0.04453555356564872	0.020855468883589284	0.04528008657105152	3	3
hsa-miR-4453	0.04313127121941983	-0.018699985724325893	-0.03595046586290957	3	3
hsa-miR-4455	0.03676247260503867	0.00696070721364046	-0.008559507801841948	3	4
hsa-miR-4457	0.07458410878253748	-0.07454900257012986	-0.05360950045763191	3	3
hsa-miR-4458	0.1139893990413849	-0.1307734326953093	-0.012700257328069226	3	3
hsa-miR-4463	0.05454161317575738	-0.01852843769443848	-0.041810139432360914	3	5
hsa-miR-4464	0.14438858243979413	-0.1505562713956832	-0.06417152101877525	3	3
hsa-miR-4465	0.03651922509350365	-0.017403911693678057	-0.029475367288578868	3	4
hsa-miR-4466	0.0606264722537613	-0.014066121762432642	0.02475021379103647	3	5
hsa-miR-4467	0.08707726414611715	-0.023069658592257732	0.07636928110853897	3	3
hsa-miR-4468	0.03903880425491455	0.01947252507484031	0.020978044593375454	3	4
hsa-miR-4469	0.06704930279944238	0.008817293719177815	0.05322748685672593	3	3
hsa-miR-4470	0.12038351355686375	-0.10411296844949001	-0.06414940701869316	3	3
hsa-miR-4471	0.13005055001197205	-0.12556049439748546	-0.06551333060513667	3	3
hsa-miR-4472	0.04139744805638456	0.018027563858459838	0.020082738882492592	3	2
hsa-miR-4473	0.31365115777445884	-0.3008201037649538	-0.08881497878833093	3	3
hsa-miR-4474-3p	0.1444337426646143	-0.13189303681023337	-0.026401420602392627	3	3
hsa-miR-4474-5p	0.1464698405332431	-0.1514488225085785	-0.09425926483277072	3	3
hsa-miR-4475	0.035295979624562	-0.021751724288889746	-0.027314907423574748	3	3
hsa-miR-4476	0.05731306025098604	-0.04998557989301437	-0.011186926339453498	3	4
hsa-miR-4477a	0.05032019958128898	-0.038983398552610786	-0.006075090050627806	3	2
hsa-miR-4477b	0.10320478139446086	-0.09415924101816409	-0.041224008560492596	3	3
hsa-miR-4478	0.04107114877602145	0.0027785724508143333	0.0031485957538649524	3	3
hsa-miR-4479	0.06979113802870061	-0.03884408765852601	0.0019792285056366107	3	3
hsa-miR-448	0.08422242855061615	-0.08604725841997576	-0.05417853225424497	3	4
hsa-miR-4480	0.10292785391004974	-0.10099009646855643	-0.08350173868796593	3	3
hsa-miR-4481	0.048948713594718626	-0.01073464159489296	0.01678767893821698	3	3
hsa-miR-4482-3p	0.07695096725076835	-0.011169051600617591	0.02727120123105679	3	3
hsa-miR-4482-5p	0.08898543361615217	-0.06313611576511083	-0.0010301955615819197	3	3
hsa-miR-4483	0.04015723523088471	-0.013254617172270985	-0.03069600461240665	3	3
hsa-miR-4485-3p	0.12392885732962439	-0.14499398744437483	0.037932599553444364	3	5
hsa-miR-4485-5p	0.10121552453051874	-0.1341842429995495	-0.05204420515935079	3	4
hsa-miR-4487	0.06679537774651834	-0.07212037560350003	-0.038828577132270316	3	4
hsa-miR-4488	0.09683082282144015	-0.05130316853924265	-0.032836352823406405	3	5
hsa-miR-4489	0.06658997913807674	-0.04852047622347122	0.009441717324305468	3	3
hsa-miR-4490	0.06542500578326314	-0.06309441494674804	-0.02368556224984139	3	3
hsa-miR-4491	0.06294056701779951	-0.05472362456418505	-0.022167059941330496	3	3
hsa-miR-4492	0.11251869288108994	0.028476781534710897	0.062457036234045804	3	4
hsa-miR-4493	0.11127065502906949	-0.11177193886900752	-0.07162353381461224	3	2
hsa-miR-4494	0.03487420613367952	-0.001293336694857279	-0.001014813031563426	3	3
hsa-miR-4496	0.03872084196977657	-0.026753535444763395	-0.008217342217702981	3	3
hsa-miR-4497	0.10973698059826033	0.0010271091752126395	0.07157860860860714	3	4
hsa-miR-4498	0.057392372875891294	-0.05276956131428669	-0.008938253572184163	3	3
hsa-miR-4499	0.06255390046924905	0.04103692239036658	0.030001222643522094	3	4
hsa-miR-449a	0.09325628473891819	-0.11969576788043546	-0.005929166466321769	3	2
hsa-miR-449b-5p	0.04480004498369382	0.014982650775969997	-0.030246307553462276	3	3
hsa-miR-449c-3p	0.05465728006266363	0.03308908185546798	0.024167246654975664	3	2
hsa-miR-449c-5p	0.04703965897082547	0.017770116110381658	0.05255025591640372	3	3
hsa-miR-4500	0.1014391220294088	-0.060323480736090944	-0.09094491285782212	3	1
hsa-miR-4501	0.04503960925643561	0.031569857309508016	0.021094290274823423	3	3
hsa-miR-4502	0.06346862286262787	-0.07384900939993028	-0.032082210062403256	3	3
hsa-miR-4503	0.11315503498813158	-0.09650674195762748	-0.04938668843881642	3	3
hsa-miR-4505	0.05230237803704109	-0.021783546241382255	-0.019033380335076375	3	3
hsa-miR-4506	0.04210742703878623	-0.003840796375155574	-0.0126300278329886	3	3
hsa-miR-4507	0.0728231212265761	-0.008415602662989971	0.04330268647516394	3	4
hsa-miR-4508	0.11440953264817637	0.05502591303263028	0.09218371261643558	3	4
hsa-miR-450a-1-3p	0.06402153625666057	-0.08082723544993008	0.022021617505128595	3	3
hsa-miR-450a-2-3p	0.07121119750572946	-0.003075817786790603	0.027813595090077196	3	2
hsa-miR-450b-3p	0.12216707463233406	-0.09698686848729067	-0.08437780429071522	3	2
hsa-miR-450b-5p	0.12846761405603227	-0.14826496278929974	-0.07053831366802198	3	3
hsa-miR-4510	0.06296434402813039	-0.025764322777833235	0.012124902529590914	3	2
hsa-miR-4511	0.08766186901027088	0.005880260659825899	0.011604396483181111	3	2
hsa-miR-4512	0.0664882925392048	0.026168735770271817	0.055499339728935504	3	5
hsa-miR-4513	0.05553026292505061	-0.04127103337610302	-0.032942284290991906	3	3
hsa-miR-4514	0.07715617704866022	-0.07468781811114478	-0.052662656222260906	3	3
hsa-miR-4515	0.10321748713818912	-0.11793266693543897	-0.012370023498555566	3	3
hsa-miR-4516	0.12779455437095802	0.040647407131277895	0.07981017795089013	3	5
hsa-miR-4517	0.062236832961787385	-0.013014481345150132	-0.02276167501319882	3	3
hsa-miR-4518	0.14791285147360816	-0.1490506529562494	0.031169547063873527	3	4
hsa-miR-4519	0.026348192926609514	0.005119878443168331	-0.0026356331807829893	3	3
hsa-miR-451a	0.1311878933982207	-0.12339820164094661	-0.08403412527371493	3	3
hsa-miR-452-3p	0.06801864121340633	-0.022417107261461063	-0.04323369216432836	3	3
hsa-miR-452-5p	0.11094065890738142	-0.09265507632282999	-0.048061934658524146	3	3
hsa-miR-4520-2-3p	0.03898854241610574	0.023697745865180843	0.026619693288636878	3	3
hsa-miR-4520-3p	0.03864089187770236	0.02096340242762172	0.027149730953601358	3	3
hsa-miR-4520-5p	0.061086335489235845	-0.03955684294328458	0.011637450919871747	3	2
hsa-miR-4521	0.1545889690287429	-0.18206523620696954	-0.06257752904193341	3	3
hsa-miR-4522	0.057402541880353	-0.01313645294342637	-0.039216187325955165	3	3
hsa-miR-4523	0.14914482401061818	-0.15931535287685425	-0.013721214975590137	3	3
hsa-miR-4524a-3p	0.06289320761178316	0.04009333022303484	0.020438612747272912	3	3
hsa-miR-4524a-5p	0.05033176412002868	-0.047858010156732946	0.0009895865392019554	3	3
hsa-miR-4524b-3p	0.08734466244542496	-0.09129505044881442	-0.05473996782164646	3	3
hsa-miR-4524b-5p	0.10796008059148127	-0.11041444172221973	-0.07835723058053538	3	3
hsa-miR-4525	0.07570341819977242	0.02213925474372837	0.07683390918291166	3	3
hsa-miR-4526	0.11023539220635355	-0.07326671771912004	0.08793765650792432	3	3
hsa-miR-4527	0.04048160059000644	0.02940416621447452	0.03806533146982185	3	3
hsa-miR-4529-3p	0.03812548817107538	0.019610722582886157	0.03637347022263331	3	3
hsa-miR-4529-5p	0.039513100764817635	0.028299651465078457	0.03649331188109765	3	3
hsa-miR-4530	0.05722354920238327	-0.020385319269692722	-0.02967509508306424	3	5
hsa-miR-4531	0.14729495046326826	-0.14674640222412913	-0.06689014303593081	3	2
hsa-miR-4533	0.07118562426650565	-0.05360487157840381	-0.019249322785923267	3	2
hsa-miR-4534	0.04287588684466717	-0.00802360347854649	-0.011089630293952392	3	5
hsa-miR-4535	0.037137959060174794	0.02763012156809376	0.014746253227354783	3	4
hsa-miR-4536-3p	0.15802054707116317	-0.1627374724898246	-0.07984847692470926	3	3
hsa-miR-4536-5p	0.13609035044063852	-0.14629775949574714	-0.06630298967165699	3	3
hsa-miR-4537	0.05114849448611414	-0.03301814212579612	-0.033880904963346836	3	3
hsa-miR-4538	0.0538279693476775	-0.03165062193540203	-0.028359122923439183	3	3
hsa-miR-4539	0.09414330342030301	-0.004719671774730117	0.09254357811624538	3	4
hsa-miR-454-3p	0.12618412216449923	-0.16315475079540773	-0.061226147056939614	3	1
hsa-miR-454-5p	0.08520101199613352	0.06542175698105587	0.044844051653574676	3	3
hsa-miR-455-3p	0.09839511856204719	-0.13454118590501526	-0.03497042658852212	3	3
hsa-miR-4632-5p	0.05086251275688395	0.02418414005621184	0.04868685837491715	3	3
hsa-miR-4633-3p	0.06540454148510355	0.04573584812619127	0.05981469762122826	3	4
hsa-miR-4633-5p	0.06585301151253223	-0.050539094185926045	0.019685083432173112	3	3
hsa-miR-4634	0.0449684912333576	0.009679614829341895	0.037552843114643436	3	5
hsa-miR-4635	0.2451753361517344	-0.23706620320057745	-0.058077456175195885	3	3
hsa-miR-4636	0.09278994332049827	-0.08672416286642938	-0.05911225026048941	3	3
hsa-miR-4637	0.07905057156587895	-0.06021024149408031	-0.0037883184954672616	3	3
hsa-miR-4638-3p	0.09386844937412184	0.03325303481653159	0.08218418113025022	3	4
hsa-miR-4638-5p	0.06937532301182493	-0.032902093637069876	0.02487201375390729	3	3
hsa-miR-4639-3p	0.1034663645334558	-0.07992629128766113	-0.003212550946057676	3	2
hsa-miR-4639-5p	0.16116785139664597	-0.19013351872148102	-0.0722146240669968	3	3
hsa-miR-4640-3p	0.048745849518427385	-0.03580186268324974	-0.023781956266801067	3	1
hsa-miR-4640-5p	0.061756483727060746	-0.06229817923204485	-0.0540863555901748	3	3
hsa-miR-4641	0.049690208917047535	-0.024426340648142843	0.009935550261416978	3	2
hsa-miR-4642	0.04719223989879047	-0.013528676421138162	0.0333365049408837	3	2
hsa-miR-4645-3p	0.09492708043843724	-0.014359151680891668	0.07354956327126953	3	3
hsa-miR-4645-5p	0.08881937150532639	-0.10224095224916938	-0.024202896242571575	3	3
hsa-miR-4646-3p	0.07754619512904498	0.06282861864925321	0.042824422512536785	3	1
hsa-miR-4646-5p	0.11057229669140455	0.06079965525050622	0.09224230339070313	3	4
hsa-miR-4647	0.1171228940573543	-0.12328068071009401	0.02701977952272095	3	3
hsa-miR-4648	0.04080763523055963	-0.025487060258644306	0.016421369454334186	3	4
hsa-miR-4649-3p	0.06814068708454783	-0.059617603365873295	-0.031032064584316774	3	1
hsa-miR-4649-5p	0.03949277723365285	-0.025069000100925134	-0.0070963265505534015	3	3
hsa-miR-4650-5p	0.0605005370643181	0.05583246327358178	0.057490479309260344	3	3
hsa-miR-4651	0.10906021903338155	-0.1341332564883914	-0.0033323789790366673	3	5
hsa-miR-4653-3p	0.09594538021441168	0.051497652490964295	0.07400446017909829	3	4
hsa-miR-4653-5p	0.04094310124992012	0.023583515885421517	0.037330032331889126	3	3
hsa-miR-4654	0.09204390185744564	-0.08962734002858669	-0.01559400710690696	3	2
hsa-miR-4656	0.07841534251787201	-0.08074855440145354	-0.02359805872557473	3	3
hsa-miR-4657	0.06353435425449283	0.02082898197881981	0.017839077864858756	3	4
hsa-miR-4658	0.042074115733535776	0.003966825157620592	0.00418808154232465	3	3
hsa-miR-4659a-3p	0.0759653560353455	0.022007366521912767	0.01477490392025906	3	4
hsa-miR-4659a-5p	0.10012160341586289	0.08857858831098925	0.0891081730792487	3	4
hsa-miR-4659b-3p	0.10985414541482391	0.09068024321265132	0.07463395446761648	3	5
hsa-miR-4659b-5p	0.12280628082543629	0.08400551502258102	0.0888865794920369	3	3
hsa-miR-466	0.04182586258744949	0.0011673264022070877	0.03614978235628528	3	3
hsa-miR-4661-3p	0.07237945052457208	-0.0719694436557546	-0.015044647844935895	3	3
hsa-miR-4661-5p	0.24024909996137042	-0.20865846810711744	-0.06328024698175799	3	3
hsa-miR-4662a-3p	0.06888584860421883	-0.0639372345237988	0.015908030444765433	3	3
hsa-miR-4662a-5p	0.08193839043718142	-0.07797082891168504	-0.030995181237223043	3	3
hsa-miR-4662b	0.04958220899465843	-0.016287211589097475	-0.03587018692864765	3	3
hsa-miR-4663	0.08192163389536872	-0.0880704882484763	-0.019988425755089478	3	3
hsa-miR-4664-3p	0.2834643823052145	-0.19088603340142363	-0.049200372323994844	3	1
hsa-miR-4664-5p	0.08348945209587293	0.08639440718636357	0.0733886248703403	3	1
hsa-miR-4665-3p	0.07093660466712194	-0.06253843380442649	-0.03068068697816502	3	2
hsa-miR-4665-5p	0.09609287318474112	-0.05577146221167716	0.04782368651361966	3	3
hsa-miR-4666a-3p	0.06699014776201996	0.06089271434644857	0.05434696292446541	3	3
hsa-miR-4666b	0.030097959208028244	0.013217132906322756	0.02221411773055473	3	1
hsa-miR-4667-3p	0.1082609142905487	0.05446237275375933	0.0777730445101465	3	1
hsa-miR-4667-5p	0.14145264238366145	0.09245240892115693	0.09288096700855981	3	4
hsa-miR-4668-3p	0.09116672486676393	0.05933407400891975	0.0894969301606779	3	2
hsa-miR-4668-5p	0.0698242783243515	-0.0072378808034985614	0.04024879940067408	3	4
hsa-miR-4670-5p	0.055473961011698006	0.02225234537466677	0.05330559472741322	3	2
hsa-miR-4671-3p	0.09070805463999623	-0.08738339547796652	-0.07219132009364598	3	3
hsa-miR-4671-5p	0.04797062211110832	0.008828106105176776	0.04166600962342629	3	3
hsa-miR-4672	0.05730761777383775	-0.004967932837581146	-0.006947653233673281	3	4
hsa-miR-4673	0.04939518707513429	-0.015285552640943285	0.017454624835667315	3	3
hsa-miR-4674	0.060546712759886726	-0.06335284564530551	-0.06418735815185196	3	3
hsa-miR-4676-3p	0.10627610843114502	0.053056068605080234	0.06522274554625793	3	3
hsa-miR-4677-3p	0.1382196721769815	-0.11701448921106763	-0.078037628363649	3	4
hsa-miR-4677-5p	0.21143489390786308	-0.2195026250966018	-0.07548478374335356	3	3
hsa-miR-4678	0.13505119766964577	-0.11045364961212097	-0.08356800016622451	3	3
hsa-miR-4679	0.02688605456951486	0.005789102084700595	0.0031440391774484122	3	3
hsa-miR-4680-3p	0.10783222969734656	-0.11067530013864946	-0.07345917106496068	3	3
hsa-miR-4680-5p	0.08001932708576054	-0.08674281890779721	-0.055627092554618694	3	3
hsa-miR-4681	0.055066765766718616	-0.045063135185093875	-0.05781655389215037	3	3
hsa-miR-4682	0.03446435362492894	-0.0052665926542445445	-0.007464970794693423	3	4
hsa-miR-4683	0.138321891379997	-0.15831704152573722	-0.026614490821979624	3	3
hsa-miR-4684-3p	0.05428035958008887	-0.04101717986450983	-0.04193923688489221	3	3
hsa-miR-4684-5p	0.040378925965756235	-0.02193795139265067	-0.014852929036336249	3	3
hsa-miR-4685-5p	0.044798096311775996	-0.019975571391565788	0.03823173341241035	3	5
hsa-miR-4686	0.07070129461010767	0.06458206707529454	0.06725280104136579	3	3
hsa-miR-4687-3p	0.09329376186813246	-0.08713460543827263	0.02735307131071282	3	5
hsa-miR-4688	0.09999741622109055	-0.10425370648184455	0.022508626237000732	3	3
hsa-miR-4689	0.04645204202459439	-0.02361940987271076	0.022773903918742032	3	5
hsa-miR-4690-3p	0.1502208407369667	-0.1844570791362114	-0.03583714066687178	3	3
hsa-miR-4690-5p	0.061810306431435945	0.0010925707676664482	0.06894237993833255	3	3
hsa-miR-4691-3p	0.06140639047117022	-0.04949244394834231	0.014388250461838423	3	3
hsa-miR-4691-5p	0.03667285492538693	0.007995565200024108	0.017368232368297532	3	3
hsa-miR-4692	0.028660904307010217	0.012998081278320951	0.012576156709793649	3	3
hsa-miR-4693-5p	0.051739795200422406	0.04208543230469703	0.04755359255890724	3	3
hsa-miR-4695-5p	0.06769533378654476	0.025697704098982206	0.06009580773125133	3	5
hsa-miR-4697-3p	0.06597580566115133	0.015739614417359875	0.04495789542703071	3	1
hsa-miR-4697-5p	0.02972599140676963	0.004682225772474478	0.01237364834011282	3	3
hsa-miR-4698	0.03625283051848509	0.006674271457151456	0.008324295026382475	3	1
hsa-miR-4699-3p	0.046857153670472294	-0.032137363394048005	-0.015632794214550882	3	2
hsa-miR-4700-3p	0.042880584848214214	-0.0004486305757538601	0.01941503472370962	3	1
hsa-miR-4700-5p	0.06170786961968975	-0.010903525393127916	0.0412916077808152	3	3
hsa-miR-4701-3p	0.039007884869091965	-0.016167195948732	-0.009513186795788707	3	3
hsa-miR-4701-5p	0.07407770168741434	0.022991904225852365	0.06479923899217707	3	1
hsa-miR-4705	0.1307761710922055	-0.13716234015206083	-0.0797882488483564	3	2
hsa-miR-4706	0.04525053032055526	-0.020487673242768678	-0.0002810529736387333	3	1
hsa-miR-4707-3p	0.053021213278816724	0.0318791858204131	0.02408450926856918	3	3
hsa-miR-4707-5p	0.0662664703329987	-0.035282294315955476	-0.012105615139741722	3	3
hsa-miR-4708-3p	0.058991197337195385	-0.043165497679276785	0.0048579748056124415	3	3
hsa-miR-4708-5p	0.07514538494821522	-0.08304237949975439	-0.004941814905024333	3	3
hsa-miR-4709-3p	0.08337548098186444	-0.08965719655997703	-0.022247233429237238	3	3
hsa-miR-4709-5p	0.21198008384155567	-0.20657032323719296	-0.05727339865101032	3	2
hsa-miR-4710	0.036898405922892716	0.0003218107561716166	0.03720517561786183	3	3
hsa-miR-4711-3p	0.030879644589484126	-0.009530427691477923	-0.021727556458438137	3	3
hsa-miR-4711-5p	0.05192599763179656	0.042300947377749795	0.04811502812630874	3	3
hsa-miR-4712-3p	0.042300797330440364	-0.006167545235158108	-4.6522296189229115e-05	3	2
hsa-miR-4713-3p	0.028321357686879725	0.012121653314572422	0.011284854904770195	3	3
hsa-miR-4713-5p	0.053347050766333434	0.036467921549635095	-0.02547001844191925	3	3
hsa-miR-4714-5p	0.2204953626121167	-0.2367661104801396	-0.07041175951418047	3	2
hsa-miR-4715-3p	0.04275432085795984	0.028111583357382317	0.013409950914931077	3	3
hsa-miR-4715-5p	0.05678496052487846	0.008716764390780665	-0.011086645890368651	3	4
hsa-miR-4716-3p	0.04651635674250515	0.0036115717214618677	0.021818214637173865	3	4
hsa-miR-4716-5p	0.04338657320242111	-0.0094171388761983	0.013321374311458096	3	3
hsa-miR-4717-3p	0.07972012427698062	-0.07865217890402292	-0.022044049250317766	3	3
hsa-miR-4717-5p	0.060277709379528054	0.03187953065970379	0.07231462421121862	3	3
hsa-miR-4719	0.06651363109941591	-0.05089278734775051	0.014670524548602227	3	3
hsa-miR-4720-5p	0.06620661245570163	-0.06474972814180054	-0.0332570758262399	3	3
hsa-miR-4721	0.06965508696575232	-0.08371877753012874	0.013397042295507134	3	5
hsa-miR-4722-3p	0.08615631430356549	0.02378028585593445	0.09064009731129789	3	3
hsa-miR-4722-5p	0.08244171047321457	0.09160395262114343	0.07613441691167509	3	2
hsa-miR-4723-3p	0.10340212260295165	0.05027481137696422	0.06772186946687472	3	3
hsa-miR-4723-5p	0.1090599775926309	0.09234331984557247	0.09209374551715015	3	3
hsa-miR-4724-3p	0.06307814945862111	-0.05841674059767153	-0.003994294337747291	3	3
hsa-miR-4724-5p	0.054842241883193546	-0.04923747912328968	0.024622665707774126	3	3
hsa-miR-4725-3p	0.07417180980475822	0.06051618982347359	0.07163062342849237	3	3
hsa-miR-4726-3p	0.0577390240962	-0.06252047548070143	0.0037663249752612504	3	4
hsa-miR-4726-5p	0.06609698853375316	-0.06157231369521191	-0.01350882954003683	3	3
hsa-miR-4727-3p	0.07337735917873713	0.0037410818624832045	0.04356810299894763	3	3
hsa-miR-4727-5p	0.06128584863775971	0.006147205376842795	0.05896213464150394	3	4
hsa-miR-4728-5p	0.045434154785133456	-0.012627131941305169	0.03236044576259676	3	5
hsa-miR-4729	0.04528880542965039	-0.027773547457810716	-0.037412918272334186	3	2
hsa-miR-4730	0.04794787121241615	-0.017828998104041524	0.008371426648675897	3	2
hsa-miR-4731-3p	0.06641315676027337	-0.014640372581339326	0.048011083594729116	3	3
hsa-miR-4733-3p	0.0450606042052983	-0.012441891433466459	0.03999877874841404	3	3
hsa-miR-4733-5p	0.053191201440828687	0.017737943512025782	0.0483772373296871	3	3
hsa-miR-4734	0.0897758556575122	0.02261678473566016	0.09618880153635294	3	5
hsa-miR-4735-3p	0.028761540281304693	0.01322796402291066	0.015664052330501912	3	3
hsa-miR-4735-5p	0.037708920384246614	-0.0131058350010781	-0.011464840668076966	3	3
hsa-miR-4736	0.0421796744890071	-0.023947197861405024	0.01585014418893861	3	3
hsa-miR-4737	0.035268380909124854	0.009505784623108403	0.008095004326715323	3	3
hsa-miR-4738-3p	0.09206414461065913	0.0035704709404362914	0.050109832278903095	3	3
hsa-miR-4738-5p	0.07004609805384653	0.025847230001535094	0.06132360656052945	3	2
hsa-miR-4739	0.05663372114417008	0.027478409887089772	0.021452986475471156	3	5
hsa-miR-4740-5p	0.054789328071560214	0.04881512937955475	0.025367313826099594	3	4
hsa-miR-4741	0.07541429389222525	-0.03381046423031647	0.07288074353634535	3	5
hsa-miR-4742-3p	0.0882422910578766	0.0789987798311729	0.04884079289872576	3	3
hsa-miR-4742-5p	0.06230643608178233	-0.008629922610421725	0.00125593489082463	3	3
hsa-miR-4743-3p	0.09435342203240439	-0.13248802473850044	-0.02911613909971078	3	3
hsa-miR-4743-5p	0.035511025203107324	-0.022508289388739142	-0.0069101521860495466	3	4
hsa-miR-4744	0.17439296235966575	-0.15882108698908987	-0.05217835462326478	3	2
hsa-miR-4745-3p	0.15561070192493173	-0.14434228024010834	-0.0394651467003804	3	3
hsa-miR-4745-5p	0.08245540683215115	0.03322487798089309	0.07270155160811133	3	5
hsa-miR-4746-3p	0.04117383201110283	-0.005832751823397252	0.010092418751596612	3	5
hsa-miR-4747-3p	0.2170631938616329	-0.25100020247945204	-0.07110156279595262	3	2
hsa-miR-4747-5p	0.11181865692314295	0.03598301864483931	0.07599604899248098	3	2
hsa-miR-4749-3p	0.12582644156396713	0.09496783922597866	0.0943568232897907	3	2
hsa-miR-4750-3p	0.06809254033277165	-0.00905114460822405	0.053257599882075464	3	3
hsa-miR-4750-5p	0.07344786705745417	-0.02672492092681229	0.046714542952239986	3	2
hsa-miR-4751	0.0823318326785499	0.0539339335179169	0.0973374944585565	3	3
hsa-miR-4752	0.05179089898655402	-0.037553641739771326	-0.03846713531244638	3	3
hsa-miR-4753-3p	0.08494878495293441	0.06972634675879291	0.07208044762780125	3	2
hsa-miR-4754	0.07904952769324781	-0.048622699669924406	0.024283545488755	3	2
hsa-miR-4755-3p	0.0910850422342332	-0.0761922913941417	-0.006835698973191338	3	3
hsa-miR-4755-5p	0.270183144804713	-0.25025712775953735	-0.013620296021238855	3	3
hsa-miR-4756-3p	0.051585756400682845	-0.03729595293646278	-0.04003035595572711	3	2
hsa-miR-4757-3p	0.058141320820168	-0.025817847953047177	0.01660638667315289	3	4
hsa-miR-4757-5p	0.05250267285944372	-0.03301737238605935	0.019895664357480004	3	3
hsa-miR-4758-5p	0.04461630813510168	-0.018591120065325862	-0.04107280279221831	3	4
hsa-miR-4761-3p	0.10572886845475943	-0.11358168286141125	-0.009644200339292199	3	3
hsa-miR-4761-5p	0.03993946947318387	-0.028881414440103788	-0.004768381992221645	3	3
hsa-miR-4762-3p	0.2730178490567487	-0.2533866634744359	-0.09822518830786017	3	2
hsa-miR-4762-5p	0.1205230597484803	0.08676164806041682	0.06760327235244099	3	3
hsa-miR-4763-3p	0.032946293090335865	-0.008245427892443083	0.003527769990536544	3	5
hsa-miR-4764-3p	0.04303306714447948	-0.024280446027794177	-0.019433505577162898	3	3
hsa-miR-4764-5p	0.06140994746814228	-0.048007629828810364	-0.010710029703456025	3	3
hsa-miR-4765	0.052620424373642415	-0.05594849598950879	-0.024998698713451083	3	3
hsa-miR-4766-3p	0.10365311724100512	-0.12502212801411397	0.051194062430654504	3	3
hsa-miR-4766-5p	0.06155739187841643	-0.015003842951992894	0.04481787376433788	3	3
hsa-miR-4767	0.13648146962124777	-0.16648879216735518	-0.0025009255536685387	3	4
hsa-miR-4768-3p	0.042740347758181016	-0.029950471726895064	-0.01683380336976906	3	4
hsa-miR-4768-5p	0.05033912500804384	0.02712359303166368	0.04343942236600974	3	4
hsa-miR-4769-3p	0.04618189822629106	-0.006053518883025329	-0.006797239422848053	3	1
hsa-miR-4769-5p	0.03970143122258879	0.005042398708349074	0.005626579484833617	3	3
hsa-miR-4770	0.032889324865417256	0.010775061489826302	0.014842888296599353	3	3
hsa-miR-4771	0.05692849027685255	-0.04539906661313366	0.014587271569062437	3	2
hsa-miR-4772-5p	0.16454255409610538	-0.16480918935905117	0.06013309929136662	3	4
hsa-miR-4773	0.08738868268992286	-0.04390134212512581	0.04640312212635876	3	4
hsa-miR-4774-3p	0.07023196424953947	-0.019229965254702563	-0.03028848292224824	3	3
hsa-miR-4774-5p	0.04189772649407999	-0.025193106615343068	-0.006973293445589422	3	3
hsa-miR-4775	0.04485374824053473	0.009602282485125034	-0.017559738985551906	3	2
hsa-miR-4776-3p	0.048148017130022286	0.04525769023448377	0.03980117558122823	3	3
hsa-miR-4776-5p	0.08663056214546964	-0.0909193796665723	-0.0427339732383015	3	3
hsa-miR-4777-3p	0.07770360289961249	-0.08229229438235183	-0.016023840547015295	3	3
hsa-miR-4777-5p	0.02824189036928836	0.011898954405751054	0.010611132223888391	3	3
hsa-miR-4778-3p	0.03765758012615416	0.024175335181238378	0.0243467922234142	3	2
hsa-miR-4778-5p	0.035762378894372136	0.023716364244819613	0.029419223731838716	3	4
hsa-miR-4779	0.0722261684442536	0.05039495137097261	0.05823820745775106	3	4
hsa-miR-4780	0.03196859055519521	-0.022011225404861088	-0.021244458786997097	3	2
hsa-miR-4781-3p	0.15818976678044722	-0.12177897619840043	-0.03216943122047728	3	4
hsa-miR-4782-3p	0.050079272341139666	-0.02552909790430059	-0.039104459112799556	3	3
hsa-miR-4782-5p	0.03771295755911737	-0.012212350695373927	-0.014460883490518994	3	3
hsa-miR-4783-3p	0.07805654626242196	-0.08612132515933861	0.019995071429711873	3	2
hsa-miR-4783-5p	0.06940303127353828	0.05855144444736337	0.0700585683881163	3	4
hsa-miR-4785	0.09041975149866058	0.028912944181364954	0.06838891498107155	3	4
hsa-miR-4786-3p	0.09299282071893576	-0.059125870805681824	-0.04867101680503103	3	3
hsa-miR-4786-5p	0.10566115681534408	-0.04224893087203088	0.07080452574575503	3	3
hsa-miR-4787-3p	0.07878184081654917	-0.02018257683357397	0.047375607792160095	3	1
hsa-miR-4787-5p	0.09365649726613309	0.011598824937424064	0.02625648604692672	3	4
hsa-miR-4789-3p	0.13999037718944146	-0.14403222521287146	-0.09406563516577822	3	3
hsa-miR-4790-3p	0.02995301931800179	0.01569248033204775	0.018921609638436063	3	2
hsa-miR-4790-5p	0.03634731107697066	0.005055363000171379	0.013010251677887011	3	3
hsa-miR-4791	0.1134396248262319	-0.10404587030974477	-0.005652881743820285	3	3
hsa-miR-4793-3p	0.04407613363564111	-0.01765928103248119	-0.004667665811695964	3	3
hsa-miR-4793-5p	0.046995652047683134	0.009796183426938075	0.031393029225304236	3	5
hsa-miR-4794	0.09167065283023705	-0.08035774387577146	-0.00124323765285975	3	3
hsa-miR-4795-3p	0.06070593601871406	0.011704474594428119	0.02757904487096843	3	2
hsa-miR-4795-5p	0.10045938042335839	-0.09078121131288758	-0.03819115380890679	3	3
hsa-miR-4796-3p	0.0705113508165219	-0.07709009710209647	-0.03572365775835146	3	3
hsa-miR-4796-5p	0.12532946184892566	-0.12496350400722228	-0.050451390223024715	3	3
hsa-miR-4797-3p	0.13401374649390682	-0.1203167244746581	-0.013036204955906619	3	3
hsa-miR-4797-5p	0.198541288771161	-0.1962339833006823	-0.0310406620911256	3	3
hsa-miR-4798-3p	0.03123946828192976	0.01736585342552678	0.02256970980954039	3	3
hsa-miR-4799-5p	0.04931536450298043	0.000731166675222543	0.017352436013104707	3	3
hsa-miR-4800-3p	0.1358431935587358	-0.1597629812013582	-0.018022971798102836	3	3
hsa-miR-4800-5p	0.05313157422541246	-0.026177295764797406	0.016287024606900916	3	4
hsa-miR-4802-3p	0.11608358045885302	-0.12485350386648915	-0.02888222326000595	3	3
hsa-miR-4802-5p	0.15395850512323425	-0.15474369727776804	-0.020309808938912606	3	3
hsa-miR-4804-5p	0.11978164140300812	0.06893916414589783	0.07593674919907901	3	3
hsa-miR-485-3p	0.074042780510993	0.0032939824610942873	-0.023890295535966034	3	2
hsa-miR-485-5p	0.10084406345573389	-0.10262722020722398	-0.08062018033354498	3	3
hsa-miR-486-3p	0.15790955378523772	-0.1499831986592071	-0.02685732522411792	3	1
hsa-miR-487a-3p	0.09063258392707624	-0.09633241791533947	-0.004784342518329619	3	3
hsa-miR-487a-5p	0.07551848179167167	-0.04308904841219626	-0.041781521360896766	3	2
hsa-miR-487b-3p	0.11093076888393347	-0.05292136415811018	-0.023771709371506744	3	2
hsa-miR-487b-5p	0.056310885591793675	0.02325019948386507	0.04379660998750616	3	2
hsa-miR-488-3p	0.04201239457352596	0.029171197143218964	0.0368894487287271	3	3
hsa-miR-489-3p	0.06288982824956806	-0.05661521033220372	-0.04876669803842503	3	4
hsa-miR-490-3p	0.08586526429585019	-0.09672022982537125	0.025390965459684244	3	3
hsa-miR-490-5p	0.035028581388689105	0.007645353433050242	0.00620988695766798	3	3
hsa-miR-491-3p	0.0965939020484341	0.06356887507814851	0.08374500491866628	3	2
hsa-miR-493-5p	0.08201157700978164	-0.04135715023503597	-0.07515409476679592	3	1
hsa-miR-494-3p	0.0770691081143877	-0.013211556095313708	-0.021179171843269173	3	4
hsa-miR-494-5p	0.057138185530443836	-0.007565058705603811	0.04895754482563928	3	2
hsa-miR-495-5p	0.039544913223296806	-0.03244302327677208	-0.03301513351936507	3	2
hsa-miR-496	0.07168723445299328	-0.041623199164785483	0.004341223871476098	3	3
hsa-miR-497-5p	0.15202674154774673	-0.14481355730560672	0.08397347966430244	3	4
hsa-miR-4999-3p	0.15720927608001944	-0.1784839157012606	-0.06583930859554002	3	3
hsa-miR-4999-5p	0.0984321585616327	-0.08604272500850048	0.0006089077372576215	3	2
hsa-miR-499a-3p	0.07248370571043393	-0.047660635535803075	0.013509290071538354	3	3
hsa-miR-499b-3p	0.04441425219012316	0.004582034344478869	0.030658024400032943	3	3
hsa-miR-499b-5p	0.0364967257213619	-0.025718404863973254	-0.011021663599050092	3	2
hsa-miR-5000-5p	0.10724654361575646	-0.12602199412878115	-0.05494214192268645	3	3
hsa-miR-5001-5p	0.06614345353890198	-0.034227020917088395	0.011173657727097929	3	5
hsa-miR-5002-3p	0.033508958998952475	0.011897702517839746	0.0015448165257602388	3	3
hsa-miR-5002-5p	0.03737915512057534	0.006929447899368073	-0.0032942104449164926	3	2
hsa-miR-5003-3p	0.1201973761576568	0.06845094308838486	0.09063743843359137	3	3
hsa-miR-5003-5p	0.05872261338709699	0.023372038100203114	0.05559243622505937	3	3
hsa-miR-5004-3p	0.18553936415885192	-0.19975845303954046	-0.044749642739493306	3	3
hsa-miR-5004-5p	0.05635609855388099	-0.005191091216076903	0.04508149685258275	3	2
hsa-miR-5006-3p	0.1102309949461132	0.12606341891938835	0.09457884837980395	3	3
hsa-miR-5006-5p	0.05007599228941282	-0.03387204839630842	0.011736860542207182	3	3
hsa-miR-5008-3p	0.044749134746640426	-0.018860934098803465	0.019676970064017987	3	3
hsa-miR-5008-5p	0.04804026438730171	-0.005305184230492677	0.01862352518473232	3	5
hsa-miR-5009-3p	0.06359722433017981	0.03400849645832888	0.048388673693232104	3	4
hsa-miR-5009-5p	0.2555243382676483	-0.2288228769634934	-0.0787594350566179	3	3
hsa-miR-500a-5p	0.1688395298665542	0.1411187228915533	0.09705523480739929	3	4
hsa-miR-500b-3p	0.07412502728151055	0.07299476774631494	0.05951823601665708	3	3
hsa-miR-500b-5p	0.16734992497809137	0.14135849125079372	0.09615924583767183	3	3
hsa-miR-501-3p	0.0899945897294668	-0.028417008863338936	-0.017475512164294833	3	3
hsa-miR-5010-3p	0.20811567591827626	-0.1964710113675724	-0.04525004687737166	3	1
hsa-miR-502-3p	0.1180714085586651	0.08603883286759974	0.09546261292409702	3	2
hsa-miR-503-5p	0.07892843111497967	0.015508646016300693	-0.019666393839649816	3	3
hsa-miR-504-3p	0.0365859565185277	0.007137549379979344	0.0109574300207295	3	3
hsa-miR-504-5p	0.09246411793601962	-0.06249423501394901	0.02861301076627913	3	2
hsa-miR-505-5p	0.08138773546817968	0.04765627303647698	0.044388934337775715	3	4
hsa-miR-506-3p	0.14165800352545643	-0.12896204859115534	-0.09849949127020728	3	3
hsa-miR-506-5p	0.027687783816050308	-0.002748886726079322	-0.009039112635164185	3	3
hsa-miR-507	0.10783345427593388	-0.10425133509184523	0.01531726294266893	3	3
hsa-miR-508-3p	0.1215987777958802	-0.14005724473210815	-0.04024161791497132	3	3
hsa-miR-508-5p	0.07036668748214138	-0.028007827571860544	0.01940146604253761	3	3
hsa-miR-5087	0.09506946935780068	-0.10011687082914868	-0.06067882879408933	3	3
hsa-miR-5088-3p	0.06390812181866709	0.04821063778792135	0.06283042854798424	3	3
hsa-miR-5088-5p	0.04802270463840774	0.0008843354879795811	0.03298493081680342	3	4
hsa-miR-5089-3p	0.05652628751481478	-0.056111245715430726	-0.011034692050384496	3	3
hsa-miR-5089-5p	0.036274643849455564	0.003056659897594163	0.012168488041788635	3	2
hsa-miR-509-3-5p	0.04539110977695788	0.0035724647291997228	-0.006993273101233769	3	4
hsa-miR-509-3p	0.0806610817803184	-0.03569483814040264	0.05224264666058298	3	2
hsa-miR-509-5p	0.08321994805033409	-0.029480781132317183	-0.03665824027304396	3	4
hsa-miR-5090	0.1146616779440237	0.09610904027236937	0.07154192751169587	3	3
hsa-miR-5092	0.08137793686065266	0.07884741715313441	0.08635304251520655	3	3
hsa-miR-5093	0.03569486197353737	-0.01630478482110819	-0.028296352597035713	3	4
hsa-miR-510-3p	0.03146327156208402	0.019094655546229775	0.025104063559602003	3	3
hsa-miR-510-5p	0.039662132686353956	-0.008964674508832827	-0.02688339838752151	3	3
hsa-miR-5100	0.11652124683546557	0.0700056093416336	0.05880104210271906	3	4
hsa-miR-511-3p	0.14341774917077194	-0.1405935910896975	-0.06556379721772908	3	3
hsa-miR-511-5p	0.21882882461341066	-0.14953321354567053	-0.09204453580875198	3	3
hsa-miR-512-3p	0.04491828536312655	-0.001107597739489473	-0.013749096457505777	3	4
hsa-miR-512-5p	0.05314013674178135	-0.045459504977541164	-0.04549965761773377	3	3
hsa-miR-513a-3p	0.08331904686142434	-0.0803183439991829	0.01684056093742218	3	3
hsa-miR-513a-5p	0.07156262152475328	-0.06156424722341704	-0.010434496141437431	3	3
hsa-miR-513b-3p	0.03010785511770583	0.015620181333798099	0.019706388415792725	3	2
hsa-miR-513b-5p	0.04702529812173084	-0.010766822415282377	0.0020980223514551954	3	3
hsa-miR-513c-3p	0.06401089545334292	-0.03848451228737656	0.05730189268427665	3	3
hsa-miR-513c-5p	0.0664844556529604	-0.047562815715104435	0.03356188924325976	3	3
hsa-miR-514a-3p	0.08525567919620841	-0.032449750034038966	-0.0686920564947287	3	3
hsa-miR-514a-5p	0.06364263100832512	-0.03072734625450357	-0.011250771110989037	3	3
hsa-miR-514b-3p	0.10918345943513172	-0.116869530016723	-0.0954704436842956	3	2
hsa-miR-514b-5p	0.06569831914806845	-0.0112738083213079	0.02406795342223093	3	4
hsa-miR-515-3p	0.03162806735915499	0.015031152484715708	0.01801513425390602	3	3
hsa-miR-515-5p	0.0365418960282291	0.015486788702050147	-0.0006923790963354898	3	4
hsa-miR-516a-5p	0.042815501682278094	-0.0023310680391604396	0.01695932674261593	3	5
hsa-miR-516b-5p	0.1324657925720643	-0.13009444249943092	-0.030032352610161236	3	3
hsa-miR-517-5p	0.06734100766370837	0.007326806458419111	0.051739792767556365	3	3
hsa-miR-517a-3p	0.06374476977335526	0.03447803471174489	0.012278396815541456	3	3
hsa-miR-517c-3p	0.03596543204999971	-0.004771772865011898	-0.0024500407485754058	3	2
hsa-miR-5187-3p	0.0904996725012931	0.05605157012716385	0.08046184690212123	3	3
hsa-miR-5187-5p	0.11484237668100267	0.05089840921291873	0.07373798277690749	3	3
hsa-miR-5188	0.10855188930422383	-0.135615391032912	-0.029168547604251714	3	2
hsa-miR-5189-3p	0.08335818505926498	0.03995048450561258	0.0610066316318605	3	3
hsa-miR-5189-5p	0.07856852539418374	0.018196757963316237	0.06031027734956374	3	3
hsa-miR-518a-3p	0.06063223175872939	0.01893472227553578	0.06365269037143217	3	2
hsa-miR-518a-5p	0.027974140738978956	-0.0036253146898278382	-0.010386557996927791	3	2
hsa-miR-518b	0.044045918118907804	0.01962583751516162	0.03778344698888635	3	2
hsa-miR-518c-3p	0.07861011087558742	0.06555462031811563	0.0799596906194639	3	3
hsa-miR-518c-5p	0.05403825430686663	-0.02013069653684091	0.018008815558003047	3	3
hsa-miR-518d-3p	0.03665044232477812	0.024692867047601128	0.009738828995973314	3	2
hsa-miR-518e-3p	0.047988094974463755	0.008675108313558938	0.03286741048840499	3	3
hsa-miR-518e-5p	0.07021202741816139	-0.07421122552035819	-0.009074924643311348	3	3
hsa-miR-518f-3p	0.042757645737769814	-0.021264117642982583	0.016539458671078065	3	3
hsa-miR-518f-5p	0.04724661886728021	-0.047098621815787604	-0.01182926495214104	3	3
hsa-miR-5190	0.06941454463598519	0.04488956336031624	0.05007323106429929	3	5
hsa-miR-5191	0.05112066627888426	-0.036884697547461216	-0.04979319384702299	3	3
hsa-miR-5192	0.04695796626020074	0.005153016565700808	0.02746681720923504	3	3
hsa-miR-5193	0.07632449362743406	-0.04854638142042581	-0.041934911438400835	3	3
hsa-miR-5194	0.04181921064347646	-0.01718093603894193	0.01443247821948778	3	3
hsa-miR-5195-3p	0.04213511360593974	0.02823902557262426	0.03559666202751749	3	3
hsa-miR-5195-5p	0.035650516138840994	-0.011172818410487373	0.01530050318766808	3	3
hsa-miR-5196-3p	0.0839076842538993	-0.07632770775206907	-0.011390731904213473	3	1
hsa-miR-5196-5p	0.06020038435094717	0.04964917663414214	0.06229559192598483	3	1
hsa-miR-519b-3p	0.033481274645977284	-0.01324447078375662	-0.024927739192626697	3	3
hsa-miR-519c-3p	0.057714130498079434	0.05571233487919097	0.05907295925610013	3	3
hsa-miR-519d-3p	0.05628186056274717	-0.023789797403692657	0.03018123991169588	3	2
hsa-miR-519d-5p	0.04281195669766534	-0.013929859911696617	-0.008704888257614665	3	3
hsa-miR-520a-3p	0.04172242600248653	0.022774721475386152	0.04255472151907648	3	2
hsa-miR-520a-5p	0.05894251196145537	0.02960731202397339	0.05573919512000977	3	3
hsa-miR-520c-3p	0.034791431338832314	-0.017339607574637882	0.005705918018006083	3	2
hsa-miR-520d-3p	0.04383140795990928	-0.031002201954493123	-0.0019904506086173713	3	3
hsa-miR-520f-3p	0.04829809445767373	-0.01971442641555128	0.007335310431511689	3	2
hsa-miR-520f-5p	0.048325222229509385	0.029979061104856843	0.03990533460522356	3	3
hsa-miR-520g-3p	0.04513222310391775	0.000634868900751329	-0.013726635980250068	3	2
hsa-miR-520g-5p	0.045789599429044626	-0.020180897724781387	-0.021220628819617195	3	3
hsa-miR-520h	0.04126926430219601	0.007075051764093689	0.0052670951126266964	3	3
hsa-miR-521	0.039664769190103755	-0.026882028628175153	-0.015473765080993561	3	2
hsa-miR-522-3p	0.07770000158841356	0.02240244126740863	0.024427214416420963	3	3
hsa-miR-523-3p	0.0558438425273538	-0.050866544461585825	-0.012952365011567837	3	3
hsa-miR-524-3p	0.04353512717818291	0.03202277417141214	0.03858383204811307	3	2
hsa-miR-525-3p	0.057844379367959796	-0.04384488827798256	-0.054564180501873116	3	3
hsa-miR-525-5p	0.04136241195736594	0.03242547923276838	0.025988385724284722	3	2
hsa-miR-526b-3p	0.047970253580222465	-0.021091873959565705	0.028202827004710794	3	3
hsa-miR-526b-5p	0.041178041371201554	-0.0052873614319672345	0.003483388014339515	3	3
hsa-miR-539-3p	0.156160264026949	-0.15403179323529032	-0.01995827730383188	3	3
hsa-miR-539-5p	0.06732002444023165	-0.012599094757603542	0.01820216704416748	3	3
hsa-miR-541-3p	0.09460024682932833	-0.11449118816990618	-0.04544647304491036	3	3
hsa-miR-541-5p	0.03947348752627444	0.02390903118442318	0.018197680525079796	3	2
hsa-miR-542-3p	0.17344691483216143	-0.17525136480403536	-0.03841469777066021	3	3
hsa-miR-544a	0.16624099848953172	-0.1652860075575824	-0.08721292707719512	3	2
hsa-miR-544b	0.08323898764850318	-0.09876500067403714	-0.029966549754652818	3	3
hsa-miR-545-3p	0.16882336470010706	-0.1744641755444673	-0.057521550544737586	3	2
hsa-miR-545-5p	0.16071108390590827	-0.17309506054741733	-0.0043984311355319975	3	3
hsa-miR-548a-3p	0.10317972244982486	-0.09564139820366782	0.07790356083048189	3	3
hsa-miR-548a-5p	0.13181187093961685	-0.13213867990962386	0.0027671845694470175	3	3
hsa-miR-548aa	0.09108857904524384	0.04802930466145686	0.04904253200829149	3	2
hsa-miR-548ab	0.08267119989201123	0.02865732705007398	0.06262812014610862	3	3
hsa-miR-548ac	0.17828134537776244	-0.19431770300489298	-0.07824072591873643	3	3
hsa-miR-548ad-3p	0.03534858026329131	-0.006512558887674395	-0.01078082319487516	3	2
hsa-miR-548ad-5p	0.06696567310006574	-0.005651269804466558	-0.032421780932841	3	4
hsa-miR-548ae-3p	0.06517548491787599	-0.05499486765590616	0.010936231677743807	3	4
hsa-miR-548ag	0.07850568322889721	-0.013437992242746213	-0.05305599080500178	3	3
hsa-miR-548ah-5p	0.03940072156053323	-0.021110770950188134	-0.03256326290928713	3	2
hsa-miR-548ai	0.04706120211988519	-0.01149317664781997	0.012651088403131611	3	1
hsa-miR-548aj-3p	0.06112533664551522	-0.07005953218514126	-0.003671838147071314	3	3
hsa-miR-548aj-5p	0.061275424351151374	0.03710546853014412	-0.009572919364699877	3	3
hsa-miR-548ak	0.14468015561182007	-0.1507903467120103	0.05491826062665524	3	3
hsa-miR-548al	0.07668728003731819	-0.0505964029084903	-0.04191275691565492	3	3
hsa-miR-548am-5p	0.10172443628354838	-0.07392700446383157	0.061219993831260554	3	3
hsa-miR-548an	0.052355243274210046	-0.00982158928385223	0.029457032730789087	3	3
hsa-miR-548ao-3p	0.033955823291793946	-0.00017483718467395083	-0.017233914998466784	3	2
hsa-miR-548ao-5p	0.08734466244542496	-0.09129505044881442	-0.05473996782164646	3	3
hsa-miR-548ap-3p	0.08580182113916489	-0.006701994011196363	0.08011865012529303	3	3
hsa-miR-548ap-5p	0.10840044279083039	-0.08338209372623089	-0.04711487112256517	3	3
hsa-miR-548aq-5p	0.07725911699080915	-0.0831407627924524	-0.06038716223277342	3	2
hsa-miR-548ar-3p	0.1051914164083348	-0.09669643441630545	-0.05139717877236757	3	3
hsa-miR-548ar-5p	0.06290472684102685	0.041688900926874876	-0.0073830515038975034	3	3
hsa-miR-548as-3p	0.10289964063629452	-0.11252959376777685	-0.05159024339643996	3	3
hsa-miR-548as-5p	0.04583877939652326	-0.03306430832963675	-0.00781381029655406	3	2
hsa-miR-548at-3p	0.10547496008082131	-0.09345234983412593	-0.03383146529967501	3	2
hsa-miR-548at-5p	0.11450238741341824	0.06199213867680124	0.08573907089613746	3	3
hsa-miR-548au-3p	0.050669725726168374	-0.04804806507928794	-0.004737922056701471	3	3
hsa-miR-548au-5p	0.10271191117994923	-0.06324123591638244	0.06547658073401186	3	3
hsa-miR-548av-3p	0.0652993847082156	0.01856851434918302	0.02786968893595945	3	3
hsa-miR-548av-5p	0.09939656867334538	-0.08580258149764872	-0.027328396626253307	3	3
hsa-miR-548aw	0.14437758553642965	-0.15849751762206826	0.07053590045395257	3	3
hsa-miR-548ax	0.1236111544006194	-0.1525439320526853	-0.03764378949408322	3	2
hsa-miR-548ay-3p	0.072080465051972	0.025944245417969348	0.0305904238241189	3	3
hsa-miR-548ay-5p	0.05635168479546085	0.019994750303215444	-0.02544730786992077	3	4
hsa-miR-548az-3p	0.05003481122339012	-0.03575739045172599	0.0013419592678837026	3	2
hsa-miR-548az-5p	0.0716638283240884	0.0016156819376388206	-0.022953929214517704	3	3
hsa-miR-548b-3p	0.13288745087867151	-0.14362647984443677	0.036804129884919864	3	2
hsa-miR-548b-5p	0.07658693499692981	-0.0015124131753267238	0.02785840145813416	3	4
hsa-miR-548ba	0.059467295532013194	-0.05377022719508543	0.005172692232339059	3	3
hsa-miR-548bb-3p	0.04911120682375142	-0.03460682192770934	-0.003430959468859556	3	3
hsa-miR-548bb-5p	0.04858118831330114	-0.020484451296305092	-0.02375306748321393	3	3
hsa-miR-548c-3p	0.08145797198642421	-0.02589976088187909	0.06873512431459256	3	3
hsa-miR-548d-3p	0.09327580111341484	0.020380989588576013	0.03592196973584074	3	2
hsa-miR-548d-5p	0.05884393854203617	0.023130663036654564	-0.02454331423685855	3	3
hsa-miR-548e-3p	0.14434896552970133	-0.19669139626004642	-0.08954825128596985	3	3
hsa-miR-548e-5p	0.15038333701983428	-0.1546344567474271	0.0738554178623853	3	3
hsa-miR-548f-5p	0.07601646742776547	0.06534211042948726	-0.0009841042040068526	3	3
hsa-miR-548g-3p	0.04554143896999429	-0.04076632511700563	-0.012364046352779956	3	3
hsa-miR-548h-5p	0.07534840156687136	0.06491625409952197	-0.001553915479909267	3	2
hsa-miR-548i	0.07912026590260085	-0.05904192770710224	-0.04936210927656057	3	2
hsa-miR-548j-3p	0.12248313401902367	-0.13366034961267811	0.0347870212909208	3	3
hsa-miR-548j-5p	0.11532595212462797	-0.11505824541596407	-0.07844792510067822	3	3
hsa-miR-548k	0.06652504988052543	-0.053861533079850074	-0.04576107856797196	3	2
hsa-miR-548l	0.07005701171502032	-0.02359748058367279	-0.010197639289058029	3	2
hsa-miR-548m	0.037257543547231625	0.001489652061502162	0.02303662370673025	3	3
hsa-miR-548n	0.0781094247795764	-0.08578867699539275	0.007273743132932608	3	4
hsa-miR-548p	0.09269360981397658	-0.03280096334779034	-0.057350857854843736	3	4
hsa-miR-548q	0.1069931117785609	0.08716412843256871	0.07204169037135236	3	3
hsa-miR-548s	0.11401810833789185	-0.11036790731773695	-0.06054913568041077	3	4
hsa-miR-548t-5p	0.08557106968121424	-0.06932540319007571	0.026284367747440376	3	3
hsa-miR-548v	0.061165704128522215	-0.02111090903604996	-0.029473256489074503	3	3
hsa-miR-548w	0.14683587449207317	-0.16195701677633748	0.006643857082618101	3	2
hsa-miR-548x-3p	0.06003412376458027	-0.057024720131521295	-0.016804652694181393	3	3
hsa-miR-548y	0.16011614330562998	-0.1661236299242195	-0.09181680013958173	3	3
hsa-miR-550a-3-5p	0.11443617710863156	0.00691793084509204	-0.048329732486141974	3	3
hsa-miR-550a-3p	0.16406951518885465	0.10552996977676805	0.09231603505324436	3	4
hsa-miR-550a-5p	0.11399665275396026	0.02419927041125177	-0.04632162057921089	3	1
hsa-miR-550b-2-5p	0.08204842175082719	0.03397582890621953	0.019971395495101858	3	1
hsa-miR-550b-3p	0.15823446798077756	0.08919015232318632	0.09664367970391541	3	4
hsa-miR-551a	0.0903217996999554	-0.12872125933233797	-0.0008551285005729816	3	2
hsa-miR-551b-5p	0.0787669425827091	-0.08737285302722603	0.014538355397955971	3	3
hsa-miR-552-3p	0.08207560520442557	-0.024440400211101148	-0.09308122293167019	3	3
hsa-miR-552-5p	0.06067377324037983	-0.058943347455658116	-0.013789595586236728	3	3
hsa-miR-556-3p	0.09607751499794787	-0.10661360509129823	0.026700824659681696	3	3
hsa-miR-5571-3p	0.08603591615974969	0.03591732421583756	0.08274434094457378	3	3
hsa-miR-5571-5p	0.03701358109140977	-0.018050456912836847	-0.030710525536862165	3	1
hsa-miR-5572	0.0389416397059725	0.007156594175909101	-0.013672953783470368	3	3
hsa-miR-5579-3p	0.030734498742574442	-0.00930772878265656	-0.02116612089103663	3	3
hsa-miR-5579-5p	0.03887129751091835	0.010550483131115654	0.025330146608040977	3	2
hsa-miR-558	0.026774817593030686	0.00380995533049792	0.0005052920106613521	3	3
hsa-miR-5580-3p	0.031161171909050878	-0.009954274001815349	-0.022513566252800238	3	4
hsa-miR-5581-5p	0.10036505321568817	-0.10160291285081462	0.006609779182648139	3	4
hsa-miR-5582-3p	0.10927147286041375	-0.07803771985917453	-0.05489140119306443	3	3
hsa-miR-5582-5p	0.04600446878507506	-0.024478597066349125	-0.011394657736505673	3	3
hsa-miR-5583-3p	0.05161571323159739	-0.01485561429262957	0.02542976097163843	3	3
hsa-miR-5583-5p	0.08401808109811756	-0.04024616449714552	0.04818220631774088	3	3
hsa-miR-5584-3p	0.06509256043161414	-0.029495848902145374	0.04813035956591898	3	2
hsa-miR-5584-5p	0.07641814577374507	0.01789254251857092	0.018309093067613805	3	4
hsa-miR-5585-3p	0.05215240418843455	-0.03421219770929835	-0.00704570949737773	3	4
hsa-miR-5585-5p	0.05145623683487325	0.0009665674244734166	0.04369799210888329	3	4
hsa-miR-5586-3p	0.14501583729431242	-0.147888532235522	0.010111282461826994	3	3
hsa-miR-5586-5p	0.08679144443803427	-0.06156277522929326	-0.068091494075701	3	3
hsa-miR-5587-3p	0.06407682975139098	-0.038744344039055606	0.02777656474868437	3	3
hsa-miR-5587-5p	0.07256323540787965	-0.015740568541632482	0.0698571512227373	3	3
hsa-miR-5588-3p	0.10650190791970462	0.06436463393451584	0.06934637101422633	3	4
hsa-miR-5588-5p	0.0735982217505689	-0.03855157134517492	0.0016092470419126262	3	2
hsa-miR-5589-3p	0.06281559307803862	0.05492468175206422	0.05847967205185358	3	3
hsa-miR-5589-5p	0.031215186122214456	0.0044505365679333225	-0.0064223166487417955	3	2
hsa-miR-559	0.050927216631720146	-0.030247262614602855	-0.01110448870385861	3	3
hsa-miR-5590-3p	0.045375318648609095	0.015147949780028683	-0.00918949455263608	3	3
hsa-miR-5591-3p	0.06158494920736264	0.04723280238367053	0.06115022564702532	3	3
hsa-miR-5591-5p	0.045899583574680394	0.0036305739871828778	0.03656865352715789	3	4
hsa-miR-561-3p	0.04152614461355266	0.03313504878409454	0.04049434696378533	3	3
hsa-miR-561-5p	0.07199399287957399	0.01443870509416114	0.08892924516810238	3	1
hsa-miR-5680	0.10985575388683501	-0.12561847658301714	-0.004412211114436716	3	2
hsa-miR-5681b	0.049013345981148225	0.03187452687189096	0.008520307264724247	3	1
hsa-miR-5683	0.12906170053872468	-0.1341323549712875	-0.007450463716440933	3	3
hsa-miR-5684	0.09408306482197223	-0.03609328508539035	0.015784643903598364	3	4
hsa-miR-5685	0.034048491668501456	-0.00048038370530255846	0.015353021422988182	3	3
hsa-miR-5689	0.03545117462979734	0.0027932176108455588	0.003810799495049807	3	3
hsa-miR-5692b	0.07509813183389503	-0.07539416161515018	-0.01797408251396378	3	3
hsa-miR-5692c	0.09246672429220777	-0.08999881538142233	-0.04517948163734274	3	3
hsa-miR-5693	0.040773833990944044	0.034241503898144926	0.028517719367329827	3	3
hsa-miR-5695	0.133266964906252	-0.13232169171649008	-0.09798940773804414	3	4
hsa-miR-5696	0.12822099055692412	-0.14817192470765872	-0.0014879028436085929	3	2
hsa-miR-5697	0.0939183285366816	-0.08802670246834284	-0.05727138191643513	3	3
hsa-miR-5698	0.07076186558724759	0.0005267923102095305	0.07159503250668721	3	3
hsa-miR-5699-3p	0.06593378483012012	-0.06375334983369868	0.006174169482872776	3	2
hsa-miR-5699-5p	0.03490864908061649	-0.010873181761643536	0.017873630844649012	3	4
hsa-miR-570-3p	0.06221110286180305	-0.03814350825164827	0.014311757640176824	3	2
hsa-miR-5701	0.160895637314086	-0.17339547819231405	-0.04405868533443763	3	3
hsa-miR-5702	0.0610214484774131	-0.055708891533627174	-0.035071385670793945	3	3
hsa-miR-5703	0.06074120452039192	0.0651685442341632	0.037666615380679766	3	3
hsa-miR-5706	0.038338045250208994	-0.023342690940234737	-0.019415146031258015	3	3
hsa-miR-5708	0.04050305557979035	0.019888107975089733	0.030694395436996175	3	3
hsa-miR-571	0.06032052423599181	0.052358317453552974	0.05182050287115866	3	4
hsa-miR-572	0.04221929845060444	-0.005360012803015246	0.025833358390786907	3	5
hsa-miR-573	0.12027127923649282	-0.12544784817224505	-0.07705577085815349	3	3
hsa-miR-5739	0.05399754990374262	0.000553779062499619	-0.0031325081990030597	3	4
hsa-miR-576-3p	0.0700396044407977	-0.04815663570448448	-0.04167586860665607	3	4
hsa-miR-576-5p	0.07293529083353203	0.0320481342803799	0.024264728633286787	3	2
hsa-miR-577	0.13485930058537354	-0.13272960826553334	-0.012525168770408645	3	3
hsa-miR-578	0.14017505129477129	-0.13736808339212594	-0.08475233430728175	3	2
hsa-miR-5787	0.045922406329779626	0.024109088902329396	0.03492767516433589	3	5
hsa-miR-579-3p	0.1304377567070144	-0.14935327802527248	0.011194611746777631	3	2
hsa-miR-579-5p	0.09817059761568774	-0.06359073587776434	-0.0004464498547081495	3	3
hsa-miR-580-3p	0.1338437050994537	-0.1666775590310175	-0.020050680397521167	3	3
hsa-miR-580-5p	0.06182813131517088	-0.05488881099937602	-0.005524849926789207	3	3
hsa-miR-581	0.28089898828869414	-0.27839426190518046	-0.08018350904334229	3	3
hsa-miR-582-5p	0.1655772167584014	-0.16269758303775575	0.019673543795662884	3	2
hsa-miR-583	0.026899442562673792	0.0007640089646833089	-0.003312469847668863	3	3
hsa-miR-584-5p	0.07143520305178852	-0.033287741668757705	-0.015185872512469091	3	4
hsa-miR-585-3p	0.05678865745795185	-0.05097436293242234	-0.006920282090209759	3	3
hsa-miR-585-5p	0.0621976082064072	-0.064378986708664	-0.05005950889682461	3	3
hsa-miR-586	0.03630613228668463	-0.011490764975896841	-0.02499332456119709	3	3
hsa-miR-588	0.063839653125916	0.016530145701076138	0.041300210706673765	3	4
hsa-miR-589-5p	0.08286015269479545	-0.011760539739211597	0.03337120678295246	3	3
hsa-miR-590-3p	0.1670335038863235	-0.168081183677084	-0.04708913030854026	3	3
hsa-miR-590-5p	0.16770347722641332	-0.17335894360946433	0.018125541116619737	3	2
hsa-miR-592	0.043124337394615596	0.0043342665145868365	0.010682930412895867	3	3
hsa-miR-595	0.03457236154370431	-0.01478181163820088	-0.026780476565051656	3	3
hsa-miR-596	0.049673610545638326	-0.024685526783137367	0.004740890663201901	3	3
hsa-miR-597-3p	0.25262155300378425	-0.22878449777784785	-0.0071840045939816416	3	3
hsa-miR-597-5p	0.17417723800073004	-0.17751670692604313	-0.05073072068658132	3	3
hsa-miR-598-3p	0.1307311643479423	-0.14809358938199182	-0.0876287475575713	3	2
hsa-miR-598-5p	0.06254147344121633	-0.03266781852576212	0.04547173749180114	3	3
hsa-miR-599	0.0968473409489559	-0.09650974591441162	0.009089618306170721	3	3
hsa-miR-600	0.039089434340970175	-0.0031853728473863747	0.01289696126537488	3	3
hsa-miR-601	0.027005860157328865	0.00010309607398756825	-0.0056143556740150214	3	3
hsa-miR-602	0.06231474494612262	-0.04544111689050223	-0.011629610114026717	3	2
hsa-miR-603	0.09496889479363554	-0.10534497713502035	-0.06494852805456704	3	3
hsa-miR-605-3p	0.09128263786516136	-0.10199015329277138	-0.029015688749647807	3	3
hsa-miR-605-5p	0.10724158934299592	0.08022604349726366	0.08634247737352702	3	3
hsa-miR-606	0.0338211066595351	0.021094264189342432	0.02543303120328805	3	3
hsa-miR-6069	0.0354474082023996	-0.014138523177733803	0.012733161934294595	3	1
hsa-miR-6070	0.06699014776201996	0.06089271434644857	0.05434696292446541	3	3
hsa-miR-6073	0.029193281241296012	0.0025191389674285086	-0.00449476714039717	3	2
hsa-miR-6076	0.04911776693660947	-0.049486316753458416	-0.03447333524215934	3	3
hsa-miR-6077	0.030466333591414693	-0.008869514800782163	-0.01914495284839122	3	3
hsa-miR-608	0.032293827175610905	-0.008064361424698102	-0.023253102781407936	3	3
hsa-miR-6083	0.07166507589192661	0.06587026578851113	0.06590612636294586	3	3
hsa-miR-6084	0.04545586013077347	0.021299932457237415	0.041094492656588655	3	4
hsa-miR-6085	0.043190600657568634	0.02509236112259151	-0.0015420100917576563	3	4
hsa-miR-6086	0.035241603429061866	0.007164833460796095	-0.005219494281220177	3	4
hsa-miR-6088	0.0751200702833834	0.06901609282376923	0.06765368985608973	3	4
hsa-miR-6089	0.06834637252001861	0.053870335298692736	0.05901676865369094	3	5
hsa-miR-609	0.04837277400331224	-0.03183843647705404	0.035399971652853364	3	3
hsa-miR-6090	0.028092947099759485	-0.004532532729504341	0.006043686173170687	3	5
hsa-miR-610	0.08552437616107993	0.0321645150137702	0.019155051261470872	3	3
hsa-miR-611	0.05506297181274294	-0.055488653903937014	-0.03396355357659988	3	3
hsa-miR-612	0.03779721961811036	-0.012747684159248767	-0.005986660770882799	3	3
hsa-miR-6124	0.04827793185303401	-0.014523945008001873	-0.0036948255950250784	3	3
hsa-miR-6125	0.05007582347099122	-0.05470707354866027	-0.006977425681507248	3	5
hsa-miR-6126	0.04043233599492019	0.019839001803324367	0.04229522195684265	3	4
hsa-miR-6127	0.050731056764816186	-0.05219276463759607	-0.015417005549290494	3	4
hsa-miR-6128	0.1035883903174913	-0.07433920151755317	-0.05897583780059731	3	3
hsa-miR-6129	0.055841990084460814	0.0247441598570288	-0.015237429637539483	3	3
hsa-miR-613	0.038015469679500126	0.026553979373349513	0.033629990487349985	3	1
hsa-miR-6131	0.1432306805896056	-0.11511100835044126	-0.0528921386609107	3	4
hsa-miR-6132	0.035228968456384485	-0.02425276506263073	0.005955690833914631	3	4
hsa-miR-6133	0.05033356827861251	-0.02701315320493638	-0.04074353779203555	3	3
hsa-miR-6134	0.0617697690348442	0.016413296758715182	0.0465315291553677	3	3
hsa-miR-615-3p	0.16424775998608288	-0.11367271326988343	0.020986374953443854	3	3
hsa-miR-615-5p	0.1019731869874463	-0.08827881318153338	0.008452173923693735	3	4
hsa-miR-6165	0.03479699060750003	-0.015593175886360106	-0.01744609018509738	3	4
hsa-miR-617	0.028321357686912973	0.012121653314572415	0.011284854904770195	3	4
hsa-miR-618	0.14663134884596446	-0.10921714745634062	0.04229420410896994	3	2
hsa-miR-619-5p	0.08637070340052136	-0.02384003333607619	0.0365067693790114	3	4
hsa-miR-622	0.048042718257376535	-0.04037877745444608	-0.006844454230317806	3	3
hsa-miR-623	0.040012158420736965	0.031385511152679166	0.0341451155774694	3	3
hsa-miR-624-3p	0.0930179895414576	-0.0933575197438854	-0.006589742664111414	3	3
hsa-miR-624-5p	0.08473867865704963	-0.037026518002703505	-0.010468340356378654	3	1
hsa-miR-625-3p	0.10345915558830553	-0.05613441270574277	-0.008610986390090725	3	2
hsa-miR-625-5p	0.10100913221527909	-0.05902906151457729	0.037870326209900315	3	3
hsa-miR-627-3p	0.09774634986005017	0.08212024937323428	0.0912152491998914	3	3
hsa-miR-627-5p	0.17560657088654807	-0.18988722240141284	0.0049798145872994	3	4
hsa-miR-628-3p	0.11343127843822519	0.03721343571369477	0.05264650119905658	3	5
hsa-miR-628-5p	0.13051046531183866	-0.13872050935629032	0.030493272403798042	3	3
hsa-miR-629-5p	0.07266349948635029	-0.019973668025499696	0.006506983151480616	3	3
hsa-miR-631	0.04608975702909884	-0.04741698693254797	-0.014567350681126277	3	3
hsa-miR-632	0.04456146315774988	0.005743014904950152	0.01645558887849828	3	2
hsa-miR-638	0.07454076611834153	0.072852735044053	0.07486465677951361	3	5
hsa-miR-639	0.034737405822521085	0.010871177456118507	0.0045119141817520905	3	2
hsa-miR-640	0.026846307652984375	0.005347296184942175	0.0019650244859052575	3	3
hsa-miR-641	0.18433053008772357	-0.13356627346660607	-0.09444299630100794	3	4
hsa-miR-642b-3p	0.07167419615897844	-0.021170998770408678	0.06910559014192166	3	5
hsa-miR-643	0.07988447201401983	-0.07264715349578754	-0.005975049615376978	3	2
hsa-miR-649	0.03856550959638086	0.027200524592508307	0.03531429718955449	3	2
hsa-miR-6499-5p	0.04344646870669495	-0.026592180412719504	-0.02433597197028322	3	4
hsa-miR-650	0.04971864014235235	-0.022482824939817316	-0.021913108067120008	3	3
hsa-miR-6500-3p	0.07032587772476244	-0.04318005621410964	-0.0521808297333565	3	3
hsa-miR-6502-3p	0.05963080241301957	-0.05188556278045157	-0.02777214110072078	3	3
hsa-miR-6502-5p	0.0724981032740876	-0.060019895126343974	0.02909529364063944	3	3
hsa-miR-6505-3p	0.29540202576392743	-0.28889506787476704	-0.047620255442369835	3	3
hsa-miR-6505-5p	0.10556457410227739	-0.10608057053375011	-0.019378342900724172	3	3
hsa-miR-6506-3p	0.02896369555128359	0.013663248075139977	0.0011818947837915436	3	3
hsa-miR-6506-5p	0.05553573657237284	-0.05227633677200827	-0.015242637249379685	3	3
hsa-miR-6507-3p	0.05606033960399037	-0.044468042067950936	-0.042939238720780065	3	1
hsa-miR-6507-5p	0.0774299655531567	-0.021595288210555313	0.008547079383730224	3	3
hsa-miR-6508-3p	0.07466311565010669	-0.006188297730882413	0.043658406036002545	3	3
hsa-miR-6509-5p	0.12722943813196544	0.07958401201610178	0.08357401986942475	3	3
hsa-miR-651-3p	0.15323363545398347	-0.1503661649675125	-0.0552800294810178	3	3
hsa-miR-651-5p	0.16330807214923573	-0.17387264466014432	-0.06823183291334489	3	2
hsa-miR-6510-3p	0.05690756100165635	-0.037626699114466276	-0.001131225260745662	3	3
hsa-miR-6510-5p	0.03268077260970659	0.006450300069857973	-0.0019852123790808237	3	5
hsa-miR-6511a-5p	0.09367962342761291	0.05043496375661883	0.06480393466805831	3	3
hsa-miR-6511b-5p	0.1169475800958499	0.07610113000394537	0.05866615828237553	3	3
hsa-miR-6512-3p	0.056704830380352234	0.042104684762486175	0.059233631037039845	3	3
hsa-miR-6512-5p	0.041373457324562456	-0.016458641553449286	-0.002319326505776867	3	5
hsa-miR-6513-3p	0.08226425000808907	0.041523465734546766	0.029325139259240744	3	3
hsa-miR-6513-5p	0.09829571587890736	-0.105646158077141	-0.0008946794361214135	3	3
hsa-miR-6514-3p	0.24481617779634593	-0.2200905588630059	-0.016641262086249338	3	3
hsa-miR-6514-5p	0.10242647203595216	-0.038804618636958575	-0.025624860859571597	3	3
hsa-miR-6515-3p	0.152768679337262	-0.15997187863780526	-0.06111362882174608	3	1
hsa-miR-6515-5p	0.16692960430785195	-0.15606594743926283	-0.08409456350576568	3	3
hsa-miR-6516-3p	0.1597395953115278	-0.16375111503067352	0.007287536169909145	3	5
hsa-miR-6516-5p	0.0803073216940484	-0.02659202934812011	0.02467029091245907	3	4
hsa-miR-652-3p	0.11432284942414411	0.0892770044662413	0.06627881878748275	3	4
hsa-miR-652-5p	0.12999023863721906	-0.1407709707642107	0.061195889789635936	3	5
hsa-miR-653-3p	0.12165168717942386	-0.12592030156015252	-0.08830027226098143	3	3
hsa-miR-653-5p	0.06849380154766604	-0.06357563504827544	-0.03137875205606832	3	3
hsa-miR-655-3p	0.0808092894482834	-0.04636855367431241	0.003375201164915717	3	3
hsa-miR-655-5p	0.03416197567227217	-0.016014421492292832	-0.018918053901544104	3	3
hsa-miR-656-3p	0.07752613822240705	-0.056438609903046194	0.009209161687637378	3	3
hsa-miR-656-5p	0.04289048600660458	0.01254634464541883	0.006365794426625002	3	3
hsa-miR-657	0.03789867130448471	0.016888801262074343	0.01633097408674457	3	3
hsa-miR-658	0.035480784121127984	0.0033592920593392248	0.00827198133689335	3	3
hsa-miR-659-3p	0.05378946767299852	-0.024977709091568556	-0.014060874398086	3	3
hsa-miR-659-5p	0.3015416732363162	-0.2383702270635421	-0.06599205500512645	3	3
hsa-miR-660-5p	0.11629832367933073	-0.11663464033799785	-0.004816483665585017	3	2
hsa-miR-661	0.026825644978855537	0.0016260692568951353	-0.0016281631454643565	3	3
hsa-miR-663a	0.04044211591503541	0.028011115506177704	0.011856300118978178	3	4
hsa-miR-663b	0.08056682334605973	-0.07519596319086598	-0.043529510314403594	3	3
hsa-miR-664a-3p	0.14181305266151573	0.13006155534648992	0.07459154057139121	3	3
hsa-miR-664a-5p	0.08159335877054953	-0.01154484775315889	0.0015841609996694718	3	5
hsa-miR-664b-5p	0.09631471152975468	-0.04634993722869659	0.027132963746036604	3	5
hsa-miR-665	0.1434695107575229	-0.14577402173272103	-0.001286797718519153	3	3
hsa-miR-668-3p	0.08017420238055492	-0.07613386467887424	-0.013081745530440713	3	3
hsa-miR-668-5p	0.06293918621685728	0.05564851423549425	0.052662656222260906	3	4
hsa-miR-670-5p	0.031161171909052564	-0.009954274001815354	-0.022513566252800238	3	3
hsa-miR-671-3p	0.26959548546320006	-0.2223312198210504	-0.04670458651306437	3	2
hsa-miR-6715a-3p	0.05075954012603893	0.032497770505340036	0.040927968161452034	3	3
hsa-miR-6715b-3p	0.0371936076064468	-0.012842282734963307	-0.014056729037129831	3	3
hsa-miR-6715b-5p	0.033481274645977784	-0.01324447078375662	-0.024927739192626697	3	2
hsa-miR-6716-3p	0.16403804156550172	-0.17871343848551768	-0.03776750034481647	3	2
hsa-miR-6716-5p	0.05339295704577305	0.04859833317970338	0.026714233078898676	3	3
hsa-miR-6717-5p	0.03798601435060999	0.014617036616149178	0.03328702378103506	3	3
hsa-miR-6718-5p	0.09798311041680437	-0.08940428612585169	0.03833801575063832	3	3
hsa-miR-6719-3p	0.04991239458298081	-0.03672959413399604	-0.0290278401575718	3	4
hsa-miR-6720-3p	0.04529310752670573	-0.03688439291586658	-0.03510182104428058	3	3
hsa-miR-6720-5p	0.02824189036928373	0.011898954405751054	0.010611132223888391	3	5
hsa-miR-6722-3p	0.04870476000585985	0.04778845740847161	0.02400223680797256	3	4
hsa-miR-6724-5p	0.16267461616949913	-0.1713042600878971	-0.015864524993567584	3	3
hsa-miR-6726-5p	0.04579907253992339	-0.02338918560267829	0.014941336274612974	3	2
hsa-miR-6727-5p	0.06696426906030155	0.026825156697836656	0.06061749106284916	3	4
hsa-miR-6728-3p	0.04281801248087721	-0.005104319500007326	0.019585579851857878	3	1
hsa-miR-6728-5p	0.07989076101260623	-0.0820288250368985	-0.024708739637222487	3	5
hsa-miR-6729-5p	0.06913336310718445	0.0013669791017138651	0.0551533288991677	3	3
hsa-miR-6730-5p	0.09929361177725658	0.06013794521093188	0.07289495482613259	3	2
hsa-miR-6731-3p	0.10664437599321303	-0.04272433049782632	0.09509168356016753	3	1
hsa-miR-6731-5p	0.06276323941262059	-0.06256568229617085	0.03058915402520615	3	2
hsa-miR-6732-5p	0.03526330305652098	-0.017306203625141674	-0.008929731565445362	3	4
hsa-miR-6733-3p	0.13752976447519719	-0.14735088834237456	-0.02857423715562742	3	2
hsa-miR-6733-5p	0.21448696509396797	-0.2295273999636333	-0.09619249454389873	3	4
hsa-miR-6735-3p	0.12401286597834256	-0.1165404237962422	-0.005638813947828163	3	3
hsa-miR-6736-3p	0.08106554797395343	-0.043622616040246885	0.03487838246079039	3	3
hsa-miR-6736-5p	0.06744112430364567	-0.011374882853514746	0.05807073674133309	3	3
hsa-miR-6737-3p	0.13050664370892143	-0.11081893722246797	-0.010241913171708547	3	1
hsa-miR-6737-5p	0.051593726428587984	-0.038169581394164556	-0.013089301996961417	3	4
hsa-miR-6738-3p	0.19304021773646374	-0.1865162288539593	-0.040810313701242815	3	3
hsa-miR-6738-5p	0.07117180412447237	0.024497433869421693	0.06604412127253208	3	5
hsa-miR-6739-3p	0.22966319372528857	-0.2462930694684138	-0.08152007325588953	3	3
hsa-miR-6739-5p	0.09660971498568911	-0.003777940776934026	0.0913703336731509	3	3
hsa-miR-6740-3p	0.07349358192621479	-0.02069745128543403	0.05798214656481503	3	2
hsa-miR-6740-5p	0.03697646750738591	0.014640793202814912	0.016567043529272598	3	3
hsa-miR-6741-3p	0.2357324951556033	-0.2028205083878281	-0.015545001322617073	3	2
hsa-miR-6741-5p	0.05779891213458356	-0.015197914316368863	0.04401475068671519	3	3
hsa-miR-6742-3p	0.10780442490832888	-0.127176916586381	-0.020463373938556285	3	1
hsa-miR-6742-5p	0.07478502028660013	0.028657275896442767	0.05921201174375883	3	3
hsa-miR-6743-5p	0.031134777361776014	0.0035857577217638906	-0.0037028266159442893	3	3
hsa-miR-6744-5p	0.0276196204117305	-0.002519003981489614	-0.008477677067762684	3	4
hsa-miR-6745	0.0677790884655987	0.049055560743178156	0.0631218676810669	3	3
hsa-miR-6746-3p	0.10265338828316946	0.02551477912655491	0.09744571907627428	3	3
hsa-miR-6746-5p	0.05476052318394543	-0.03697880387994686	-0.03748025551004471	3	3
hsa-miR-6747-3p	0.12485125883945244	-0.08112967715055597	0.014890479497525965	3	4
hsa-miR-6747-5p	0.06738832785752648	0.030980423934278408	0.04718299902671068	3	4
hsa-miR-6748-3p	0.08749079193686488	0.07372924464119056	0.06524703748206087	3	3
hsa-miR-6748-5p	0.051244072251429074	0.03479284683672882	0.050869116277650096	3	3
hsa-miR-6749-5p	0.0345600120238242	-0.011621891995590317	-0.013034637905976875	3	5
hsa-miR-675-3p	0.05852041228575347	0.03306893093589051	0.044198778449751	3	1
hsa-miR-675-5p	0.030347915847339046	0.008995541663361752	0.0022205802498959843	3	3
hsa-miR-6750-5p	0.06906625137206746	-0.02020217641503224	0.014011434198625905	3	4
hsa-miR-6751-3p	0.06543668169662799	-0.01035753692460864	0.058692027679178964	3	3
hsa-miR-6751-5p	0.07198885829802218	0.04795620859859225	0.07881578015670589	3	3
hsa-miR-6752-5p	0.05170825249276793	-0.026640832045887238	0.02162137832728729	3	5
hsa-miR-6753-3p	0.22421526880077797	-0.19516701219314234	-0.08163940886966381	3	4
hsa-miR-6753-5p	0.05487688679334656	0.056886945165278424	0.03683209593799607	3	5
hsa-miR-6754-3p	0.06980109142541606	0.028369716387384166	0.030155217359358524	3	3
hsa-miR-6754-5p	0.04249395685902586	0.00021434864592461477	0.018880556923923906	3	3
hsa-miR-6755-3p	0.07461529804595178	0.04572868302827126	0.06180825321144673	3	2
hsa-miR-6755-5p	0.13831305969753568	-0.15415388718046094	-0.04591918959030853	3	3
hsa-miR-6756-3p	0.052160060340649364	0.05766782928993517	0.03503865236419915	3	3
hsa-miR-6756-5p	0.04463710230989051	-0.0049565425286245786	-0.021447732613249053	3	4
hsa-miR-6757-3p	0.03356102114894756	0.023892448901857523	0.02234136325327615	3	1
hsa-miR-6757-5p	0.030748548892373308	0.01621582608070305	0.023647336096719165	3	3
hsa-miR-6758-3p	0.09582463989568155	-0.037860654350593	-0.012890318674301796	3	4
hsa-miR-6758-5p	0.09917201403794015	0.052022633864978775	0.03531433794257818	3	3
hsa-miR-6759-3p	0.08331905103510755	0.015078163012247693	0.08169933543224535	3	3
hsa-miR-6759-5p	0.07764651172835778	0.0033203099927120085	0.08323669863114908	3	3
hsa-miR-676-3p	0.09022581421188268	-0.08854102154882668	0.03735215003150342	3	3
hsa-miR-676-5p	0.07690355990594366	0.0648878929549029	0.06769870312311521	3	3
hsa-miR-6760-3p	0.04194692054714792	-0.0014705586839421157	0.030764614490324506	3	1
hsa-miR-6760-5p	0.045650513428449634	-0.0294990341756902	0.004844318996552372	3	1
hsa-miR-6761-3p	0.05825567128879433	0.028718600036314712	0.04369825135238393	3	3
hsa-miR-6761-5p	0.08851141920940482	-0.10916897033207493	0.0019563975103848975	3	3
hsa-miR-6762-3p	0.11590103517759899	-0.04453711641691885	0.02247195707030593	3	3
hsa-miR-6762-5p	0.042845851919028816	-0.020389439639288215	0.014284059568980113	3	3
hsa-miR-6763-3p	0.06506105264277286	0.032226612791847846	0.04634626304230253	3	1
hsa-miR-6763-5p	0.08917266528266397	0.05210844702213327	0.08147321199457068	3	4
hsa-miR-6764-3p	0.0918176685491649	-0.026919739852832324	0.02997800647096564	3	3
hsa-miR-6765-3p	0.05716303341728328	0.03758333094887305	0.04251501172968224	3	2
hsa-miR-6765-5p	0.0327695948341341	0.011972233989084504	0.0006547676781899874	3	3
hsa-miR-6766-5p	0.11111163065605713	-0.10871304896042885	0.05320961205725248	3	3
hsa-miR-6767-3p	0.0886513654436994	-0.005984198012139083	0.05187616780817435	3	3
hsa-miR-6767-5p	0.1055435067468548	0.07632907175032917	0.0662168736593109	3	4
hsa-miR-6768-3p	0.03838587923114616	-0.01824913714904724	-0.0024526686968990483	3	3
hsa-miR-6768-5p	0.08651314144524029	0.01492597855538839	0.09154133208695835	3	5
hsa-miR-6769a-3p	0.05876155732803039	0.02301824596559367	0.061365549777361805	3	3
hsa-miR-6769a-5p	0.03836152603354176	-0.00311234162593128	0.010287605932377068	3	5
hsa-miR-6769b-3p	0.11969873576464354	0.08264934808958221	0.09888697394691269	3	1
hsa-miR-6769b-5p	0.0566135701115394	-0.006858919550909167	0.04889009593723879	3	4
hsa-miR-6770-3p	0.15703571337284064	-0.1385758130133086	-0.03196539707659548	3	4
hsa-miR-6770-5p	0.07187315330533794	-0.06627228244964979	-0.022420496972230926	3	3
hsa-miR-6771-3p	0.08035848049050101	0.04763771705524971	0.07540363983572591	3	4
hsa-miR-6771-5p	0.06388821659932568	-0.015778028747030763	0.03267206399387558	3	4
hsa-miR-6772-5p	0.05302536666822278	0.03826299198369289	0.04800648569027513	3	4
hsa-miR-6773-3p	0.050020407328902526	-0.009103659582715216	-0.004877337026306917	3	3
hsa-miR-6773-5p	0.04179340242705026	-0.008105840027775668	-0.02958679602372737	3	3
hsa-miR-6774-3p	0.09944827223661426	-0.08723563006563517	0.0479878625696271	3	3
hsa-miR-6774-5p	0.09178550013618139	-0.1046865595777616	0.04510438532234556	3	3
hsa-miR-6775-3p	0.07341325331131675	-0.009953561912239046	0.03139250731504982	3	2
hsa-miR-6775-5p	0.06443933038442763	0.04039344425094265	0.05449702618379144	3	5
hsa-miR-6776-3p	0.08895463134579282	0.0007491823223625066	0.0727138707404889	3	1
hsa-miR-6776-5p	0.06651436988915693	0.05828803107013233	0.06388086456850123	3	3
hsa-miR-6777-3p	0.08411230973791359	-0.02848228949123722	-0.03625261494220857	3	1
hsa-miR-6777-5p	0.07943599022410736	0.04784109658089812	0.07260914477232144	3	3
hsa-miR-6778-3p	0.0789164960174259	0.0373500535926824	0.06025845820074573	3	2
hsa-miR-6778-5p	0.049522137713284196	-0.010694597259432734	0.008217983988290723	3	4
hsa-miR-6779-3p	0.07707141759328837	0.00034187799373689554	0.06319183368691325	3	1
hsa-miR-6779-5p	0.06407627230636699	-0.08485769039316068	0.002716657978336804	3	4
hsa-miR-6780a-3p	0.14295709774554877	-0.14214568565514488	-0.03073710951029371	3	2
hsa-miR-6780b-3p	0.06471693087964028	0.03552238345769362	0.03875678690025703	3	2
hsa-miR-6780b-5p	0.052225946224781244	0.02044490289870037	0.04762940596278612	3	3
hsa-miR-6781-5p	0.08670207818951954	-0.011809768671681141	0.07099401130787197	3	2
hsa-miR-6782-3p	0.10887765769387879	0.1043951231956297	0.07869392217861565	3	1
hsa-miR-6782-5p	0.0595534413746664	0.04750731826620108	0.056959823104678196	3	3
hsa-miR-6783-3p	0.15345364101949152	-0.1483693441267317	-0.04045598983214294	3	3
hsa-miR-6783-5p	0.09503524705037346	0.053376808091660614	0.06602775083353699	3	4
hsa-miR-6784-3p	0.07858260791677721	-0.05144748040120191	0.031341537740477994	3	2
hsa-miR-6784-5p	0.03496868233849847	0.011228077920713165	0.025589130672535643	3	4
hsa-miR-6785-5p	0.05700630556392287	-0.011897939957071182	0.0054281155694114415	3	3
hsa-miR-6786-3p	0.1714986693938695	-0.11784810845887139	0.002995595841155162	3	3
hsa-miR-6786-5p	0.03392356945554019	0.0035651122596731186	-0.00597509976549148	3	5
hsa-miR-6787-3p	0.11674084122008153	-0.110594114365501	-0.030461283143727678	3	3
hsa-miR-6787-5p	0.04696136909804911	-0.030035404102970883	-0.0026676749890864816	3	3
hsa-miR-6788-3p	0.05718809411528354	0.04317519928794839	0.024673880404432646	3	3
hsa-miR-6788-5p	0.033788071297607206	-0.01368268476563099	-0.02543303120328805	3	4
hsa-miR-6789-3p	0.1871749677124728	-0.18164110694154553	-0.020796596266679197	3	3
hsa-miR-6789-5p	0.05307658507689351	0.010258603563493372	0.021102866414242277	3	5
hsa-miR-6790-5p	0.05067710191157782	0.017009443348465873	0.006505469632302285	3	3
hsa-miR-6791-5p	0.04610700829963674	-0.015974781309488057	0.033623208786474845	3	5
hsa-miR-6792-3p	0.05639471437767467	0.031120759228550197	0.03903539336334222	3	1
hsa-miR-6792-5p	0.033776458853918584	0.010907362288327413	0.011549505395765968	3	3
hsa-miR-6793-5p	0.0640131473576185	-0.018851594845167168	0.04430386495203434	3	3
hsa-miR-6794-5p	0.03364519966843755	0.014616283731754758	0.012028980917247686	3	3
hsa-miR-6795-3p	0.04750670757069548	0.030856805809416403	0.003525375584127302	3	1
hsa-miR-6795-5p	0.03928755020070075	0.02230692889349196	-0.02056604309839762	3	3
hsa-miR-6796-3p	0.09208139681068205	0.06090382376136156	0.09679196062229083	3	3
hsa-miR-6796-5p	0.058808836963319816	0.008013289477969877	0.059536779104115485	3	3
hsa-miR-6797-5p	0.046694756587332194	0.03325671021769439	0.03287316741935601	3	3
hsa-miR-6798-3p	0.1325253288820713	0.08133119802575418	0.06434583634668468	3	1
hsa-miR-6798-5p	0.06401816143657765	0.03666262411577082	0.058109560688140285	3	3
hsa-miR-6799-3p	0.05846223847600502	0.017258316115312346	0.03198631688547227	3	2
hsa-miR-6799-5p	0.05884212919204594	0.04432395586489971	0.037703086159968424	3	5
hsa-miR-6800-5p	0.06850827445050585	0.054934215275126236	0.06417278464460867	3	4
hsa-miR-6801-3p	0.052840582711513165	-0.005487012084959737	0.016034580186179353	3	3
hsa-miR-6802-5p	0.08078473194395124	0.041016529300675515	0.08449619566032157	3	4
hsa-miR-6803-5p	0.061791046162578106	0.04961089423796094	0.04186791352324087	3	3
hsa-miR-6804-3p	0.1106977019921921	0.09551232378095594	0.07815908281331645	3	3
hsa-miR-6805-5p	0.0907695826029315	-0.001171010755912735	0.059511941123171756	3	3
hsa-miR-6806-3p	0.2757631504517448	-0.2607472650905366	-0.06929461428941806	3	3
hsa-miR-6806-5p	0.07746441858571192	0.06391338663068845	0.056638045401938925	3	5
hsa-miR-6807-3p	0.11225957764507363	0.08379596532491969	0.09891020381753611	3	3
hsa-miR-6808-3p	0.150855596842165	-0.1535331725804313	-0.08315862030286213	3	2
hsa-miR-6808-5p	0.04767377474895331	-0.018591979724442622	-0.03798267343081675	3	4
hsa-miR-6809-3p	0.09483433561537317	-0.09575450404853461	-0.034741725747994154	3	3
hsa-miR-6809-5p	0.0783629045691289	0.010991984720279954	0.06139809523052353	3	3
hsa-miR-6812-3p	0.14390436901975004	-0.12394169909939094	-0.04040744458242289	3	1
hsa-miR-6812-5p	0.06699205071967682	0.04737064576419817	0.06899117206346482	3	4
hsa-miR-6814-3p	0.058529077155495345	0.0427796565177568	0.03939367494724086	3	3
hsa-miR-6814-5p	0.058738531684982234	0.05039713028877127	0.050809918849835954	3	3
hsa-miR-6815-3p	0.07135640043459776	0.03704574975987629	0.04086941174156507	3	5
hsa-miR-6815-5p	0.0923288701305285	0.005704520031442666	0.04695264468546429	3	3
hsa-miR-6816-3p	0.11985180995491398	0.10110787701177741	0.08241210154689262	3	3
hsa-miR-6816-5p	0.050163912938408765	0.029642034071891272	0.04947522182003616	3	4
hsa-miR-6817-5p	0.06332906506846747	0.04842102960120911	0.058850369339310996	3	3
hsa-miR-6818-3p	0.2539136902918896	-0.25260154597359735	-0.07101334200165793	3	3
hsa-miR-6818-5p	0.05777579608735678	-0.022897969949466378	-0.0015027757730199686	3	3
hsa-miR-6819-5p	0.06926170397553497	-0.057327846954779174	-0.03323255644788383	3	5
hsa-miR-6820-3p	0.12616004666778002	0.11226657110561898	0.08826273388060527	3	2
hsa-miR-6820-5p	0.09392068095488093	0.045400201548914776	0.09828356622640241	3	4
hsa-miR-6821-3p	0.08231377635436375	-0.06751230857445982	0.033521469114399044	3	4
hsa-miR-6821-5p	0.04552663445718975	-0.012098806147685633	0.004443159697858691	3	5
hsa-miR-6822-3p	0.05112628828237123	0.02023741868644696	0.02556842045561403	3	2
hsa-miR-6822-5p	0.04658171303857823	-0.029524284741358358	0.01387206019899906	3	3
hsa-miR-6823-3p	0.05617570439162912	0.03764793138905328	0.04089235777705183	3	3
hsa-miR-6823-5p	0.04667840974771087	0.003968803035439842	0.04590564547308208	3	2
hsa-miR-6824-3p	0.06844742286909859	-0.05825291372685264	0.016299106774242216	3	1
hsa-miR-6824-5p	0.03973223629162204	0.022942739490102195	0.004115994133055604	3	3
hsa-miR-6825-3p	0.09737982998325047	0.010845693553276184	0.07766749107055713	3	4
hsa-miR-6825-5p	0.05450691252051756	-0.005479846653977163	0.028047155202332745	3	3
hsa-miR-6826-3p	0.06747289732800169	0.013506703328691125	0.01683308148941672	3	3
hsa-miR-6826-5p	0.08067198026730203	-0.05096464869532426	-0.009558131737651274	3	4
hsa-miR-6827-3p	0.07959454353364614	-0.05448502023374166	0.054052150643633556	3	1
hsa-miR-6827-5p	0.04061221306664168	-0.01848331585559865	-0.015280130007248822	3	3
hsa-miR-6829-5p	0.04450673681359532	-0.005293899739874864	0.028712593059158815	3	4
hsa-miR-6830-3p	0.050064755359781	-0.003530381160420235	-0.025060170138790666	3	3
hsa-miR-6830-5p	0.027387213901233755	0.007074235578526254	0.0028378983054467015	3	3
hsa-miR-6831-3p	0.07363755846550978	-0.07700966684381091	0.02933407270004203	3	2
hsa-miR-6831-5p	0.050633811649277494	0.03506761711585234	0.006630181998883854	3	3
hsa-miR-6832-5p	0.10219932378030676	0.05422181883879734	0.09090288857461082	3	3
hsa-miR-6833-3p	0.08171532678763244	0.04545685432560353	0.03347672646687953	3	3
hsa-miR-6833-5p	0.05119886683390431	0.02048010310122771	0.05774164543404108	3	4
hsa-miR-6834-3p	0.06823332659177465	0.039688616900660216	0.07406531498776459	3	2
hsa-miR-6834-5p	0.05599943841382373	-0.034732100081507275	0.03155473071688724	3	2
hsa-miR-6835-3p	0.05158199962754593	-0.028412634751007047	0.04470325884913499	3	2
hsa-miR-6835-5p	0.04823249201030047	0.016858845250062423	0.03273720635432155	3	3
hsa-miR-6836-5p	0.11361595117148716	0.0977523267902394	0.0949498344642389	3	3
hsa-miR-6837-3p	0.180751391427333	-0.18998918844047916	-0.0522550108959881	3	3
hsa-miR-6837-5p	0.13252451471907042	0.05979603398603705	0.09274779542109293	3	3
hsa-miR-6838-3p	0.079697765698891	-0.016224913996321318	0.08867856347407646	3	3
hsa-miR-6838-5p	0.0747371697830926	0.01578353125901675	0.07531053092998215	3	3
hsa-miR-6839-3p	0.06066368159728696	-0.046988328531839145	0.029279788081752463	3	2
hsa-miR-6839-5p	0.10837151529202231	-0.12747725087687217	-0.0355778152805485	3	3
hsa-miR-6840-3p	0.05766442210262125	-0.03263021305278504	-0.002769315162050627	3	4
hsa-miR-6840-5p	0.0672403314727674	0.0016397270696214268	0.05586396106131229	3	4
hsa-miR-6841-3p	0.028761540281304693	0.01322796402291066	0.015664052330501912	3	1
hsa-miR-6841-5p	0.029348033747475258	0.014312723223943832	0.017741363929887472	3	3
hsa-miR-6842-3p	0.26664530446761825	-0.20880991894458958	-0.02517322997766764	3	3
hsa-miR-6842-5p	0.10985132780850183	-0.07071768559175594	0.016350091879290672	3	3
hsa-miR-6844	0.14782322074262175	-0.1533888518617178	-0.017728800005140613	3	3
hsa-miR-6845-5p	0.09079932521362882	-0.010344110545145663	0.08900658456632517	3	5
hsa-miR-6846-3p	0.05486651146702662	0.0045171917923681375	0.03592775079108073	3	2
hsa-miR-6846-5p	0.04801034200468916	0.027303840970206477	0.011507195444293222	3	4
hsa-miR-6847-3p	0.08793166127756573	-0.03927288283181936	0.04666280762166985	3	3
hsa-miR-6847-5p	0.06563864119057514	0.01638428383208931	0.036970378186850325	3	4
hsa-miR-6848-3p	0.03244901149931244	0.023217310082415156	0.006008077311755534	3	1
hsa-miR-6848-5p	0.08636188136738912	0.024401819140540567	0.08016536522849677	3	3
hsa-miR-6849-3p	0.09965359045351235	0.0597031326045922	0.0839264108621398	3	3
hsa-miR-6849-5p	0.04454174990330226	0.008294306887377407	0.045076052920036296	3	4
hsa-miR-6850-3p	0.06853942728127171	-0.05742975544122608	0.0016245061656849989	3	5
hsa-miR-6850-5p	0.09881095155226935	-0.018948267817241172	0.016448584721466597	3	5
hsa-miR-6851-5p	0.05303626187242686	-0.04003412745877014	0.008753614580308796	3	5
hsa-miR-6852-3p	0.21747231427767033	-0.22483196761422733	-0.0815646976868064	3	3
hsa-miR-6852-5p	0.12359326749396635	-0.08976869458417604	-0.06036300900574616	3	3
hsa-miR-6853-3p	0.09752765217731282	-0.06427458330164854	0.0036996666285069872	3	3
hsa-miR-6853-5p	0.07645362362744819	-0.07358869123857463	-0.051876646427898805	3	3
hsa-miR-6854-3p	0.08078523840641622	-0.08988184136796211	0.026199992145035066	3	3
hsa-miR-6854-5p	0.068899907253457	-0.04808159327073636	0.03989427076175999	3	3
hsa-miR-6855-3p	0.19487403202559178	-0.19757552729719083	-0.00911335040741791	3	1
hsa-miR-6855-5p	0.0711175726748815	0.028985988750617645	0.04295189115928294	3	3
hsa-miR-6856-3p	0.1570630511630519	-0.179268954559906	-0.03631079030506523	3	2
hsa-miR-6856-5p	0.045040325404782235	0.007195899971059398	0.008932773752547755	3	3
hsa-miR-6857-5p	0.05038491153274129	-0.045427480092328186	0.01330899265593344	3	4
hsa-miR-6858-3p	0.10316934381179417	-0.05361834961594288	0.01277868919110272	3	1
hsa-miR-6858-5p	0.04667762673114935	-0.05311319756594056	0.014737715704235146	3	4
hsa-miR-6859-3p	0.12838076654901798	0.11262449151995775	0.09281111232745815	3	3
hsa-miR-6859-5p	0.0813934367653015	-0.009854796185383779	-0.014304302945878956	3	4
hsa-miR-6860	0.05041979787950583	-0.04028406553936007	-0.014074201386715017	3	3
hsa-miR-6861-3p	0.08219541753066685	0.031179392999403956	0.05510137004850561	3	1
hsa-miR-6861-5p	0.08703024777052266	0.019603739633049153	0.085214172971995	3	3
hsa-miR-6862-3p	0.07197984994815397	0.04986454943957208	0.0632915831426119	3	3
hsa-miR-6862-5p	0.1220528519266008	0.0854284314145387	0.09640992821718117	3	3
hsa-miR-6863	0.04581772859101715	-0.030939673308990466	-0.025570632314052485	3	2
hsa-miR-6864-3p	0.03442818712468733	0.0051911999854342104	0.01753595022285861	3	3
hsa-miR-6864-5p	0.0374476449358819	-0.019208028333729796	0.004684949412762239	3	2
hsa-miR-6865-5p	0.038492683863262184	0.0019047602921855068	0.026343494607936342	3	3
hsa-miR-6867-3p	0.04824043555349455	0.038628617236340354	0.01593001178705391	3	2
hsa-miR-6867-5p	0.03656881196696805	-0.020038349216478464	-0.02050166241679411	3	3
hsa-miR-6868-5p	0.03921317193514244	0.018964772068098306	0.02024722643189034	3	3
hsa-miR-6869-3p	0.026825644978801973	0.001626069256895135	-0.0016281631454643565	3	3
hsa-miR-6870-3p	0.03566354772446679	-0.01620915732943592	0.0023387608535372357	3	1
hsa-miR-6870-5p	0.05119741759354593	0.03967901950391144	0.0369191473469755	3	3
hsa-miR-6871-3p	0.10979175440841911	-0.12261284204404187	-0.03242823638160028	3	3
hsa-miR-6871-5p	0.04290529176016761	0.011245220073392279	-0.02891589364379619	3	3
hsa-miR-6872-3p	0.04472363713131889	-0.01191644604139695	-0.00934045065384613	3	3
hsa-miR-6872-5p	0.0357623788943802	0.023716364244819606	0.029419223731838716	3	5
hsa-miR-6873-3p	0.18065718550949347	-0.17133482460693888	-0.02603533733572577	3	3
hsa-miR-6874-3p	0.09487862708642233	-0.11102502276168118	-0.019185631808754315	3	3
hsa-miR-6874-5p	0.04927988880886102	-0.047161924701486634	0.01638456057226242	3	4
hsa-miR-6875-5p	0.10702391860556844	0.08371959291184403	0.07736617768766414	3	4
hsa-miR-6876-3p	0.06755135001779293	0.00656377410676089	0.04507819769333157	3	2
hsa-miR-6876-5p	0.08368820454185867	0.009959909654373432	0.0678411356081397	3	4
hsa-miR-6877-3p	0.10198362601348053	0.10048670200688799	0.0999260700699716	3	1
hsa-miR-6877-5p	0.081739223453921	-0.005787391378798703	0.025351321560882073	3	3
hsa-miR-6878-3p	0.05917714057561261	-0.01649324503757806	0.007668776865678574	3	2
hsa-miR-6878-5p	0.07839611505546429	-0.055235119595594726	0.04655299649113792	3	3
hsa-miR-6879-5p	0.04338119389025828	-0.015589105624879798	-0.03683786370656162	3	4
hsa-miR-6880-3p	0.0980536749243252	-0.022378570067234954	0.07825246577056952	3	1
hsa-miR-6880-5p	0.05174051227158189	0.005217195890030027	0.04251204245265895	3	4
hsa-miR-6881-5p	0.07191255812361237	0.019907569577097998	0.05632592305750202	3	4
hsa-miR-6882-5p	0.07584850157510323	-0.004802954098584308	0.019296935420913226	3	4
hsa-miR-6883-5p	0.036948972402492425	0.0020547121034387847	0.007591379375906195	3	3
hsa-miR-6884-3p	0.10977074107752423	0.10155894065019262	0.09784750218866457	3	1
hsa-miR-6884-5p	0.08079177307574655	0.009634012547371769	0.04828653012440166	3	3
hsa-miR-6886-3p	0.09738383141605715	0.06063119478315849	0.09772728120169037	3	3
hsa-miR-6886-5p	0.058848023736271765	0.04402844323156505	0.0584643495763966	3	3
hsa-miR-6887-3p	0.1290387049838495	0.0943583590348886	0.09827639223775565	3	2
hsa-miR-6887-5p	0.03248347516982299	0.02119248584716402	0.009411818412411222	3	3
hsa-miR-6888-3p	0.0835994060613311	0.036406350866014466	0.0969920420724604	3	2
hsa-miR-6888-5p	0.03679844759594648	0.01938704511565089	0.02717562207027324	3	3
hsa-miR-6889-3p	0.11249194342053226	-0.09002992938919469	-0.017993482358311344	3	1
hsa-miR-6889-5p	0.06479847290996223	-0.06406441050731959	-0.04432055538176811	3	3
hsa-miR-6890-3p	0.03829816124092152	0.018234899565286525	0.0017966231751937645	3	2
hsa-miR-6890-5p	0.06729758598437763	0.009245684021807414	0.04078689933631746	3	3
hsa-miR-6891-3p	0.08014906299372315	0.05794384582721088	0.07260333769801541	3	1
hsa-miR-6891-5p	0.09524735732420499	-0.11338026153825556	0.02993726214714449	3	5
hsa-miR-6892-3p	0.043543416961504065	-0.01908083368126394	-0.004864600331991308	3	3
hsa-miR-6892-5p	0.046382926245935714	-0.047003987623594624	0.01721622411174502	3	2
hsa-miR-6893-5p	0.049686527578594486	0.03930142143712915	0.0423119062013408	3	4
hsa-miR-6894-3p	0.09203752126944797	-0.043831476653423095	-0.013095024918608355	3	2
hsa-miR-6894-5p	0.06934510952125296	0.012461189337827746	0.05696122388152161	3	4
hsa-miR-6895-3p	0.06500714572337586	-0.007984985688512147	0.03432348211055356	3	3
hsa-miR-6895-5p	0.09354987499634633	0.08721411255376524	0.09384327791406712	3	3
hsa-miR-7-1-3p	0.12440710069932077	-0.03334621041653603	0.05006133482949598	3	3
hsa-miR-7-2-3p	0.06299556403388916	0.01332414949363535	0.05299752122635271	3	2
hsa-miR-708-3p	0.15033349371264612	-0.12459432978913655	-0.07022314666511725	3	3
hsa-miR-708-5p	0.1525799189121763	-0.1515599705748308	0.02522565839531997	3	3
hsa-miR-7106-5p	0.06880306483134063	0.03949649438587223	0.07181444352302167	3	3
hsa-miR-7107-3p	0.08056758160918803	-0.03077301671806422	0.06659407061541216	3	3
hsa-miR-7107-5p	0.05324795462902091	-0.015194631247820988	0.013889532099888685	3	4
hsa-miR-7108-3p	0.08079701546757158	0.04625413368991173	0.07072913688362392	3	1
hsa-miR-7108-5p	0.039756863280653955	-0.01991363040040118	-0.0036793831390288553	3	5
hsa-miR-7109-5p	0.05254677680957105	-0.017065590119683477	-0.04265139741245008	3	4
hsa-miR-711	0.049361173484770905	0.03382906077301874	0.047498760292895535	3	3
hsa-miR-7110-3p	0.1666605907916528	-0.15764520753927905	-0.04648937713489025	3	3
hsa-miR-7110-5p	0.06483618391009457	0.013962417683894657	0.07240681578023393	3	5
hsa-miR-7111-3p	0.08733598005998851	0.015364610514276233	0.045935404844407036	3	2
hsa-miR-7111-5p	0.042658194512168124	0.02993166861129762	0.023285715687003394	3	3
hsa-miR-7112-3p	0.07077130869750162	0.052344183206293575	0.06929227187185696	3	3
hsa-miR-7113-5p	0.11678079496488813	0.06515268410292828	0.060586408993169485	3	3
hsa-miR-7114-3p	0.10517392512111538	0.03989143495617986	0.09333712609733374	3	2
hsa-miR-7114-5p	0.03550369783247058	-0.01373760355579158	-0.014553224708375348	3	4
hsa-miR-7150	0.03883295422686161	0.030987322569400934	0.01088190814478701	3	5
hsa-miR-7151-3p	0.07374636582176795	-0.046557911196343414	0.045335404417612614	3	3
hsa-miR-7151-5p	0.07949790841638049	-0.02969645525564077	0.006092614667070687	3	3
hsa-miR-7152-3p	0.07219281025484851	-0.07591186797444775	-0.024923721757887957	3	3
hsa-miR-7152-5p	0.058822283546411044	0.01653154721375181	0.04023029657714838	3	3
hsa-miR-7154-3p	0.033443157937947963	0.016708894802370325	0.0342216507498454	3	3
hsa-miR-7155-3p	0.07984155059521736	-0.05851692056324494	-0.022759632062779867	3	3
hsa-miR-7155-5p	0.054126610795149174	0.0060128418912974765	0.02636920820431399	3	3
hsa-miR-7156-3p	0.03469964224067176	0.01443913034349885	0.022572101438981355	3	3
hsa-miR-7157-5p	0.02998321031590555	0.015411850096513687	0.019032665734910924	3	4
hsa-miR-7158-5p	0.026840477001109454	0.001403370348073755	-0.0021895987128658584	3	3
hsa-miR-7159-5p	0.03003544938631499	0.020870920168130157	0.012871756343866498	3	3
hsa-miR-7160-3p	0.04020088344497031	0.01169687467965742	0.0068266328643482675	3	3
hsa-miR-7160-5p	0.035432337773824575	0.023278150262945198	0.02812792192681526	3	3
hsa-miR-7161-3p	0.048845664316277654	-0.03356933813158928	-0.03885134126418396	3	3
hsa-miR-7162-3p	0.06592039935503817	-0.05741069308806887	-0.04833960235326934	3	4
hsa-miR-718	0.04380085351219668	0.023824260509938914	0.026506162265519394	3	4
hsa-miR-744-3p	0.08247487789925229	0.014667983985412658	0.052018498648292145	3	3
hsa-miR-7515	0.0415314221704365	0.029035825121444495	0.022259366428774983	3	3
hsa-miR-758-5p	0.048308825936043666	0.01946690222448748	0.025998458140010797	3	4
hsa-miR-760	0.10291501125511256	-0.08827796592327955	-0.01574838211235133	3	3
hsa-miR-762	0.053175370477997766	0.03881918847535417	0.02432439895146865	3	5
hsa-miR-764	0.028660904306998726	0.012998081278320951	0.012576156709793649	3	3
hsa-miR-765	0.04131156111558096	0.016082355566176827	-0.008945632791756624	3	4
hsa-miR-766-5p	0.09603156017573233	-0.07336390210113268	-0.0036141422656032294	3	3
hsa-miR-767-3p	0.037864939913717574	0.014342096965793825	0.013954089957971745	3	1
hsa-miR-767-5p	0.06089051134082138	-0.054849542389850965	-0.05260491860087358	3	3
hsa-miR-769-3p	0.12686905830629827	-0.13610247212744825	0.04666717025753019	3	3
hsa-miR-769-5p	0.12224998674889832	-0.13683051350214276	0.000516720904416071	3	4
hsa-miR-770-5p	0.04627910957581408	-0.002974068041384026	0.020381048565321486	3	4
hsa-miR-7702	0.06375839812141529	0.0036474143789631823	0.060347190828446244	3	3
hsa-miR-7703	0.08658067037288848	-0.08379280595515357	0.022746909697939924	3	3
hsa-miR-7705	0.09583520498842919	-0.13502819603523522	-0.03218808985559083	3	3
hsa-miR-7706	0.2687394236875817	-0.24839176412160047	-0.019239035061513674	3	3
hsa-miR-7843-3p	0.05995350380662742	0.04606895788243944	0.06520554040008805	3	3
hsa-miR-7843-5p	0.06806901315191297	-0.06200551658880673	-0.0005693909613523368	3	3
hsa-miR-7844-5p	0.08431216526241557	-0.07661455313518523	-0.08033991238640674	3	3
hsa-miR-7845-5p	0.07116219342639965	-0.04172555997929472	0.05161138441243006	3	3
hsa-miR-7846-3p	0.05801111165168835	-0.05164729492284387	-0.002886375858029688	3	5
hsa-miR-7847-3p	0.10116875519629341	0.04387967897165846	0.0998888463947206	3	4
hsa-miR-7848-3p	0.15633169239292044	-0.1594242083745567	-0.052154708431709655	3	2
hsa-miR-7849-3p	0.051065750302701364	-0.019980785087808584	-0.02990494125029782	3	3
hsa-miR-7850-5p	0.07172645252914171	-0.004694822056573665	0.06168036199935102	3	3
hsa-miR-7851-3p	0.0739449468591636	0.03121667600339184	0.04960919913156459	3	3
hsa-miR-7852-3p	0.04598439425657332	-0.03540633057506135	-0.007213610686907202	3	3
hsa-miR-7853-5p	0.050169232798298186	-0.027685734867526353	-0.023933333816702037	3	2
hsa-miR-7854-3p	0.10324643149743098	-0.0395548434131466	0.024597196895614397	3	3
hsa-miR-7855-5p	0.08157946302622995	0.033034752629910236	0.06122248907034981	3	3
hsa-miR-7856-5p	0.06623376920125462	-0.05910819745646988	-0.036095505183111734	3	3
hsa-miR-7973	0.026579532714256518	0.008270599377032997	-0.012267652886900831	3	3
hsa-miR-7974	0.13264909770923503	-0.0935018685409327	-0.05417795990851521	3	1
hsa-miR-7975	0.06142481813301131	0.033054617924713176	0.07019903560485513	3	4
hsa-miR-7976	0.2565414630885948	-0.23544715583457132	-0.035714348589148306	3	3
hsa-miR-8052	0.060755659294932984	0.04700342318423959	0.060014051263743186	3	3
hsa-miR-8057	0.049258391779755537	0.03924063334039822	0.046318434310623935	3	2
hsa-miR-8058	0.026774817593030686	0.00380995533049792	0.0005052920106613521	3	3
hsa-miR-8060	0.03956088077211267	-0.017342322164577144	-0.03170889675633061	3	3
hsa-miR-8061	0.03659627806209847	0.019890223365242345	0.04061252118829062	3	3
hsa-miR-8063	0.03409886276663138	-0.01412089874750514	-0.025994466770689555	3	5
hsa-miR-8065	0.030466333591407293	-0.008869514800782163	-0.01914495284839122	3	3
hsa-miR-8069	0.03060486867962231	-0.01562265216597849	-0.012851697003746625	3	4
hsa-miR-8071	0.029025450730162033	0.01606084491292367	0.012422761644573354	3	4
hsa-miR-8072	0.056300016881837	0.03336391417139212	0.04622827042395448	3	4
hsa-miR-8075	0.04853660633799603	-0.04028868908067056	-0.029746244151147058	3	3
hsa-miR-8076	0.06409806715368703	0.0474691729535144	0.06913541983954094	3	2
hsa-miR-8077	0.04224218527649805	0.031312423975805734	0.04228397835445085	3	3
hsa-miR-8078	0.03337726701939574	-0.006404664934842808	-0.008424478637534755	3	3
hsa-miR-8085	0.05011104431922077	-0.02965041288731099	0.018757310778608975	3	3
hsa-miR-8086	0.08830919236367664	-0.09189275734556591	-0.06550909104920752	3	3
hsa-miR-8089	0.07394066758214643	-0.059369387427164355	-0.014989001466713538	3	3
hsa-miR-873-3p	0.10773450330573248	-0.054206215686241496	0.09373302732470203	3	3
hsa-miR-873-5p	0.14299123291275714	-0.1486114809497476	0.0896808294764156	3	4
hsa-miR-874-5p	0.14299957303219704	-0.1358344721931172	0.0336966418733118	3	3
hsa-miR-875-3p	0.0406669657961721	0.030195458099188843	0.02918104605609173	3	2
hsa-miR-876-3p	0.11609442369995895	-0.12391899849138917	-0.06861200954844034	3	3
hsa-miR-876-5p	0.16417095018751274	-0.1656315539577693	-0.08070029120537422	3	3
hsa-miR-877-5p	0.14487842168549653	0.026671672375649064	0.08461046666646557	3	3
hsa-miR-887-3p	0.08397007067298434	-0.09736822908911621	-0.054057345504286376	3	4
hsa-miR-887-5p	0.03560108327492586	0.023348034140101347	0.019683562540073838	3	2
hsa-miR-888-5p	0.037603345588998825	-0.015125414480410389	-0.025185976412092987	3	3
hsa-miR-889-5p	0.0949092361429026	-0.09807221658607908	-0.0324918376209962	3	3
hsa-miR-890	0.07098609365668981	-0.0682784802496446	-0.02658037594694843	3	3
hsa-miR-891a-3p	0.042443586217896095	0.03158984824701972	0.04076022219334906	3	3
hsa-miR-891a-5p	0.08157251791067861	-0.07993263433180095	-0.03895102942882048	3	3
hsa-miR-891b	0.030949479575446245	0.016934823279421016	0.021895987128658586	3	3
hsa-miR-892a	0.09733991789856979	-0.09846853019448172	-0.045727509649103985	3	3
hsa-miR-892b	0.045735595165471335	-0.04608232129083619	-0.023810681028921577	3	4
hsa-miR-892c-3p	0.045192448363178546	0.03465734612013964	0.04294982090621492	3	2
hsa-miR-892c-5p	0.03765980259514497	0.026122949227243734	0.033124698476688634	3	4
hsa-miR-9-3p	0.128251215830179	-0.14672002032007803	0.04414267140425256	3	4
hsa-miR-9-5p	0.14445904645643698	-0.10578143260796262	-0.0970629108790045	3	2
hsa-miR-920	0.03155346938554087	-0.0032455953906815613	-0.023932922193170846	3	2
hsa-miR-921	0.0444821589236226	-0.025377336802170997	-0.01871289598142023	3	4
hsa-miR-922	0.038565509596378535	0.027200524592508307	0.03531429718955449	3	4
hsa-miR-92a-1-5p	0.1454972764505091	-0.09732368721226255	0.09083777753341744	3	2
hsa-miR-92a-2-5p	0.09387439194926456	0.05527047557534365	0.08510076356998376	3	3
hsa-miR-92a-3p	0.1455289489535336	0.09290643106594414	0.015122788933872705	3	3
hsa-miR-93-5p	0.11072051528775742	0.01832124001929269	0.033295269506854824	3	1
hsa-miR-933	0.2715994250174261	-0.27932869605046085	-0.07591638488594087	3	1
hsa-miR-936	0.030466333591414364	-0.008869514800782163	-0.01914495284839122	3	3
hsa-miR-937-3p	0.1684439023204667	-0.1440647399855249	-0.025814559508920955	3	2
hsa-miR-937-5p	0.08256747933337406	0.06121282234569814	0.05965627226204869	3	5
hsa-miR-938	0.04840991484260824	0.022018530430340057	0.02467496218925039	3	3
hsa-miR-939-3p	0.10450874198909235	-0.15242856624591242	-0.03077686449138354	3	1
hsa-miR-939-5p	0.06320776727457257	0.0008210471466916945	0.017262792396682644	3	4
hsa-miR-941	0.21792712622429375	-0.20581065750478747	-0.07424510380847568	3	3
hsa-miR-943	0.2564702043226551	-0.2502084395018108	-0.03468954031829685	3	3
hsa-miR-944	0.09587981630380156	-0.08169477963740156	-0.05703656957479128	3	3
hsa-miR-95-3p	0.12128161107268833	-0.11977411904775997	-0.0004700794233273772	3	2
hsa-miR-96-3p	0.061964281974374286	0.06392541949441316	0.06346540777887517	3	3
hsa-miR-96-5p	0.07168898615384167	0.02006807376396881	-0.06056540314653311	3	1
hsa-miR-98-3p	0.07322494885368552	-0.07984718852416471	0.010807118794025471	3	1
hsa-miR-98-5p	0.07891841659131618	-0.04505574235107924	0.005604269814113562	3	1
hsa-miR-99a-3p	0.15629002017952412	-0.1563111304469948	0.021863761231437646	3	3
hsa-miR-99b-3p	0.11573632264684137	-0.02359566674542136	-0.07896040234928678	3	4
