B.cells	Basophils	CD4..T.cells	CD8..T.cells	Eosinophils	Erythrocytes	Monocytes	Natural.killer.cells	Neutrophils	Plasma	Thrombocytes
SRR9844383	0.059560536844032	0.190267039139577	0	0	0.203879808540233	0	0.0114215509762197	0.0152662323354241	0	0.469240695842462	0.0503641363220524
SRR9844342	0.0449668147327837	0.200967500271872	0	0.00149026783517493	0.207510110223105	0	0.00430458749293835	0.00985007219951588	0	0.479722761859533	0.0511878853850762
SRR9844354	0.045661457169505	0.207640475356255	0	0	0.205847264129819	0	0.00275167129225849	0.00906759006867123	0	0.477761770629152	0.0512697713543394
SRR10416522	0.037549922633228	0.227934897425177	0	0	0.199395205340573	0	0	0.00330735487242663	0	0.47982200476329	0.0519906149653057
5628-SL-0533	0.113937561899	0.0771256875705012	0	0.00624680916977701	0.184946674574013	0	0.062151557729883	0.0279566318189422	0	0.476667818795753	0.0509672584421314
5628-SL-2294	0.126526959903298	0.083942406297022	0	0	0.174055208320398	0	0.0613942350985804	0.0253625829119163	0	0.477140339670442	0.0515782677983431
SRR10416515	0.0422764895654859	0.199894475446262	0	0.00181618069549925	0.209003096707663	0	0.00264508176383065	0.0108903783247539	0	0.482292816535125	0.0511814809613809
5628-SL-3213	0.105864095007058	0.122236336545742	0	0.00299245121484005	0.173469196883656	0	0.0489244034479074	0.0168356220186004	0	0.478024428950101	0.0516534659320953
5628-SL-1372	0.114645457146857	0.0946471138763014	0	0.00286852066034918	0.178810983953249	0	0.0573993541590906	0.023284922135785	0	0.476949934186169	0.0513937138821989
5628-SL-2649	0.0894649481588673	0.12396991012713	0	0.0087694425783864	0.189275420322992	0	0.042757055976646	0.0185504812641415	0	0.476334352327023	0.0508783892448141
5628-SL-1976	0.114985685842689	0.0493515552387656	0	0.00656944274763274	0.201597545206524	0	0.0706467418021648	0.0386354523039568	0	0.467727717918391	0.0504858589398756
5628-SL-1545	0.115562563770974	0.11099079701631	0	0.00152859157451936	0.166664796221543	0	0.0557475479977557	0.0193660289654798	0	0.478244465962126	0.0518952084912927
5628-SL-0724	0.113622545836687	0.1176147163098	0	0.00059463836984106	0.166255807625204	0	0.0528244899948489	0.0184326454657267	0	0.478634462261443	0.0520206941364486
5628-SL-0932	0.132254153859677	0.0855068340038647	0	0	0.166343759181464	0	0.0651951493563068	0.0223782045921539	0	0.476501281258411	0.0518206177481231
5628-SL-0449	0.0663009520828806	0.152796986728933	0	0.0154336766948027	0.218026567905678	0	0.0349655213672768	0.0117862178565774	0	0.452064644357023	0.0486254330068285
5628-SL-3798	0.0606587123728777	0.159288693793367	0	0.0132585284169696	0.206452788978586	0	0.0226038289688579	0.0115069992664435	0	0.475737909889342	0.0504925383135559
5628-SL-2620	0.125220364608338	0.0809982068063763	0	0.00183830322658161	0.175278970563461	0	0.065420436960434	0.0243487220344487	0	0.475550432850042	0.0513445629503181
5628-SL-2295	0.10552435115218	0.0866177884280584	0	0.00618991136911851	0.191290811855317	0	0.053633244691142	0.027427063654118	0	0.47859366572692	0.0507231631231467
5628-SL-1300	0.0976589423971722	0.118014379242067	0	0.00602277164205789	0.184912665852306	0	0.0459123960158458	0.0192176243628659	0	0.477186360042014	0.0510748604456709
5628-SL-0508	0.140229016274743	0.0918894647989232	0	0	0.151916504990194	0	0.0675864713247049	0.0209510924061094	0	0.475069579147018	0.0523578710583074
SRR10416507	0.0573524847776808	0.174159309544952	0	0.00394573466594001	0.200754817749686	0	0.0169032371655237	0.0153361813485878	0	0.480379432078486	0.0511688026691441
5628-SL-1825	0.113513586123933	0.0960030354284234	0	0.00392151592219415	0.175856373466281	0	0.0575394561495781	0.0236570082637564	0	0.478097746720468	0.0514112779253663
5628-SL-1217	0.131519990580403	0.0868968570998606	0	0	0.161629991606939	0	0.0675900292652939	0.0243106842330998	0	0.476158335704222	0.0518941115101825
5628-SL-3243	0.151907739167216	0.0912806714960265	0	0	0.141471076230397	0	0.0696841947617707	0.0181924135792262	0	0.474798413817896	0.0526654909474685
5628-SL-2425	0.138364188594445	0.0931488223048916	0	0	0.149667139288825	0	0.0680200527519819	0.0218343535732016	0	0.476648805054258	0.0523166384323973
5628-SL-2198	0.117342208792717	0.0960886402216475	0	0.00186716016936805	0.173477058069534	0	0.0580936783746506	0.0232303794883889	0	0.478352531584831	0.0515483432988629
SRR23099074	0.0329673278646751	0.247911360121527	0	0.012749552547635	0.196297408325174	0	0	0	0	0.456740049839084	0.053334301301905
SRR10416501	0.0589855061834305	0.168429615894297	0	0.00587734304852443	0.199899143459575	0	0.0189325846608185	0.0160051621545131	0	0.480719304118789	0.0511513404800529
5628-SL-1414	0.139000687877196	0.0928447552289839	0	0	0.15364647624508	0	0.0663781152945075	0.0206288833699913	0	0.475346914495644	0.0521541674885983
5628-SL-1308	0.0926374817034444	0.132380661171162	0	0.00593759915554309	0.181738994596026	0	0.0415061598815198	0.0166360536674625	0	0.477807100560047	0.0513559492647946
5628-SL-0302	0.141143203055084	0.096360333146008	0	0	0.150033964654982	0	0.0672907714062321	0.0177407009056778	0	0.475009997122886	0.0524210297091292
5628-SL-1981	0.0401586315932521	0.201386777774198	0	0.0155071840142032	0.208991716252354	0	0.00674966758461189	0.0027323936662081	0	0.474058008347059	0.0504156207681137
5628-SL-1881	0.107125314327444	0.10646442620372	0	0.0052475695502818	0.178770040665564	0	0.0532542926210085	0.0207714619392368	0	0.477131121386447	0.0512357733062979
5628-SL-0334	0.136805860853043	0.0901790025519436	0	0	0.15485383114127	0	0.0687016024881365	0.021367633860293	0	0.475925466443022	0.0521666026622917
5628-SL-4337	0.114726741247155	0.099155741446547	0	0.00292635824618402	0.173571806412715	0	0.0575145246426673	0.022860396614932	0	0.477712021087098	0.0515324103027008
5628-SL-0172	0.0311475857538502	0.222248674315486	0	0.0144424146612695	0.209218164244641	0	0	0	0	0.472520853166855	0.0504223078578982
5628-SL-2555	0.104270107958068	0.0573113236560782	0	0.0101099679252424	0.216519174100939	0	0.0589239554028607	0.0293997960746031	0	0.473721404585406	0.049744270296802
5628-SL-1798	0.128946077768889	0.0883665605052712	0	0	0.162201154959749	0	0.0660745624284746	0.0240994909713963	0	0.47830092635975	0.0520112270064694
5628-SL-0510	0.120943652842279	0.0995621763559518	0	0.00043330338515445	0.167652672777964	0	0.0590951802684032	0.0219420645726723	0	0.478564936024327	0.0518060137732478
5628-SL-2190	0.0246386272307314	0.22820587332483	0	0.0132378982068877	0.21196705173216	0	0	0	0	0.471740572059792	0.0502099774455992
5628-SL-0499	0.107078665465546	0.121430082318731	0	0.00147790106065608	0.175848107239005	0	0.0482706172777474	0.0171743405412703	0	0.477031827511697	0.0516884585853474
5628-SL-1813	0.104859013551356	0.0702696330412115	0	0.00946305227023901	0.199468223422016	0	0.0590984148658189	0.0330384195578948	0	0.473546228021481	0.0502570152699827
5628-SL-0051	0.103396977792768	0.0752321394004356	0	0.00699349878827558	0.198929949447589	0	0.0582718060179713	0.0324963994812433	0	0.473972795059347	0.0507064340123712
5628-SL-2112	0.128560597572978	0.100696412170781	0	0	0.163053697715333	0	0.0615801653288184	0.0180206875001802	0	0.476052767214412	0.0520356724974975
SRR10416497	0.0511441359515654	0.183439509801056	0	0.00516906174451902	0.202998543041693	0	0.0114817302496224	0.0128928334938508	0	0.481599931084477	0.0512742546332162
5628-SL-0341	0.110451810955467	0.113112766987419	0	0.00236021642847048	0.172165868741712	0	0.0523367731600533	0.0197072445987733	0	0.47823708898577	0.0516282301423351
5628-SL-0693	0.106308835247477	0.100725570301655	0	0.00657595292956889	0.179131056348657	0	0.0549337809049192	0.023783191850927	0	0.477322437364463	0.0512191750523328
5628-SL-3473	0.048286391287904	0.189655959032244	0	0.0144879833256866	0.203252409240291	0	0.0128003073830056	0.00638943557222283	0	0.474572027357325	0.0505554868013214
5628-SL-1421	0.107032662085276	0.0734138809343717	0	0.0105042682440491	0.190090334767985	0	0.0629000925925725	0.0323738212489505	0	0.473231918162641	0.0504530219641554
5628-SL-0608	0.136235250207427	0.0844826229611809	0	0	0.163157589878763	0	0.0672940881324011	0.0215134362246041	0	0.475372705417297	0.0519443071783265
5628-SL-1843	0.0985545243862617	0.114184531402526	0	0.00766505243902004	0.180542010590152	0	0.0494101767342003	0.0217634823350516	0	0.476749408686059	0.0511308134267296
SRR9844350	0.0523918165271448	0.194756210860769	0	0	0.205138322636624	0	0.00908284417062373	0.0122490161480251	0	0.47571880498934	0.0506629846674739
5628-SL-3812	0.126635003578911	0.0798321333908058	0	0	0.17750940716375	0	0.0625717260373833	0.0235964615237306	0	0.478245354890562	0.051609913414857
5628-SL-0503	0.121442140768093	0.0962398297327905	0	0.00230498480250986	0.165538342534143	0	0.0624776174287129	0.023776520922833	0	0.476598941190089	0.0516216226208289
5628-SL-0829	0.124738062336022	0.0800415542389172	0	0.00262822743593907	0.174815588230174	0	0.066308007584064	0.0235018272876444	0	0.47630108188259	0.0516656510046486
SRR9844353	0.052314894580478	0.18931274758132	0	0.000873721553617994	0.205004166823768	0	0.0104558007544604	0.0124021826130106	0	0.478926790915224	0.0507096951781202
5628-SL-0927	0.0630779722048219	0.158198699317928	0	0.0142236730613627	0.202675844218907	0	0.0264410131438093	0.0122105727810259	0	0.47284413719186	0.0503280880802846
SRR10416535	0.0970380005133884	0.0893749106141679	0	0.0085425360420328	0.189525549438399	0	0.0515343630555243	0.0340516143682193	0	0.483880862632235	0.0460521633360333
5628-SL-1166	0.0971726240388488	0.117479859985683	0	0.0054383882321221	0.191242638516062	0	0.0440046790084066	0.0159831630287889	0	0.477684474881415	0.0509941723086743
5628-SL-2138	0.083555963789239	0.121152464990219	0	0.0100618924532796	0.199072484369551	0	0.0388258293511847	0.0204294575106102	0	0.47651533012895	0.0503865774069662
5628-SL-0646	0.136158042954108	0.0859419582628538	0	0	0.160356461872798	0	0.0651660004032628	0.0222535515673815	0	0.477975798923189	0.0521481860164061
5628-SL-0246	0.105913064491073	0.067848468556778	0	0.00867335909714264	0.201378537124704	0	0.0590536909843169	0.0329423730520264	0	0.474033655773781	0.0501568509201776
SRR10416525	0.0840025427568653	0.0870873553501828	0	0.0100633834126677	0.209003794271294	0	0.0417068064305783	0.0368154790394249	0	0.487296700916798	0.0440239378221893
5628-SL-2682	0.0915364999094291	0.116848219484773	0	0.00910882618135687	0.188572516294242	0	0.0456734174984195	0.0216937576501085	0	0.475770162989803	0.050796599991868
5628-SL-3230	0.112214657525185	0.095245345946194	0	0.00445984638781777	0.177970049028191	0	0.057542771402473	0.023693234194034	0	0.477501335969308	0.0513727595467966
5628-SL-0050	0.130571705483246	0.0854579093414081	0	0	0.164548480550205	0	0.0677597106009108	0.0244270932222501	0	0.475485051420889	0.0517500493810908
SRR23099076	0.0577330386354832	0.214584237540022	0	0.00876270935807563	0.183789877518074	0	0.0124057997811053	0	0	0.464136077375819	0.058588259791422
5628-SL-0313	0.0647751926027229	0.155210493918914	0	0.0125876433596624	0.200049367757153	0	0.0261524539399765	0.0141010798667553	0	0.476447504015342	0.0506762645394748
5628-SL-1431	0.12581851860002	0.0961417274655063	0	0	0.166415950352554	0	0.0609081588147382	0.0214176736382603	0	0.477446375034114	0.0518515960948078
5628-SL-1673	0.114228398416693	0.0846450815761782	0	0.00672483515921121	0.178115261257293	0	0.0623625760512604	0.0277253443279554	0	0.475238086297076	0.0509604169143326
5628-SL-0666	0.137884163776521	0.0895265067792857	0	0	0.15534199747938	0	0.067348531945477	0.0206460432167451	0	0.47700913861542	0.0522436181871708
SRR9844346	0.0564813042245938	0.184543704923042	0	0	0.204575180718485	0	0.0128528671506909	0.0141537468300364	0	0.477283520800055	0.0501096753530971
SRR9844379	0.0450983823099765	0.211264547748315	0	0	0.203044353668565	0	0.00131286436421013	0.00813755542275497	0	0.479675478831648	0.0514668176545302
5628-SL-1954	0.0715260515903975	0.14357994706562	0	0.0127244353281744	0.198575333649761	0	0.0324261027378591	0.016853655956124	0	0.473794355134432	0.0505201185376318
SRR8518777	0	0.259528508060032	0	0.344440075872882	0	0	0.287992100238433	0	0.0158442364848846	0.0210575736422912	0.0711375057014782
5628-SL-4048	0.136702221544106	0.0766503968715709	0	0	0.169782366331511	0	0.0697584870659333	0.02157622628585	0	0.473938655462464	0.0515916464385651
5628-SL-0509	0.129732032908316	0.0909371531173539	0	9.09031959556121e-05	0.160209739011529	0	0.0664697088381545	0.0230798552565663	0	0.477529822728963	0.0519507849431612
5628-SL-0295	0.0946446407781201	0.0990586755269615	0	0.0109354005347662	0.191795158518691	0	0.0507594962037474	0.0256064505049564	0	0.476650410869766	0.0505497670629913
SRR9844365	0.0552059443991796	0.188277036013533	0	0	0.204823530513399	0	0.00880786692239154	0.016042285506975	0	0.476337208219536	0.0505061284249868
SRR10416520	0.0575057045165809	0.181352957762354	0	0.00924376612346261	0.199032939821764	0	0.0146642799544736	0.00857951436280162	0	0.478561663220136	0.0510591742384277
5628-SL-0742	0.10476967824252	0.114511962932795	0	0.00495778523122993	0.177953122794492	0	0.0507450693445373	0.0192060646420831	0	0.476582197790478	0.0512741190218646
5628-SL-0507	0.035828350562384	0.219117862882629	0	0.0110855033972214	0.20569847671767	0	0	0.00105231331482427	0	0.476218524562323	0.0509989685629488
5628-SL-3342	0.128446479480348	0.0766580726591061	0	0.000171094665346555	0.169788051713947	0	0.0667735366091542	0.0266846977935159	0	0.479707951197009	0.0517701158815731
5628-SL-1394	0.0634463321403841	0.157829913684762	0	0.013473768651983	0.200324087454889	0	0.0262112736185849	0.0131894398447001	0	0.474934670849809	0.0505905137548873
5628-SL-1071	0.123977269072381	0.0962607553609075	0	0.000410950984245848	0.16700621775505	0	0.0617852592163996	0.0213804811022762	0	0.47738230269221	0.0517967638165303
5628-SL-1731	0.116465424123854	0.0778120245946786	0	0.0053427632369732	0.181277742965037	0	0.0629852752596023	0.0280353710798503	0	0.47698938166929	0.0510920170707144
5628-SL-0845	0.133177127340437	0.0916276895959984	0	0	0.159092711905808	0	0.0664958775451327	0.0213135569267763	0	0.476247862049243	0.0520451746366047
5628-SL-0823	0.124465515442104	0.0947157290713387	0	0	0.17095569066164	0	0.0602690391303389	0.0206068101455191	0	0.477293785332981	0.0516934302160782
5628-SL-1587	0.13390134497262	0.0857200453924239	0	0	0.164334446601309	0	0.0643942877226932	0.0227486107056482	0	0.476970740663637	0.0519305239416689
SRR10416537	0.0998090275483806	0.112208841729809	0	0.00778902088594056	0.176339369230045	0	0.0507140687818665	0.0233298931852696	0	0.478725311710339	0.0510844669283504
SRR12683394	0.0964895341438231	0.192409676324647	0.0311880097383076	0	0.304914529142239	0	0	0.0566265803072887	0	0.250218175376794	0.0681534949669007
5628-SL-1231	0.121451576278258	0.0818735204062367	0	0.00361515007602674	0.173203789218322	0	0.0648719429466499	0.0265736369298621	0	0.476929602657795	0.05148078148685
5628-SL-0804	0.10777054267654	0.11494502038599	0	0.00278569192149138	0.175072011538216	0	0.0505803277840285	0.0189535892291956	0	0.47818011756101	0.0517126989035289
5628-SL-0976	0.136138268737675	0.0856191868172996	0	0	0.159315941256489	0	0.0672700728225697	0.0227126992319628	0	0.476898640730967	0.0520451904030371
5628-SL-1945	0.118969698509116	0.0787363147193406	0	0.00390568625443833	0.180744504915791	0	0.0631008680846766	0.0274893569954027	0	0.475914511045006	0.0511390594762285
5628-SL-1930	0.108259542521119	0.0966671354749725	0	0.00488361155637814	0.180896983736131	0	0.0548450360297519	0.0246744494535682	0	0.478293449150294	0.0514797920777847
5628-SL-1857	0.123617089589853	0.0948212248959282	0	0	0.171300067482522	0	0.0598000811014898	0.0204883030870341	0	0.478156280293429	0.0518169535497433
5628-SL-3290	0.138592814579373	0.090790630227162	0	0	0.150120471069287	0	0.0701806629438492	0.0220984973452949	0	0.475933284828701	0.0522836390063338
5628-SL-2553	0.0986524116958517	0.0853910680972438	0	0.00613265840064371	0.198130183346921	0	0.0521719931335133	0.0319855373117125	0	0.476851069439577	0.0506850785745371
5628-SL-2110	0.126031515557553	0.0982515612070087	0	0	0.165470214249993	0	0.0607023530882864	0.021210569156118	0	0.476343457374404	0.0519903293666365
5628-SL-2687	0.136841505128289	0.0917772231495203	0	0	0.15617575514011	0	0.0660330693795836	0.0207169271357821	0	0.476318289717356	0.0521372303493588
SRR10416499	0.0572416376926144	0.176595713600769	0	0.00322366079677574	0.199028767643719	0	0.0158712417299129	0.0149291637232245	0	0.481684288012978	0.0514255268000065
SRR9844339	0.0483578476514214	0.194614434744963	0	0.00464413389481002	0.205383578474026	0	0.00872075818095027	0.0100885121910039	0	0.477629241343423	0.0505614935194031
5628-SL-0627	0.100993057205857	0.121897177915146	0	0.00548085771771309	0.175152011495113	0	0.0486265728160255	0.0191837743716142	0	0.477189081151265	0.0514774673272668
5628-SL-2855	0.0575227927436405	0.16967943125209	0	0.0141314473163489	0.202507033552828	0	0.0208362205414536	0.0103821299755859	0	0.474453090293813	0.0504878543242406
5628-SL-1936	0.103014491095438	0.0732079913693063	0	0.010476248106659	0.197240501329736	0	0.0583961148894604	0.030945326220739	0	0.476257128456686	0.0504621985319755
5628-SL-0939	0.133390090443421	0.0896293242523752	0	0	0.158182864013501	0	0.0677093172611241	0.0222870575758424	0	0.476707320358892	0.0520940260948443
5628-SL-0613	0.0787155912521533	0.161286882237304	0	0.00732564384521349	0.183701714037839	0	0.030413364240933	0.0107509025963602	0	0.47645102548654	0.0513548763036579
5628-SL-2140	0.046705913945794	0.188457687773426	0	0.0154262364451202	0.21077639514119	0	0.0132336213233854	0.00755916192129741	0	0.468041481568825	0.0497995018809623
SRR23099083	0.029549003826532	0.291042302644749	0	0	0.176912348124177	0	0	0	0	0.448586974563886	0.0539093708406564
5628-SL-2545	0.0216471473929107	0.239258091815971	0	0.0171158928631602	0.208823149646643	0	0	0	0	0.463475669741515	0.0496800485397993
5628-SL-0906	0.134662568268601	0.0935382719818928	0	0	0.156548849827309	0	0.0653441156133113	0.0204507577573819	0	0.477212128672216	0.052243307879289
5628-SL-3562	0.129652269134334	0.0848116377119771	0	0.00032645574656218	0.165562651556724	0	0.0674979838335932	0.0240709014750487	0	0.476320246886987	0.0517578536547742
SRR9844359	0.037619282697509	0.192087653173609	0	0.00654158579461501	0.212464374214061	0	0.00431169735524451	0.0130286616223242	0	0.483017274891416	0.0509294702512211
5628-SL-1313	0.135274639442633	0.0887737421196496	0	0	0.155741308586646	0	0.067787373949991	0.0234323344535752	0	0.476830749696498	0.0521598517510075
5628-SL-1723	0.110882232667495	0.0909836966289505	0	0.00611297012628996	0.179250131991761	0	0.0582780571294269	0.025351127066471	0	0.477986794004312	0.0511549903852929
5628-SL-4383	0.122671034706246	0.0814072618825901	0	0.00312229796800697	0.175321598300353	0	0.0649658024735786	0.0251641122302126	0	0.476061653765376	0.0512862386736367
5628-SL-3077	0.134762460935563	0.0871447531029158	0	0	0.161064479047686	0	0.0666147448153929	0.0224381011586576	0	0.476062985585415	0.0519124753543696
5628-SL-1371	0.0925713159709705	0.112258397359704	0	0.00700139431871389	0.199569924911218	0	0.0426120978010517	0.017583403678144	0	0.477579944038236	0.0508235219219625
5628-SL-1964	0.136819789471806	0.0869662593594294	0	0	0.161071873553379	0	0.0688150959135415	0.0212798073495642	0	0.473270876625239	0.0517762977270403
5628-SL-2868	0.105311339177724	0.0662849128979417	0	0.0102220687448102	0.203537937431207	0	0.0600426178997497	0.0322203684182538	0	0.472724081664025	0.0496566737662889
5628-SL-2498	0.114373582425701	0.100738738609816	0	0.002774737711758	0.174214125464366	0	0.056863475109089	0.0227973450275478	0	0.476854524475119	0.0513834711766034
5628-SL-0594	0.100994975624909	0.123447283684496	0	0.00390890611274459	0.178911766166445	0	0.046352670800459	0.0180592011302094	0	0.476870999800464	0.0514541966802739
SRR9844374	0.0542867033977631	0.193263971490689	0	0	0.204846792861659	0	0.00652243263301413	0.0156550867029241	0	0.474548296354197	0.0508767165597536
5628-SL-3950	0.0756358848733711	0.135813871521416	0	0.0119985244001405	0.19689059330032	0	0.0348608428931417	0.0177912778901097	0	0.476374193732028	0.0506348113894734
5628-SL-0901	0.109308858633892	0.0638288933100127	0	0.00915349936554269	0.198219371529195	0	0.0638439053726846	0.0340846554540408	0	0.471649033662984	0.0499117826716484
5628-SL-1950	0.111579444291977	0.0635679889902501	0	0.0101105708266728	0.195617338530548	0	0.0670810264849431	0.0348343597653818	0	0.467399954145624	0.0498093169646032
5628-SL-0021	0.096722199642203	0.112473109329085	0	0.00748986136238314	0.182230860569932	0	0.049123530670727	0.0233351862961271	0	0.47751359311362	0.0511116590159229
5628-SL-1759	0.126585117104578	0.0877507957116128	0	0.000823600645438482	0.167440070954426	0	0.0652142985936704	0.0238918284011794	0	0.476536370589626	0.0517579179994681
5628-SL-4094	0.124785851505674	0.0754168343616255	0	0.000330214414605101	0.183346961731878	0	0.0623713391473303	0.0234986510552381	0	0.478900935319566	0.0513492124640826
5628-SL-0986	0.12914716644906	0.0901064062400953	0	0	0.163391862525121	0	0.0654181024483505	0.0232214055724168	0	0.476831018592069	0.0518840381728869
5628-SL-1761	0.129164859736871	0.089408755812974	0	0.000593708429302744	0.161061271452466	0	0.066642951414184	0.0233933192540252	0	0.477817033722982	0.0519181001771947
5628-SL-2679	0.136988156676894	0.0775782263950341	0	0	0.17504501008139	0	0.0660436546076529	0.0200170309823791	0	0.472878562452736	0.0514493588039143
5628-SL-1846	0.119803329376198	0.109952128076214	0	0.000320727419432781	0.164495741614905	0	0.0578185644360246	0.0178882419887109	0	0.477703686219034	0.0520175808694811
5628-SL-1084	0.0741764702715594	0.136455979099418	0	0.0125970025787992	0.200404254763958	0	0.0338304278732311	0.0161711781374091	0	0.475846804709238	0.0505178825663876
5628-SL-1494	0.104478921736593	0.0726590205905272	0	0.0108668140727208	0.19557477354609	0	0.0599561232484293	0.0301916136947821	0	0.476025910810454	0.0502468223004042
5628-SL-0620	0.0434741030053594	0.196999532139915	0	0.0144448864602931	0.206067995175438	0	0.00848730617634063	0.00461346876151682	0	0.475277987090438	0.0506347211906987
5628-SL-3985	0.118655558229184	0.0542863364912477	0	0.00776025778438371	0.200462366666771	0	0.0700238820704622	0.0271816587294976	0	0.471374588255841	0.0502553517726125
5628-SL-3040	0.127406427691885	0.0498764947140499	0	0	0.205192520931561	0	0.0676361163306448	0.0432147607032732	0	0.457475113414263	0.0491985662143234
5628-SL-0728	0.10979071558755	0.119437410746715	0	0.00183816064505861	0.170438466180036	0	0.0509554210542087	0.0175405938842844	0	0.478166140279271	0.0518330916228761
5628-SL-3111	0.141943451964339	0.0905487591238619	0	0	0.151921461342301	0	0.0678378384856636	0.0207691258593447	0	0.474729719960973	0.0522496432635172
5628-SL-1483	0.133253910980685	0.0894302807731093	0	0	0.159421572953806	0	0.0692233715905067	0.0225289328357684	0	0.474348153718589	0.0517937771475356
SRR9844377	0.0433130515028756	0.209398179248512	0	0	0.20597003490997	0	5.73086838280373e-05	0.00870356269042337	0	0.480974820859855	0.0515830421045357
5628-SL-2025	0.107419353537813	0.116642828576432	0	0.00253954953028036	0.176222400656183	0	0.050038899520936	0.0184049897904409	0	0.477185855612068	0.0515461227758469
5628-SL-0296	0.128010144058324	0.0936415290266023	0	6.67110804353829e-05	0.160309414201424	0	0.0657439555505042	0.0232703476892548	0	0.477026621881065	0.0519312765123909
5628-SL-0730	0.102809959676373	0.122626685760669	0	0.00387630933417493	0.177368274333791	0	0.0476606891061	0.0178423448318303	0	0.476403083543336	0.0514126534137251
5628-SL-0132	0.125943471690007	0.0824409868245916	0	0.00112903317691816	0.173082686042259	0	0.0656751355615842	0.0239749223935906	0	0.476209345842366	0.0515444184686829
5628-SL-1248	0.136150310509277	0.0889238130601878	0	0	0.155965391163242	0	0.068223757730504	0.0225539533006656	0	0.476074285091168	0.0521084891449559
5628-SL-1669	0.122518296120017	0.0847412491934306	0	0.00295558021356428	0.170065435213232	0	0.0648842251130474	0.0261596783499246	0	0.477138917448585	0.0515366183481996
5628-SL-2143	0.0951858392737829	0.134549269087636	0	0.00347763607144911	0.180016221362839	0	0.0398788499438973	0.0161939390879974	0	0.479159911774068	0.0515383333983303
SRR10416533	0.0611524149775565	0.173848810027771	0	0.00658859663652106	0.194983689039272	0	0.0193133612316911	0.012656641917473	0	0.480038772913922	0.0514177132557941
SRR9844362	0.0598680531676306	0.178449296901912	0	0.00643228168494333	0.205989629628681	0	0.0198515710124333	0.013400361927353	0	0.466667503969745	0.0493413017073013
5628-SL-2041	0.0924503454385609	0.100128173766049	0	0.0117102013941139	0.19698406948364	0	0.0496267877243277	0.024473986068727	0	0.47440208813444	0.0502243479901411
5628-SL-2085	0.100450533914881	0.113595533211153	0	0.00629057943006577	0.18078030694807	0	0.049423380708927	0.0214197344699925	0	0.476873200850377	0.0511667304665332
5628-SL-0291	0.0371369803351121	0.21421266670539	0	0.0107733501607289	0.205854392324995	0	0.00140258090891183	0.00224300251586613	0	0.477312483809823	0.0510645432391731
5628-SL-0367	0.105044895576413	0.103204584837487	0	0.00654816008555578	0.179975187833585	0	0.0539351543353511	0.0230427025725656	0	0.477022238224085	0.0512270765349573
5628-SL-0871	0.0768504419256062	0.131382575700117	0	0.0106913292067422	0.197945005337156	0	0.0368370303606255	0.0197859028120049	0	0.475916175130917	0.0505915395268309
SRR23099021	0.115545039461377	0.154596827714398	0	0	0.150425112073781	0	0.047598368702936	0.00611074443353581	0	0.469675789347315	0.0560481182666559
5628-SL-1099	0.0668338180061107	0.143701457630736	0	0.0132406709406412	0.207059550639933	0	0.028620944012004	0.0166804983067815	0	0.473579022124246	0.0502840383395474
5628-SL-0305	0.0783646759601178	0.131014594365411	0	0.00867661274185106	0.203393361615018	0	0.0323508172276916	0.0172739869287744	0	0.478378327339253	0.0505476238218838
5628-SL-1522	0.130739250554816	0.0855187119505133	0	0	0.163251430098698	0	0.0668121958147283	0.0244530464719222	0	0.477309172566991	0.0519161925423317
5628-SL-0830	0.132377779980239	0.086068729535877	0	0	0.166440780981009	0	0.0649672456743564	0.0223706502203128	0	0.475934678749247	0.0518401348589583
5628-SL-1961	0.119703716919197	0.0854630801832228	0	0.00306291598233172	0.17709066232406	0	0.0651780052906099	0.0294741010315428	0	0.469183717440815	0.0508438008282201
SRR9844334	0.0493350708236367	0.196056125606845	0	0.00240572723109455	0.205676413047663	0	0.00823376363688035	0.0104572240238636	0	0.477080240086612	0.0507554355434052
5628-SL-3215	0.105415204528076	0.109970952522377	0	0.00493745394543224	0.178959869541581	0	0.0513629184376472	0.0201992474000691	0	0.477815825486622	0.0513385281381962
5628-SL-2033	0.0951726737225239	0.0980683729365725	0	0.000375901326562152	0.201934711845482	0	0.046657171734135	0.0313657853366852	0	0.475539061316811	0.050886321781228
SRR10416539	0.0323207032828886	0.167344302662108	0	0.00600038067878533	0.227278157223312	0	0.00523721485307235	0.0244336690260764	0	0.487666641444704	0.0497189308290535
5628-SL-0965	0.0832086477345534	0.0510555678448531	0	0.00070968885541115	0.248346934613541	0	0.0284835413406597	0.0434783607178473	0	0.494662994354803	0.0500542645383313
5628-SL-0736	0.102284575788076	0.0935165929145137	0	0.00897891130539365	0.186687542610758	0	0.0552286250092469	0.026071154578061	0	0.476463483877434	0.0507691139165159
5628-SL-2991	0.073829459653304	0.133838014982302	0	0.0101496794438025	0.201787200788666	0	0.0331203359211248	0.0201792510756165	0	0.476510569102698	0.0505854890324863
5628-SL-0294	0.112486653032952	0.120172003958848	0	0.000124464400065406	0.169839191212263	0	0.0510301558718976	0.0168152713482833	0	0.477639365903676	0.0518928942720139
5628-SL-3595	0.105009462804208	0.103393674389003	0	0.00574309716954288	0.181444886229831	0	0.0522198486058093	0.022755867242345	0	0.478252467340849	0.0511806962184105
5628-SL-0626	0.105967729332764	0.0725409561062273	0	0.00969546347394313	0.198707549550294	0	0.0600788069033456	0.0327829403092253	0	0.470198545512798	0.0500280088114031
5628-SL-0497	0.143300377832076	0.0950842858913548	0	0	0.148585619552967	0	0.0675822326515447	0.0185139488435379	0	0.474345642366337	0.052587892862183
5628-SL-2976	0.136908318495062	0.0887507373996787	0	0	0.157366642823878	0	0.0673060220474582	0.0207981747098667	0	0.476787690504319	0.052082414019736
5628-SL-1563	0.112058792227682	0.104368126614977	0	0.00382761859061509	0.173758679282172	0	0.0559232020173862	0.0211870243535123	0	0.477387394005121	0.0514891629085348
SRR23099069	0.0964219204536189	0.157822963780687	0	0.00393176220323685	0.169384832789684	0	0.0410187122181493	0.00694527999177373	0	0.465115654260783	0.0593588743020665
5628-SL-2185	0.0603680734465009	0.161024154790919	0	0.0140895549474848	0.203915692078065	0	0.0237197803201832	0.0122566896959369	0	0.474255669360723	0.0503703853601873
5628-SL-0431	0.0586532869870875	0.164498486261433	0	0.0143737234379168	0.208351286880815	0	0.0238840862960011	0.010095940236575	0	0.469985066142068	0.0501581237581038
5628-SL-2086	0.115939871959963	0.081501933598235	0	0.00557340639313967	0.178232132097865	0	0.0631875272771119	0.0288773166445479	0	0.475612706087698	0.0510751059414399
5628-SL-2426	0.123193188868054	0.0999407809055213	0	0.000505019499521985	0.162370814123888	0	0.0611521967388944	0.022295814055323	0	0.478608212106069	0.0519339737027287
5628-SL-0712	0.116916004872797	0.0841347627055802	0	0.00437708599614895	0.176989275734835	0	0.0610239780850471	0.0264862765894801	0	0.478899796466594	0.0511728195495178
5628-SL-1872	0.0897836259819989	0.110138859290983	0	0.0109588849567411	0.195175809070098	0	0.0464797568250176	0.0221145792330653	0	0.474870815594632	0.0504776690474643
5628-SL-1917	0.109433040649934	0.106194699858378	0	0.00335026465430719	0.176009441266795	0	0.0530898470919015	0.021721655418379	0	0.478638236210212	0.0515628148500938
5628-SL-0342	0.0336046253389557	0.238280417640608	0	0	0.20003438241515	0	0	0.000240444361548676	0	0.47606031760315	0.0517798126405883
SRR9844378	0.0413028530938331	0.207573092987527	0	0.00904743728200834	0.203416205707159	0	0.00491718947156903	0.00528348088124949	0	0.477579122423199	0.0508806181534539
5628-SL-2546	0.051539189052153	0.183942332370317	0	0.014689494655278	0.203311960474726	0	0.0160586570306993	0.00701575134474729	0	0.473009356275764	0.0504332587963157
5628-SL-2144	0.0860210966517095	0.133668588315199	0	0.00757011559929718	0.189285258111302	0	0.0377128944280533	0.0170679764222257	0	0.477620276898877	0.0510537935733367
5628-SL-0959	0.110567513307646	0.0961577913816709	0	0.00576412915215961	0.1772490907042	0	0.057716453388267	0.0248424126065347	0	0.47650180174221	0.0512008077173116
5628-SL-3491	0.105477023232943	0.116460739791638	0	0.00379570750567659	0.176625236149165	0	0.0500663027301573	0.0199779646654292	0	0.47623121295454	0.0513658129704511
SRR9844345	0.0530458053441692	0.202443537228065	0	0	0.201097273997065	0	0.0073788556302159	0.00935682709491004	0	0.475832548332843	0.0508451523727322
5628-SL-0093	0.139929809254931	0.0944641364518373	0	0	0.148403256824413	0	0.0682324011637227	0.0205834549994246	0	0.475994409769267	0.052392531536404
5628-SL-0328	0.105294825472819	0.0760569066259536	0	0.0105387066739556	0.190628192431687	0	0.061206457571881	0.0321340592971235	0	0.473731933908519	0.050408918018061
5628-SL-0188	0.125256788473924	0.0776306600412637	0	0.00290583304931333	0.175900752788753	0	0.0672772090044251	0.0270399498724165	0	0.473012261301687	0.0509765454682175
SRR9844363	0.0568190530162546	0.181971140007528	0	0.00252869041148177	0.20469158466708	0	0.0150544261397141	0.0136575441359626	0	0.475355506949369	0.0499220546726105
SRR9844347	0.0715581591978346	0.136473564268459	0	0.0114884798358434	0.207785801156982	0	0.0345931624529576	0.0235245956137735	0	0.467114390737155	0.0474618467369938
5628-SL-0254	0.133015326951199	0.0849349783936722	0	0	0.164897808706147	0	0.0675250394138206	0.0229906715595324	0	0.474960510609846	0.0516756643657825
SRR23099066	0.0670406040983898	0.180113556871728	0	0.00689251618446881	0.187122165449717	0	0.0225279386699198	0.00845185596674357	0	0.475445777357989	0.0524055854010448
5628-SL-4011	0.140627471205311	0.0857409729287381	0	0	0.155363848182067	0	0.0698571557989839	0.0208201911076246	0	0.475480497225659	0.0521098635516159
5628-SL-0708	0.127972862025588	0.0920598260316273	0	0	0.163201434923103	0	0.0644915469379228	0.0230576918457771	0	0.477287874430437	0.0519287638055453
5628-SL-4411	0.115080738247098	0.0941565722539788	0	0.00356360976250707	0.176322257688934	0	0.0582528816844439	0.0239562075459712	0	0.47740630022052	0.0512614325965463
5628-SL-0961	0.114067033697568	0.0781789305808051	0	0.00608330015428442	0.185008414446428	0	0.0623750018627977	0.0281331609294724	0	0.475250809296529	0.0509033490321155
SRR12683405	0.126615077487339	0.144740451263607	0.00981330398981117	0	0.304756983865561	0	0.0165974626350114	0.0696240882563738	0	0.263128668849357	0.0647239636529406
5628-SL-2187	0.0754270724328129	0.132513273172892	0	0.011822687383618	0.19754903955297	0	0.0347144534894059	0.019763394766326	0	0.47762253853822	0.0505875406637544
SRR23099023	0.109651664475431	0.0849201058445125	0	0	0.181363754550851	0	0.0558087804192115	0.0327767173864474	0	0.48131389710009	0.0541650802234571
5628-SL-1607	0.100752971021404	0.129077707410242	0	0.00236680810419735	0.178270391011448	0	0.0432820024808844	0.0161812520585242	0	0.478524343566181	0.0515445243471185
5628-SL-0394	0.113970249549959	0.107088381150156	0	0.00212872508367246	0.171533010454071	0	0.0550028248909524	0.0201617783807393	0	0.478434148549631	0.0516808819408196
5628-SL-1357	0.122320596251699	0.0879811869810062	0	0.00228428051422192	0.168739643215478	0	0.0634821570484641	0.0260682754081437	0	0.477486662928356	0.0516371976526307
5628-SL-3261	0.0943436379068826	0.10040413226763	0	0.011009221037556	0.190725241892803	0	0.0507025262684236	0.0269177093795547	0	0.475312208237312	0.0505853230098384
5628-SL-1024	0.049337777167238	0.152994960281158	0	0.0101365097757383	0.229782291406457	0	0.0109866795191945	0.0167166191266424	0	0.479866253138711	0.0501789095848614
5628-SL-1034	0.115467859399876	0.0788520212421762	0	0.00586839197193616	0.179635987149534	0	0.06333364162058	0.0301558860143437	0	0.475653666374925	0.0510325462266292
5628-SL-1125	0.0958850338748764	0.119747788895842	0	0.00652187603596162	0.185043237165629	0	0.0452466101072262	0.0193099108342879	0	0.477138440665783	0.0511071024203945
5628-SL-3866	0.108677232074047	0.0913251828524823	0	0.00752804625248961	0.180671331690437	0	0.0584189766157251	0.0261197320855095	0	0.476299340988848	0.050960157440461
5628-SL-0591	0.099902050726636	0.0884994796957184	0	0.010774063189316	0.193995661473125	0	0.055905576654458	0.0285246016953941	0	0.472213891046084	0.0501846755192685
5628-SL-0748	0.103289704420148	0.0735167900335319	0	0.0112407062405251	0.19997780511803	0	0.0614262253259798	0.0321663803502101	0	0.468502523227804	0.0498798652837708
5628-SL-1598	0.137082344835913	0.0866443583248655	0	0	0.161270715540927	0	0.0674870508344193	0.0213996923811107	0	0.474159762369916	0.0519560757128482
5628-SL-1821	0.103673412685735	0.122392214727596	0	0.0018674140132677	0.183275696324474	0	0.0454037341744448	0.0143575585642113	0	0.477524587358035	0.0515053821522355
5628-SL-3987	0.118912854941187	0.057725784763478	0	0	0.202967044846729	0	0.0660199939336036	0.0364700161555331	0	0.467927449470677	0.0499768558887925
5628-SL-0555	0.0963612732676786	0.12375849758068	0	0.00658125933347779	0.178674124498136	0	0.0458501986649935	0.0193185771591432	0	0.478075032579644	0.0513810369162468
SRR9844352	0.0584881735152858	0.161867968430968	0	0	0.212683804572668	0	0.0170948193288254	0.0236793890877334	0	0.476364925593943	0.0498209194705761
5628-SL-0863	0.0870819013590171	0.122411081406347	0	0.00892210153487838	0.193852139281447	0	0.0401397460575885	0.0190836999986401	0	0.477865827753172	0.0506435026089105
5628-SL-1652	0.127710499517035	0.0873080392789896	0	0.000531330839611248	0.165440781070378	0	0.0659309267808866	0.02459818497682	0	0.476692798820857	0.0517874387154227
5628-SL-1384	0.139097905558458	0.0807662733175603	0	0	0.168597550506104	0	0.0669570737702965	0.0212054577755714	0	0.471816911577736	0.0515588274942749
5628-SL-1003	0.123165300368325	0.0852790794974729	0	0.00325242167591194	0.171360438667464	0	0.0655913253604456	0.0243124762456828	0	0.475542611469319	0.051496346715379
5628-SL-1949	0.108747058213437	0.0642829236306373	0	0.0102260661603602	0.197717190014443	0	0.0643481190431734	0.033432197416377	0	0.471282391780518	0.0499640537410547
5628-SL-0775	0.136863332536246	0.0803234872795328	0	0	0.160587347640589	0	0.0681708219525737	0.0241179979672593	0	0.477845501041	0.0520915115827996
5628-SL-0799	0.127106171070241	0.0977713010012012	0	0	0.161029044757833	0	0.0631364018878053	0.0215910979490962	0	0.477244044683407	0.0521219386504173
5628-SL-3604	0.131699798080199	0.0871713040468626	0	0	0.162644510602122	0	0.0667600299967431	0.0230854287875395	0	0.476768632768333	0.0518702957182011
5628-SL-1521	0.135210601007814	0.0900183146537095	0	0	0.155074879871256	0	0.0683477265944903	0.0227444281972769	0	0.47646750794389	0.0521365417315639
5628-SL-2054	0.140165953028778	0.0918635529876734	0	0	0.150268477017578	0	0.0693205679920597	0.0204803694285188	0	0.475609846057931	0.0522912334874608
5628-SL-1122	0.1311532852601	0.0851633738434689	0	0	0.167009447912484	0	0.0657560189981662	0.0231715839930458	0	0.475911713718399	0.051834576274336
5628-SL-0782	0.109513482647503	0.0842771754528568	0	0.00334486966875667	0.190911523591349	0	0.0532969752150754	0.0263866990749875	0	0.481399150021679	0.0508701243277927
5628-SL-1216	0.100968643086675	0.0450749580504125	0	0.0151967469386979	0.214779635506265	0	0.0674181302505427	0.0387213026873216	0	0.468646217637616	0.0491943658424694
5628-SL-0867	0.116280010826915	0.0933969742616966	0	0.00459056940719405	0.170553368818908	0	0.0615540762737061	0.0250035611451195	0	0.477079404240491	0.0515420350259695
5628-SL-2015	0.0507961375286783	0.183312028595608	0	0.0153963953714468	0.203961200252946	0	0.0163755181760519	0.00703441259777217	0	0.472696785668749	0.0504275218087479
SRR23099061	0.0386661203641112	0.204717307700012	0	0.017133815930645	0.207187160453839	0	0.00742746689474651	0.00310615178874603	0	0.469370691023699	0.0523912858442001
5628-SL-3556	0.0443867584710947	0.196996551324151	0	0.0152119653720668	0.204921957065618	0	0.0100629926196158	0.00404314398386669	0	0.473866408574615	0.0505102225889723
5628-SL-0588	0.113001436351782	0.102820401874635	0	0.00237178631462514	0.181457947143359	0	0.0545099565344924	0.0190712038157189	0	0.475523548056621	0.0512437199087663
SRR10416544	0.0741515896913013	0.126032487805743	0	0.0114629541973955	0.200966392155382	0	0.0328677722154602	0.023345496781684	0	0.48094584445028	0.0502274627027537
SRR10416532	0.0990268959106104	0.0875841548092627	0	0.00491013666363913	0.188076301151988	0	0.0514284933689667	0.0338129740890069	0	0.484324608879434	0.0508364351270928
5628-SL-1540	0.139548260465285	0.0869506518620875	0	0	0.158688295789839	0	0.0660844713291539	0.0209828535899337	0	0.475648610538258	0.0520968564254439
5628-SL-0282	0.106797847840358	0.0943388164989124	0	0.00767866174040925	0.18195527964941	0	0.0575271892016848	0.0262272290877396	0	0.474583657589423	0.0508913183920629
5628-SL-0410	0.10254270617496	0.113104399874799	0	0.00472902782194636	0.183295290029311	0	0.0484313172105269	0.0198020494785886	0	0.476962040279254	0.051133169130614
SRR23099070	0.0792751963280533	0.142559558898409	0	0.0108877495625699	0.18797040894576	0	0.0360532134049957	0.0148026984190283	0	0.471619621944062	0.0568315524971223
5628-SL-1280	0.0788419152674378	0.134123868484018	0	0.0104478001400842	0.199890837093371	0	0.0346284106834083	0.015049546979179	0	0.476516935827721	0.0505006855247812
5628-SL-2296	0.125896542106168	0.0813187218492637	0	0	0.179983666068817	0	0.0604557585486038	0.0248853106829912	0	0.476212192319611	0.0512478084245463
5628-SL-2019	0.110288023530562	0.112515087322017	0	0.00232713256662346	0.174188325390784	0	0.0523100457473356	0.0196790107078676	0	0.477102023470544	0.0515903512642662
5628-SL-1207	0.142641480721203	0.0799020956765906	0	0	0.165389478259329	0	0.0634738003653766	0.0214295333179538	0	0.475273408422281	0.0518902032372663
5628-SL-2286	0.0893308400093771	0.109471965999078	0	0.0105674212755182	0.192395336439363	0	0.0463119133335347	0.0239478513509749	0	0.477216310021749	0.0507583615704052
5628-SL-0881	0.114925926838504	0.0857242015678718	0	0.00330256166804841	0.180613047328201	0	0.0580100600169353	0.0262938223918474	0	0.479883350603109	0.0512470295854828
5628-SL-2685	0.114674974916236	0.10709866641293	0	0.00197035735480842	0.173647276889113	0	0.0555901051974183	0.0193693484836053	0	0.476133338999347	0.0515159317465416
SRR23099029	0.121384144867352	0.137354254858902	0	0	0.151067820730957	0	0.0535455849505472	0.0111412261841414	0	0.469707799606803	0.055799168801298
SRR23099110	0.0318902759247471	0.238001416685587	0	0.0156417374084274	0.200954362251308	0	0	0	0	0.45819298973981	0.055319217990121
5628-SL-0921	0.104065649565307	0.10691884941009	0	0.00590599196657499	0.179726367263129	0	0.0518284777188828	0.0236652219374853	0	0.476787491184278	0.0511019509542526
5628-SL-2189	0.133785593044125	0.0890181154364617	0	0	0.160828337391685	0	0.0650228626200939	0.0224180661231186	0	0.476905371581781	0.0520216538027354
5628-SL-1479	0.135760464763124	0.08977579373361	0	0	0.156892735699292	0	0.0680801947467568	0.0216882155717792	0	0.475752190208225	0.0520504052772135
SRR9844361	0.0488450989293605	0.205775728120708	0	0	0.201537324113832	0	0.00407972185779917	0.00937886115540335	0	0.4792099333133	0.0511733325095971
SRR9844335	0.0520156209047739	0.190386581040302	0	0	0.205871950251398	0	0.00928900327681483	0.0132415816419707	0	0.478636507855122	0.0505587550296186
SRR10416527	0.0354756664825348	0.220577436826639	0	0	0.206065881625365	0	0	0.00493838017047395	0	0.481238564001915	0.0517040708930722
5628-SL-2952	0.0832224775113734	0.133892882778767	0	0.00899563392887039	0.191368391868268	0	0.036876504173502	0.0174566782070683	0	0.477418876296655	0.0507685552354953
5628-SL-0812	0.120568270651248	0.0808717269581349	0	0.00360227327975401	0.178020731882415	0	0.0638617962153196	0.0261057442228948	0	0.475690525702127	0.0512789310881067
5628-SL-1495	0.0759931124250163	0.138747692745331	0	0.00960098451681339	0.193348415869556	0	0.0346478980982559	0.0190968116445122	0	0.477621701204578	0.0509433834959369
5628-SL-0293	0.0951823496904304	0.124578094638654	0	0.00577632852067895	0.187584997466016	0	0.0431282756910847	0.0161983825862848	0	0.476522865322864	0.0510287060839866
5628-SL-3141	0.102408830059327	0.114569957752775	0	0.00571999110478431	0.181125223227042	0	0.0495103170540543	0.0191325026834433	0	0.476447564890916	0.0510856132276585
5628-SL-0834	0.133602164245853	0.0877410145035813	0	0	0.161294248451187	0	0.0656823374904161	0.0224335435374543	0	0.477233436579033	0.0520132551924754
5628-SL-2264	0.115187069824681	0.100096260688283	0	0.00323803669666199	0.172565995610505	0	0.0580431342369159	0.0217159056565339	0	0.477606988264716	0.051546609021703
5628-SL-2485	0.0905548642647394	0.103646795527294	0	0.0114258980241159	0.195068480595871	0	0.0481609247889194	0.0257307526113239	0	0.475068646445368	0.0503436377423679
5628-SL-2909	0.101930713652948	0.102707632420156	0	0.00797410022558438	0.186011019853919	0	0.0531912145211357	0.0228759417626284	0	0.474545118610839	0.050764258952789
5628-SL-1265	0.126741492544929	0.083073554811284	0	0.000305649865442419	0.170956433607189	0	0.0649248881991173	0.0257016331631825	0	0.47663901200613	0.0516573358027255
5628-SL-0679	0.0911893113086136	0.125367036051596	0	0.00687667219006471	0.190226636781086	0	0.0412646206581352	0.0177122466825579	0	0.476456982582195	0.0509064937457513
5628-SL-2224	0.101093237088208	0.118150431569947	0	0.00357713431066051	0.181159735992975	0	0.0456516017920505	0.0194606830879207	0	0.479527273894231	0.0513799022640071
5628-SL-0602	0.0738682515673228	0.138000573948164	0	0.01255212957156	0.198814850725473	0	0.0345625044384203	0.0169480167809721	0	0.474766357237151	0.050487315730937
5628-SL-3673	0.136417158620258	0.0890663972340545	0	0	0.155941200434041	0	0.0694222650847869	0.0222353703527043	0	0.474893275173216	0.0520243331009397
5628-SL-2494	0.108545739380759	0.111905417216318	0	0.0028882824743349	0.174850754099186	0	0.051720447776018	0.0199960542939809	0	0.478451571627549	0.0516417331318541
5628-SL-0079	0.12873013845183	0.0745893300900238	0	0	0.177425113356941	0	0.066346044471177	0.0266799914078367	0	0.474918294310555	0.0513110879116367
5628-SL-2288	0.0938498239519268	0.0951850732264359	0	0.0101809454621095	0.196023490104206	0	0.0485341139928479	0.0268647723911707	0	0.47897451349841	0.0503872673728927
5628-SL-2285	0.0612396582214817	0.166941802675005	0	0.0133062713822133	0.197412137215271	0	0.0231073090029564	0.0112295421675047	0	0.476002026114815	0.0507612532207529
5628-SL-1506	0.108512492558417	0.086931057471557	0	0.00731085080436856	0.182023999966451	0	0.0587433421332152	0.0279091734038011	0	0.47757149452757	0.0509975891346199
5628-SL-1398	0.104710364246037	0.0617521537534368	0	0.00904246623943656	0.211142056961228	0	0.0592819854907242	0.034921472151792	0	0.468977434952706	0.0501720662046381
SRR23099079	0.07540740067337	0.134581200217541	0	0.0135882807648184	0.196721254239315	0	0.0372834224399096	0.0161256425054895	0	0.46521657725049	0.0610762219090659
5628-SL-1318	0.135351488535222	0.0854553655069548	0	0	0.166421587718018	0	0.0670508951647529	0.0192051893695357	0	0.474687159816051	0.0518283138894657
5628-SL-0212	0.037530831000813	0.232716431989235	0	0.00212082643966551	0.19846758354801	0	0	0	0	0.477447600128326	0.0517167268939494
5628-SL-0586	0.132847617389459	0.0889048432226512	0	0	0.164855169206667	0	0.0630013868754284	0.020661499491544	0	0.477661372957295	0.0520681108569558
SRR9844380	0.0545051289622707	0.198034155188549	0	0	0.202912575980895	0	0.0096635078666396	0.0111713453876661	0	0.473095835498442	0.0506174511155379
5628-SL-1914	0.140836356713105	0.0835240021640564	0	0	0.150754966911832	0	0.0725283448480015	0.0243271200457421	0	0.475870344771477	0.0521588645457859
SRR23099080	0.117941090616627	0.0874259197290474	0	0	0.170416726096087	0	0.0580969497234085	0.0293193154483187	0	0.478955881801996	0.0578441165845156
5628-SL-3664	0.0903838156966756	0.123662573662494	0	0.0073472727138989	0.188213239719894	0	0.041755161796454	0.0202165063245595	0	0.477441480386916	0.0509799496991087
SRR8518774	0	0.195456100262228	0	0.422937474871346	0	0	0.294060370012538	0	0	0.0199749474463137	0.0675711074075753
5628-SL-0542	0.12319569703727	0.0808450126638244	0	0.00198697455299934	0.174276649584067	0	0.0653563081483212	0.0260021274357232	0	0.476682771185002	0.0516544593927925
5628-SL-2037	0.102854509428135	0.0828802407664102	0	0	0.198329602906694	0	0.0475194344398487	0.0395374402564878	0	0.477527789843788	0.0513509823586366
5628-SL-2235	0.128479127382474	0.0893679692397165	0	0	0.166915717959503	0	0.0630286724846846	0.0226218149425243	0	0.477764008588964	0.0518226894021334
SRR12683398	0.120487936489331	0.121513107008595	0.0221798028252919	0	0.27619725973347	0	0.00902502321648415	0.0747465642266675	0	0.313845106786577	0.0620051997135841
5628-SL-1574	0.13091652331904	0.0853237646697484	0	0	0.166653514836402	0	0.0651877132404487	0.0237165551865931	0	0.476375072791862	0.0518268559559059
5628-SL-2327	0.0942406257616126	0.131392059555511	0	0.00543046746737713	0.180695758293725	0	0.0417018053544733	0.0169732954095548	0	0.478260371307653	0.0513056168500932
5628-SL-2287	0.095162821971022	0.119874228926472	0	0.00742384895399327	0.182440652649575	0	0.0459148565809142	0.0202809914482889	0	0.477733502599808	0.0511690968699266
5628-SL-1580	0.130375311531435	0.0939750482945972	0	0	0.161012601112219	0	0.0645014061512452	0.0220342049848927	0	0.476242415658628	0.0518590122669826
5628-SL-1672	0.0546409724648808	0.179307409715308	0	0.0141615480612338	0.200827857209864	0	0.0183930806367201	0.00827185974441602	0	0.473808560343891	0.0505887118236871
5628-SL-0208	0.117092313429854	0.034804859538153	0	0.010489792421465	0.199118517368454	0	0.0765183204198518	0.0389851528893914	0	0.47318931086431	0.0498017330685201
5628-SL-1117	0.0615968269381678	0.160367077317559	0	0.0157375052078087	0.205054493972272	0	0.0332054706101906	0.0127236750059601	0	0.461811549772802	0.0495034011752403
SRR10416526	0.0613455660644814	0.18309938766809	0	0.00510048804785224	0.19262442841225	0	0.017342233345158	0.00965576348319418	0	0.479473888383563	0.0513582445954116
SRR10416510	0.0396002278864775	0.23883969409094	0	0.000108350580052648	0.193440498367782	0	0	0	0	0.476172953109557	0.0518382759651912
5628-SL-2552	0.12726283196547	0.0841474908835721	0	0.000501848943844612	0.170502375243326	0	0.0648377832436582	0.0235235415483565	0	0.477610774983978	0.0516133531877957
5628-SL-0778	0.101094438903434	0.120855368520826	0	0.00384376096872918	0.181347854163178	0	0.0461440797219291	0.0180235921242141	0	0.47728868655464	0.051402219043049
5628-SL-2737	0.102082094105478	0.0843875131429407	0	0.00909270252227121	0.194313683673719	0	0.0548488301080155	0.0279073992074781	0	0.476894178355696	0.0504735988844015
5628-SL-0315	0.152663834828034	0.0984024034587757	0	0	0.135515453638369	0	0.0704873358895011	0.0162523841379116	0	0.473846859805413	0.052831728241996
5628-SL-0260	0.0341000686724119	0.23559064888575	0	0.00437217187211483	0.200089062299342	0	0	0	0	0.474548629135832	0.0512994191345496
5628-SL-1324	0.111971748345017	0.11007137949098	0	0.00186863244928855	0.17426409774908	0	0.0529680710313	0.0196108835332826	0	0.477630234962619	0.0516149524384334
5628-SL-3133	0.11733953938933	0.0829421543422674	0	0.00428817902406084	0.177513788733056	0	0.061558215611836	0.0264387800374474	0	0.47862035527287	0.0512989875891325
5628-SL-1633	0.100446314551723	0.114962378116473	0	0.00658852409618263	0.179344705165265	0	0.049186655225121	0.0205387576325665	0	0.477753137912063	0.051179527300605
5628-SL-0117	0.137249106346709	0.0866009583974433	0	0	0.157739451852878	0	0.0684344759700318	0.0223129354774164	0	0.475531560642685	0.0521315113128368
5628-SL-1724	0.131763040404423	0.0841765753397633	0	0	0.164435483152764	0	0.0670765300491702	0.0236247467770266	0	0.477056808048341	0.0518668162285122
5628-SL-1174	0.107281833016981	0.0991726629899284	0	0.00571011462152219	0.182665247588861	0	0.0539031129641684	0.0223644634465597	0	0.477858039880457	0.0510445254915221
5628-SL-1742	0.114676085952258	0.105929262918854	0	0.00242391459061094	0.171314893895905	0	0.0567677128599515	0.0195082675322174	0	0.477634457750518	0.0517454044996844
5628-SL-0204	0.088852812019857	0.133874310515374	0	0.00478083777621748	0.186320840194773	0	0.0396072034856825	0.0173835987380639	0	0.477810309987142	0.0513700872828907
5628-SL-0550	0.10790726025845	0.0621180729096995	0	0.00931321512743632	0.194459890248101	0	0.0648930496414076	0.0354633321314971	0	0.475148803090723	0.0506963765926853
5628-SL-2191	0.113039145699016	0.0822916785818413	0	0.00486117854879554	0.181730201834197	0	0.0586804884515469	0.0287288464026233	0	0.479569514497597	0.0510989459843833
5628-SL-4321	0.103725082312547	0.0755765524711047	0	0.0108795080382446	0.191390456713632	0	0.0602297733613871	0.0321009852415516	0	0.475702800760288	0.0503948411012446
SRR9844364	0.0577778379505766	0.182797408997829	0	5.39844450553193e-05	0.205830945149345	0	0.015016412184188	0.014691179112978	0	0.473809593202809	0.0500226389572184
5628-SL-1603	0.122251622395282	0.104349899214008	0	0	0.163354005911544	0	0.0600483097841796	0.0213393815686294	0	0.476742727048237	0.0519140540781203
5628-SL-1380	0.105232472697767	0.0794079706048817	0	0.0107490777359345	0.189471805109489	0	0.0603563504435868	0.0303661876053409	0	0.474059670219965	0.0503564655830352
5628-SL-0157	0.106798367380966	0.106943225201326	0	0.00544116775891972	0.177760016891766	0	0.0536242577050113	0.0215332114140538	0	0.476622487983191	0.0512772656647668
5628-SL-1465	0.134920720475214	0.0880796008409969	0	0	0.161233350796976	0	0.065374988413687	0.0226912670300444	0	0.475717544052942	0.0519825283901388
5628-SL-0741	0.112728386754956	0.106501381472469	0	0.00316162591326091	0.171272938967644	0	0.0561315575580179	0.0219041492328443	0	0.476730941395436	0.0515690187053721
5628-SL-1011	0.126177068023223	0.0860513850334191	0	0.00191667963717933	0.169040276743835	0	0.0668431612604967	0.0240806457397898	0	0.474384930873787	0.05150585268827
5628-SL-1194	0.109702962889426	0.0886546803893597	0	0.00654145932140065	0.181663993875312	0	0.0586581144005973	0.0268439956709003	0	0.476861890111895	0.0510729033411095
SRR23099068	0.0829807529619995	0.143441304574449	0	0.00933867369855352	0.184445369560685	0	0.0375859299650994	0.01335123707191	0	0.470081081263922	0.0587756509033806
5628-SL-2784	0.110345377304887	0.108728599631967	0	0.00241975929726687	0.175719810039407	0	0.0521399490306411	0.0199479554841986	0	0.479144846972975	0.0515537022386576
SRR10416496	0.0551236022911836	0.180375666490249	0	0.00318587829441599	0.200832508957035	0	0.0139562028522662	0.0141926064212133	0	0.480994127582533	0.0513394071111048
5628-SL-2036	0.0636969108252711	0.159286646475455	0	0.0147126892974057	0.21379506928734	0	0.0285939987209629	0.0128429110422012	0	0.45750856013673	0.0495632142146338
5628-SL-1501	0.130333921089609	0.066843744512222	0	0.000395255093984598	0.176730751991304	0	0.0695806535713538	0.0291952675951683	0	0.4755672901229	0.0513531160234585
5628-SL-0098	0.115535781672381	0.10122941801091	0	0.00309312855866777	0.171781412944407	0	0.0585378110050143	0.0223177802908514	0	0.475979688488756	0.0515249790290128
5628-SL-3030	0.113257237842582	0.110353788948576	0	0.00183911846704788	0.173494865333615	0	0.0540593919763678	0.0184184128385095	0	0.476950300681208	0.0516268839120949
5628-SL-0131	0.116756554934603	0.0829699368279691	0	0.00508742593162361	0.177361991742105	0	0.0618460745773359	0.0264290026797163	0	0.478345125015336	0.0512038882913112
5628-SL-3976	0.107213987066613	0.109158427291592	0	0.00412339085132196	0.183417816405203	0	0.0526233919785469	0.0180520022364123	0	0.474226092643424	0.0511848915268866
5628-SL-2389	0.110496998494148	0.077509636307142	0	0.007381837565507	0.189082297969048	0	0.0612244864173702	0.031062417385614	0	0.472774058405198	0.050468267455972
5628-SL-1285	0.111017246496953	0.0671760306723237	0	0.00646161852929961	0.201183790261451	0	0.0599383017610017	0.0305110482536886	0	0.473488726874393	0.0502232371508894
5628-SL-1789	0.121416834902794	0.0886296442946125	0	0.0021570523039025	0.174350054705643	0	0.0619725889477316	0.0226674961189773	0	0.477305602888134	0.0515007258382048
SRR23099022	0.104464912772425	0.0849316496971447	0	0	0.188028651085952	0	0.0519626002390964	0.0353314597879522	0	0.481400998213897	0.0538797282035331
5628-SL-0047	0.0477079663505794	0.190872893968734	0	0.0144158832210434	0.203231363795061	0	0.0126021510860414	0.00611701747868814	0	0.474482051257379	0.0505706728424732
SRR9844348	0.0616361728004382	0.165668364278319	0	0.00608623990816679	0.207757076806155	0	0.0209616510404445	0.0169972111410387	0	0.47191073433972	0.0489825496857175
SRR9844360	0.0538062197098043	0.188566358285076	0	0.00291772300921456	0.205261104117415	0	0.0130028977436568	0.0120322341697784	0	0.474102750185838	0.0503107127792179
5628-SL-1443	0.0933522856687073	0.107851938175502	0	0.00868746744220847	0.18970281116798	0	0.0490047906982956	0.0251806105074992	0	0.475518720169782	0.0507013761700248
5628-SL-2115	0.144697386380068	0.0868717226525636	0	0	0.154840069236521	0	0.0677691642002562	0.0199350108628386	0	0.4737570191315	0.0521296275362536
5628-SL-1602	0.125388562977511	0.0774514266209152	0	0.000162876490121844	0.177980025736103	0	0.0640052262560421	0.0257478474699775	0	0.477758195645825	0.0515058388035048
5628-SL-2056	0.134719178620223	0.089140503193015	0	0	0.159716075786055	0	0.068158940947511	0.0211893369559998	0	0.475105555837204	0.0519704086599926
5628-SL-0622	0.138841287455855	0.0946458150367598	0	0	0.153440833625329	0	0.0656027100415666	0.0195009853549127	0	0.47568766915804	0.0522806993275367
5628-SL-1693	0.120653149444489	0.0990726283232512	0	0.00214346750175622	0.164115760350957	0	0.0610902681502459	0.0225821828614945	0	0.478516464688473	0.0518260786793333
SRR10416524	0.0349890249731254	0.226134653198964	0	0	0.203826936211181	0	0	0.00320209420436459	0	0.480088074598532	0.0517592168138327
5628-SL-0931	0.0541581711014694	0.175226688873985	0	0.0140647452066502	0.20333966088053	0	0.0184051008224857	0.00954015479480205	0	0.474741430056556	0.0505240482635215
SRR12683409	0.0979427878355937	0.0699994944399674	0.0368639398101155	0	0.298265240092995	0	0	0.0859789491636065	0	0.327003398787422	0.0839461898703006
5628-SL-1257	0.129654056518115	0.0926998722033898	0	0	0.165748812394144	0	0.0637550750990774	0.0199845525923977	0	0.476250734463778	0.0519068967290982
5628-SL-0849	0.123617753841929	0.0908583213386546	0	0.0009554927438108	0.170919411064962	0	0.0624071001921606	0.0224079816388999	0	0.477205714022185	0.0516282251573978
SRR18268835	0.0777269251122177	0.297475740521663	0	0.00676076589708739	0.203008694373408	0	0.0292664787660412	0	0	0.355194300893235	0.0305670944363479
5628-SL-0787	0.101200544215224	0.105552408055383	0	0.00574378390626863	0.188265972421944	0	0.0496898448089013	0.0213731948046101	0	0.477128213784616	0.0510460380030527
SRR10416498	0.0633480461161533	0.162168691999079	0	0.00699640502580937	0.198435606908462	0	0.0224440686693495	0.0167752744274488	0	0.47889980364112	0.0509321032125778
5628-SL-3691	0.101351080659603	0.10215854144248	0	0.00719911376990425	0.187423147096125	0	0.0507131797334265	0.0223924920823993	0	0.477934420174594	0.0508280250414679
5628-SL-2196	0.108795648599561	0.115141833242453	0	0.00295855766468833	0.171580479701805	0	0.0517864249889476	0.0196610881146991	0	0.478388523643068	0.0516874440447786
5628-SL-0584	0.0410781195284815	0.201556465523833	0	0.0149630760557608	0.207529749702413	0	0.00687604327517728	0.00331337966287901	0	0.474151459387227	0.0505317068642281
SRR9844381	0.0487575988584414	0.20581507673647	0	0	0.203350821252699	0	0.00278708588222292	0.0113443202438038	0	0.476687797619043	0.0512572994073196
5628-SL-0482	0.106939131747206	0.107666651598923	0	0.00520021956402095	0.176170327405944	0	0.0535249200276666	0.0217764670937264	0	0.477317038677553	0.0514052438849598
5628-SL-1840	0.101930180721181	0.125173457988663	0	0.00375248195479477	0.172712925938215	0	0.0480250805173647	0.0189449505064849	0	0.477804257526632	0.0516566648466648
5628-SL-1088	0.104157776627345	0.111792974360532	0	0.00499652177458874	0.179693857043067	0	0.0505132205468019	0.0207004683721646	0	0.476860496872553	0.0512846844029482
5628-SL-2321	0.078974069433056	0.13155974603356	0	0.00950309731925301	0.196442331366612	0	0.0343496099676115	0.0199095428515771	0	0.47859816026304	0.05066344276529
5628-SL-1864	0.0652778920366852	0.157604157750286	0	0.0132635106164595	0.196141332087494	0	0.0267554975388249	0.0138194042719082	0	0.47639762093935	0.0507405847589926
5628-SL-1025	0.117559633100384	0.0802596415611809	0	0.00590369210178463	0.179129604161196	0	0.0648204105374387	0.0264316352530297	0	0.474820376523191	0.0510750067617953
5628-SL-0603	0.0895898688936837	0.111273379586547	0	0.0071830067899635	0.195636140036983	0	0.0455942540978579	0.0247279135769943	0	0.475238329841608	0.0507571071763627
5628-SL-2544	0.0824498987120611	0.121640698840784	0	0.0107905830242312	0.196549070104062	0	0.0404617201303635	0.0216599994928697	0	0.475935104552486	0.0505129251431423
5628-SL-3469	0.101914265885391	0.113778974841757	0	0.00545884762382336	0.183488216622025	0	0.0489114813796007	0.0187127814355844	0	0.476571503634693	0.0511639285771252
5628-SL-2864	0.100122771727433	0.117429988755261	0	0.00548046843750483	0.1810430786224	0	0.0475287306824078	0.0197123276831206	0	0.477431644944993	0.0512509891468799
5628-SL-1211	0.128074220442184	0.0834604469815439	0	0	0.167590556384579	0	0.0648680660558731	0.0253017102251796	0	0.478792874423833	0.051912125486807
5628-SL-0070	0.0511154423305458	0.184746437515223	0	0.0148693999393812	0.203196565096583	0	0.0157705797656328	0.00636128632715113	0	0.47346258694556	0.0504777020799228
5628-SL-1642	0.133898716184611	0.0875440194670939	0	0	0.161197405536654	0	0.0665285994603938	0.0223108016344227	0	0.476619877840586	0.051900579876238
5628-SL-4427	0.11036373279859	0.0672658591075773	0	0.0103518336111334	0.19388101437654	0	0.0655318603897629	0.0339151565703647	0	0.468745605531747	0.049944937614285
5628-SL-0907	0.0956398000681357	0.0816353802769252	0	0.0124240356766554	0.20336723177684	0	0.0538199693709951	0.0282565302930622	0	0.474759942031916	0.0500971105054708
5628-SL-1777	0.0823378791565833	0.124546188279693	0	0.00806714441205231	0.197426601647604	0	0.0395259355853401	0.0215794170232904	0	0.475789715880206	0.0507271180152308
SRR9844357	0.0549643590280566	0.183730822779221	0	0	0.205557305563233	0	0.0103485782124285	0.0161485711581804	0	0.478541269314945	0.0507090939439357
5628-SL-1376	0.121438623469163	0.0796903252636738	0	0.00221578052451221	0.181416383178622	0	0.0620777051666653	0.024594308354879	0	0.47735261717669	0.051214256865794
5628-SL-3523	0.109657395090757	0.102148553495739	0	0.00542306786490721	0.175453422688986	0	0.0563636060218404	0.0233915084819269	0	0.476308874105409	0.0512535722504346
5628-SL-1188	0.0955724104241843	0.117883476336289	0	0.00709242301953447	0.186916090160964	0	0.045891358055865	0.0208775572619987	0	0.474939307457322	0.0508273772838424
5628-SL-2026	0.13652535727393	0.087177351539674	0	0	0.160368248495535	0	0.0669104152453334	0.0207305801115541	0	0.476194878008638	0.0520931693253351
5628-SL-3726	0.131660122761734	0.0883543532995244	0	0	0.161032345210926	0	0.0668222204011119	0.0235851533356659	0	0.476623695860952	0.0519221091300866
5628-SL-1354	0.136465281536414	0.0913491649434172	0	0	0.153804586871371	0	0.0680049004898713	0.0221699693774829	0	0.476032366621159	0.0521737301602848
5628-SL-3711	0.0910047603968765	0.12230029513354	0	0.00800384155178569	0.187821633785771	0	0.0423974470390764	0.0196354517999632	0	0.477995663246325	0.0508409070466618
5628-SL-0400	0.128185209925872	0.0865584665638223	0	0.000300677686547328	0.164447768410068	0	0.0658328650789189	0.0246980936986535	0	0.47814469470205	0.0518322239340685
5628-SL-0833	0.132448688098122	0.085167457366423	0	0	0.161440969799268	0	0.0673639909097923	0.0240306757193156	0	0.477539017928139	0.0520092001789395
5628-SL-0689	0.130082803458046	0.0926618368160464	0	0	0.162067978323697	0	0.065247532319181	0.0215445570556003	0	0.476407790331014	0.0519875016964155
5628-SL-0220	0.113962272240311	0.0676144119019029	0	0.00676561195318289	0.191170801116877	0	0.0641845712161868	0.0311789940179675	0	0.474563646922317	0.0505596906312541
5628-SL-0312	0.113597991286926	0.0825755254903043	0	0.006400500392874	0.180230450504637	0	0.0618272076794497	0.0291259256273186	0	0.475394602684048	0.0508477963344423
SRR10416528	0.0672818127165443	0.152307314139152	0	0.0109350461506965	0.195969627283351	0	0.0272469179846829	0.016711055543741	0	0.47880345031357	0.0507447758682628
SRR12781538	0.0131866570712592	0	0.428736679720677	0	0	0	0.269404252320945	0	0	0.0267066065697466	0.261965804317372
5628-SL-3132	0.116170614864031	0.0828071545758494	0	0.00572414288421948	0.176927138632713	0	0.0628759316314888	0.0274908790200518	0	0.476847420532388	0.0511567178592579
5628-SL-1932	0.113626435679385	0.0868181886035438	0	0.00579697920880119	0.178135559975275	0	0.06059004217853	0.0265126387920062	0	0.477330011211939	0.0511901443505194
5628-SL-0411	0.125703274465068	0.0793191408872484	0	0.00177600966496005	0.178018238977139	0	0.0659114626097027	0.0223656155917649	0	0.475504744098993	0.0514015137051243
5628-SL-1348	0.0944962554227477	0.122660229333052	0	0.00709194235635964	0.188225971762979	0	0.0440068851013104	0.0158495763153042	0	0.476652139762662	0.0510169999455846
5628-SL-2967	0.041239628102286	0.207250317815675	0	0.0161474481682735	0.208326747212286	0	0.00880283948182149	0.00205433489414978	0	0.466270468529994	0.0499082157955139
5628-SL-2066	0.123928699539708	0.0823993353861756	0	0.00213934805484976	0.173020595377638	0	0.0648403201370849	0.0253292480087442	0	0.476777028147699	0.051565425348101
5628-SL-1647	0.0864232960204203	0.112510705969408	0	0.00644015943801776	0.199571324942538	0	0.0457280781701463	0.0245130359016183	0	0.474606773204225	0.0502066263536263
5628-SL-2139	0.0848450012703772	0.121179649198406	0	0	0.202965490770574	0	0.0311905342908847	0.0313155515211308	0	0.476840547807996	0.0516632251406319
5628-SL-1869	0.107423973069939	0.0678306713187568	0	0.010192077790121	0.195732935199771	0	0.0635445041581104	0.0327346374109147	0	0.472212476102611	0.050328724949776
5628-SL-2413	0.0889573652774377	0.12194197634103	0	0.0089031912573277	0.188463771762371	0	0.0429310913622831	0.020982570518914	0	0.476891834042472	0.0509281994381648
5628-SL-2213	0.105547683723411	0.106900164365512	0	0.00524586567283013	0.179179572629893	0	0.0520111142965967	0.0221056799738858	0	0.477739225501165	0.0512706938367065
5628-SL-1750	0.107011176965689	0.112043799083705	0	0.00359251404240331	0.178025883037334	0	0.0513839970213025	0.019441450019495	0	0.47707782378806	0.051423356042011
5628-SL-1738	0.138162163422935	0.0908964586749628	0	0	0.152750103208864	0	0.068833556589685	0.0205503722610676	0	0.476540503326892	0.0522668425155947
5628-SL-0429	0.0951104947235825	0.123936631212244	0	0.00594324355647831	0.190405789888001	0	0.0433532304352284	0.0138451931971464	0	0.476269246016682	0.0511361709706373
5628-SL-2392	0.101544294945283	0.0739664651971897	0	0.00912843637565544	0.200722148387662	0	0.0573966100200982	0.0336890149811922	0	0.473378676723596	0.0501743533693242
5628-SL-2871	0.031034620301928	0.227498355382816	0	0.0169230449831706	0.205547097334494	0	0	0	0	0.468853776161886	0.0501431058357051
SRR10416536	0.0936672451981118	0.103807679990605	0	0.00912273685547906	0.187150332983169	0	0.0475241068207004	0.0276805625351225	0	0.480985204196375	0.050062131420437
SRR18268833	0.078207671948119	0.283084227365931	0	0.00837051903978618	0.20574950840884	0	0.0305657474917595	0	0	0.359734660147782	0.0342876655977825
SRR9844366	0.0638939049031456	0.174464714783099	0	0	0.206012847147385	0	0.0205164672523795	0.0171212757847344	0	0.468559871513605	0.0494309186156518
SRR9844376	0.0433833382172393	0.209765717934168	0	0.000108009193383789	0.203515766901284	0	0.00187654932641548	0.00774177355177376	0	0.482150930749388	0.0514579141263478
5628-SL-1946	0.117469002294238	0.0785403530068852	0	0.00378500496262956	0.1822290152455	0	0.0614375227534663	0.0282625015743174	0	0.477175674654524	0.05110092550844
5628-SL-0836	0.126621735835934	0.103986940286688	0	0	0.158787206032774	0	0.0604851599778319	0.019786478067777	0	0.478163671226227	0.0521688085727675
5628-SL-3091	0.133713443488565	0.0887251711047784	0	0	0.160796190740862	0	0.0664548529136151	0.0215164278084875	0	0.476824306092251	0.0519696078514407
5628-SL-3194	0.0587140515722581	0.16877841129549	0	0.0140659842232366	0.198539375023894	0	0.0218654603277864	0.0112251292261127	0	0.47611257174894	0.0506990165822818
5628-SL-1691	0.0522278037681419	0.184564315035763	0	0.0152807681859859	0.205734885826287	0	0.0184084599583993	0.00672644401260293	0	0.467135710039783	0.0499216131730378
5628-SL-1203	0.130272153461865	0.0954356749824557	0	0	0.160007113484746	0	0.0649367754505876	0.0223119693372125	0	0.475122658508932	0.0519136547742003
5628-SL-0101	0.0764341192343867	0.135735113588573	0	0.00966323984105278	0.195258264347609	0	0.0349516647270948	0.0198674040212535	0	0.477255511576043	0.0508346826639869
5628-SL-0998	0.113604199249309	0.0728365607408351	0	0.00707013743140237	0.188344168024029	0	0.0639169137810734	0.0303543794366915	0	0.473345582572353	0.0505280587643065
5628-SL-0423	0.109914912785017	0.0958360719380306	0	0.00502766070953767	0.187339398334109	0	0.0553203231149173	0.0194787733402025	0	0.476049866207515	0.0510329935706703
5628-SL-0500	0.132578010348982	0.0949508563598822	0	0	0.156836013048527	0	0.0660295634002082	0.0209555543482622	0	0.476547569983382	0.0521024325107564
5628-SL-1403	0.111745088264795	0.0473745433009319	0	0.00898524712255955	0.216638542080344	0	0.0664806916674318	0.0366750723903364	0	0.463077909689633	0.0490229054839686
5628-SL-1344	0.1280462537125	0.0877757294967966	0	0.000958865694399973	0.163283023768302	0	0.0667403922601703	0.0249588204240885	0	0.476437218075458	0.0517996965682848
5628-SL-0038	0.0581404577626068	0.139092243117379	0	0.0201411231027418	0.215758067128787	0	0.0303495350404486	0.0210864490083353	0	0.466622488233971	0.0488096366057302
5628-SL-1823	0.118047573555651	0.0977780970880277	0	0.00241920816845199	0.171326587403171	0	0.0595061784093982	0.0217295189576548	0	0.47757142039	0.0516214160276442
5628-SL-2769	0.131231908490628	0.0830132482273803	0	0	0.170499807149509	0	0.064484206650922	0.0218172486656355	0	0.477115103676514	0.0518384771394112
5628-SL-1808	0.136607358717033	0.0866758505633863	0	0	0.157833117024136	0	0.0684997772626848	0.0219717584193196	0	0.476361497402916	0.0520506406105245
SRR9844384	0.0476633782087852	0.195185133300174	0	0	0.208302140469173	0	0.00621909318885127	0.0135420376943573	0	0.478100700665287	0.0509875164733726
5628-SL-0195	0.070053210749973	0.135994252534209	0	0.0140134879161224	0.200565532518185	0	0.0397541508311215	0.0168130011621399	0	0.473083672177876	0.0497226921103734
SRR10416500	0.0553546058793473	0.176697907449035	0	0.00455357066612235	0.202427463587849	0	0.0158837303250411	0.0148543935330089	0	0.479232263236206	0.0509960653233898
SRR10416508	0.0523524021213784	0.177611895282283	0	0.00746008495119286	0.204190890835882	0	0.0137148105699593	0.0134736495422688	0	0.480264254898286	0.0509320117987506
5628-SL-2483	0.116867330051644	0.0792414988876829	0	0.00510882037378277	0.18392343764256	0	0.0629247288094376	0.0277078715918642	0	0.473463825170948	0.0507624874720806
5628-SL-0716	0.12107523504944	0.0856090754230987	0	0.00237626493199203	0.172875901193926	0	0.0623568259688541	0.026122539601359	0	0.478108065108211	0.0514760927231192
5628-SL-2814	0.10722645471451	0.0740448548188093	0	0.00950765776634145	0.191802640259882	0	0.0610101932690376	0.0316718528998457	0	0.474219885617134	0.0505164606544393
5628-SL-0619	0.131180106355782	0.0863614453005558	0	0	0.163994257984673	0	0.0664889070534438	0.0240719704244109	0	0.476086798439294	0.0518165144418407
5628-SL-2486	0.102649966478666	0.0943305675996218	0	0.00766742042993431	0.191416754346974	0	0.0529798200951948	0.0248120809171579	0	0.475494017003209	0.0506493731292428
5628-SL-3834	0.109852912326043	0.0778760271416465	0	0.00843792920486539	0.18951241249397	0	0.0613291464744719	0.0293955555158515	0	0.473265636748549	0.0503303800946027
5628-SL-1472	0.104475398636305	0.0630340696245529	0	0.0110316112871432	0.195587949368085	0	0.0644815557020017	0.0343059015439398	0	0.476828071839693	0.050255441998279
SRR23099078	0.107058494118779	0.0892644975168806	0	0	0.18322875834586	0	0.0507768191283932	0.0342722393381704	0	0.480879275558949	0.0545199159929672
5628-SL-1141	0.102749948888359	0.11599321356745	0	0.00383365432999776	0.183829497011597	0	0.0476345529146848	0.017368288829551	0	0.477247503766503	0.0513433406918573
5628-SL-0097	0.129599321608796	0.0873608876566691	0	9.46936596352137e-05	0.165345558731201	0	0.0669401810332437	0.023067820799805	0	0.475841994287541	0.051749542223109
SRR9844341	0.0583182744387959	0.176788736660659	0	0.00303837725152648	0.209030006141138	0	0.0165381839868875	0.0149377595663668	0	0.471506384623538	0.0498422773310889
SRR12683404	0.137114140372131	0.137338442158895	0.0384316415719346	0	0.308716865546785	0	0.0103417655632464	0.0786443881632057	0	0.22555541529157	0.0638573413322328
5628-SL-2419	0.0970617625207505	0.100922702276753	0	0.00865641093070485	0.193648277746003	0	0.0490772800787099	0.0222692568188814	0	0.477635453647371	0.0507288559808263
5628-SL-1578	0.0861077494023136	0.130723151728078	0	0.00588720629278175	0.188275409441262	0	0.0394469008045722	0.0197154114179621	0	0.478534846407643	0.0513093245053874
5628-SL-3474	0.133615352740637	0.0882578207886281	0	0	0.156003848340174	0	0.0696083709975355	0.0237510424683402	0	0.476730976369837	0.052032588294848
5628-SL-0065	0.106687474740924	0.0725340436952914	0	0.010544610766727	0.19386939462914	0	0.0624943753166127	0.0321450623725334	0	0.471424486913148	0.0503005515656233
5628-SL-2800	0.107037953321893	0.0648828741344621	0	0.0115817344025316	0.196901539618689	0	0.0648501491671198	0.0309007166484095	0	0.473754668513081	0.050090364193814
5628-SL-0692	0.124674600391374	0.0987898138200713	0	0	0.165612589742675	0	0.0598300145832079	0.0211074961534197	0	0.478044270788228	0.0519412145210237
5628-SL-1969	0.120872802753285	0.0827394652869967	0	0.00384865419099563	0.17315915542419	0	0.0655917798533101	0.0257621208124541	0	0.476592046241367	0.0514339754374011
5628-SL-0985	0.106137558965968	0.0749902778142714	0	0.0104262608183241	0.191043153742553	0	0.0621047306661303	0.0311998355253661	0	0.473532375704234	0.0505658067631527
5628-SL-1165	0.090031344211709	0.107287936274659	0	0.0111622356955689	0.194176754056133	0	0.0474365145223003	0.0240034967518158	0	0.475428035838189	0.0504736826496255
5628-SL-2320	0.0496184701162234	0.180937464969524	0	0.0109172288636202	0.207273091190754	0	0.01199664774418	0.0101808121198224	0	0.47829495769298	0.0507813273028965
5628-SL-0610	0.1197964697939	0.096494466913953	0	0.00164825909929852	0.171081578746713	0	0.0598345497904581	0.0217285243655171	0	0.477741360842694	0.0516747904474671
5628-SL-1828	0.099908303790907	0.110203065046391	0	0.00648700339770916	0.185958271800728	0	0.0484352653813561	0.0203406549745702	0	0.477723645321159	0.05094379028718
5628-SL-0978	0.136122680500822	0.0857818048156278	0	0	0.16211007142646	0	0.0631035877799106	0.0224133098258543	0	0.478390586965882	0.0520779586854431
5628-SL-0290	0.134296707185613	0.0852112921632607	0	0	0.161801870336883	0	0.0664704526142132	0.0227380561979353	0	0.477406081905101	0.0520755395969947
SRR23099082	0.0458561199332027	0.206878734279382	0	0	0.20236445627133	0	0.00104096515022208	0.00920143408830184	0	0.480536458693831	0.0541218315837299
5628-SL-0387	0.13400992428248	0.0861624616230779	0	0	0.161879589395791	0	0.0672432177974856	0.0227556583456287	0	0.476064072104171	0.0518850764513656
5628-SL-0726	0.0813906192393771	0.121672124799263	0	0.00700572437932454	0.200931649880462	0	0.0489416682209803	0.0222072270778941	0	0.466689936966217	0.0511610494364829
5628-SL-0904	0.0335269814830248	0.219578912313714	0	0.0159206247307172	0.20619827261016	0	0.000927963916927553	0	0	0.473322926999856	0.0505243179456002
5628-SL-0490	0.0883583718371	0.111054560099583	0	0.00249387614913664	0.20118603959347	0	0.0429534295442232	0.0263485925146301	0	0.476831022064921	0.050774108196935
5628-SL-0691	0.144333389755772	0.0912858677582532	0	0	0.146661746276298	0	0.0692449894793377	0.0206307924545592	0	0.475315084664151	0.0525281296116291
5628-SL-1490	0.0935728210729	0.110591805638221	0	0.0104043253037821	0.185594721304271	0	0.0489854304356158	0.0236569415861345	0	0.47641378700664	0.0507801676524358
5628-SL-3538	0.0369450389590606	0.21293273931621	0	0.0162094984944933	0.207080719463053	0	0.00477127484872164	0.000470134902076051	0	0.471191373024702	0.050399220991683
SRR12781540	0.00822296727946634	0	0.433575172735184	0	0	0	0.296875801713825	0	0	0.0318180243811882	0.229508033890336
5628-SL-0262	0.118096950140242	0.0832320294289894	0	0.00437145103708339	0.175796066385599	0	0.0635955263615222	0.0272308788798282	0	0.47634756056658	0.0513295372001551
5628-SL-2042	0.104038456779133	0.0944590396473355	0	0.00768378209716138	0.187659201093846	0	0.0551632976676568	0.0254876671408592	0	0.474702389262894	0.0508061663111138
5628-SL-1158	0.129718431110054	0.0838432066040575	0	0	0.169473621449169	0	0.0668075881788441	0.023657127528655	0	0.474839571683462	0.0516604534457586
5628-SL-2032	0.0910541889875186	0.106091592858388	0	0.011334044276902	0.192815412997196	0	0.0481059071384693	0.0245054694551396	0	0.475556157323068	0.0505372269633182
5628-SL-2001	0.106415479395936	0.11422928029728	0	0.00439494206012691	0.174623457805556	0	0.0518918961217041	0.020165944930478	0	0.476801672831475	0.0514773265574444
SRR23099025	0.0941190967967267	0.105675317254334	0	0	0.190162494066482	0	0.0442431181342919	0.0298377604928203	0	0.481994185085629	0.0539680281697154
5628-SL-3649	0.115636519717795	0.0984518905183157	0	0.00382280118527951	0.172020284144225	0	0.0593460322134376	0.022766226572219	0	0.476480529440392	0.0514757162083365
5628-SL-4080	0.122369120467219	0.0787383234443876	0	0.0012661372377999	0.181111580892156	0	0.0617297490381355	0.0248907930226551	0	0.478572585943343	0.0513217099543037
SRR10416513	0.0550154989944297	0.17761635204241	0	0.00492995301534385	0.203649379840544	0	0.0153527841312002	0.0141256424258487	0	0.478589228086024	0.0507211614641996
5628-SL-0501	0.132528715731165	0.0876438889861107	0	0	0.160532935304132	0	0.0668592079156535	0.0231892380722125	0	0.477242487382201	0.0520035266085253
SRR12683407	0.11348993508952	0.0739076894551553	0.0247383412594951	0	0.280550546909104	0	0.00968110703182103	0.0844174973255257	0	0.339370116036178	0.0738447668932006
5628-SL-1577	0.088777446215316	0.120625735908012	0	0.0100354844514243	0.187954312454152	0	0.0439521188000576	0.0208705832988101	0	0.47693719698573	0.0508471218864983
5628-SL-1205	0.115781324427691	0.117256074216627	0	0	0.16668391367759	0	0.053226658643381	0.0182380950221943	0	0.476925340437851	0.0518885935746658
SRR10416542	0.0594800939992722	0.169510173830514	0	0.00979130206896002	0.199702694830957	0	0.0187149042313013	0.0124862142701423	0	0.479290373544231	0.0510242432246221
SRR23099073	0.0474746142971044	0.191554241041253	0	0.0117927848329977	0.202020391782714	0	0.011619681490327	0.00757881773571792	0	0.475979744268303	0.051979724551583
5628-SL-1322	0.103332684200473	0.0786403092123437	0	0.00879731602363424	0.196590045233487	0	0.0555462237709307	0.0300860356829326	0	0.476799560596476	0.0502078252797225
5628-SL-0992	0.117281222995927	0.0904363985345146	0	0.00152746836593878	0.178181060368216	0	0.0577386671222769	0.024050430748314	0	0.479295190083426	0.0514895617813868
5628-SL-1408	0.136621616691126	0.0873283916752268	0	0	0.16251034844891	0	0.0661728977160365	0.0221412401456152	0	0.473391022710382	0.0518344826127041
5628-SL-0415	0.13615168473843	0.0843633114139056	0	0	0.164182257072308	0	0.0692426503234189	0.020353244699105	0	0.4739207921635	0.0517860595893329
SRR23099058	0.0782876967030345	0.128715526776778	0	0.0129731544792957	0.193797875613411	0	0.03880846932196	0.0204077545282579	0	0.473785076475736	0.0532244461015274
5628-SL-1720	0.0614157672173642	0.155562194181101	0	0.0140467944293948	0.205211134429703	0	0.0250071317045526	0.0142293107318809	0	0.474164879484829	0.0503627878211749
5628-SL-2917	0.107951460218425	0.0998723276875958	0	0.00580409083839068	0.182679783431773	0	0.0554279570960951	0.0207965354996217	0	0.476305301511867	0.0511625437162318
5628-SL-2188	0.120899984981259	0.0821817759989589	0	0.00388297152611428	0.175488067112681	0	0.0650790594879338	0.0259807870613173	0	0.475178519594625	0.0513088342371099
5628-SL-0995	0.150358546836829	0.0689370261552404	0	0	0.175106066051593	0	0.054414821838052	0.0242165670585186	0	0.475235226797183	0.0517317452625833
5628-SL-0686	0.103888732898378	0.0733566821877879	0	0.00512255880413671	0.193392074315458	0	0.0579972331500649	0.0348745567465674	0	0.480238723094483	0.0511294388031239
5628-SL-3920	0.0631389135096927	0.156413532656837	0	0.0140290508729917	0.202018744451803	0	0.0267151683356112	0.0136687798913326	0	0.473499486289647	0.0505163239920847
5628-SL-1627	0.0918597108598382	0.123750502268923	0	0.0083713659697028	0.187151369410495	0	0.0433406853861494	0.017278725456536	0	0.477331894365301	0.0509157462830552
5628-SL-0675	0.0941446468539422	0.115434214522261	0	0.00842602789929745	0.185410669193365	0	0.0464288619878338	0.0216137314294756	0	0.477578490659794	0.0509633574540307
5628-SL-1620	0.134766889011171	0.0979489500754188	0	0	0.154533882370604	0	0.0618484034525473	0.0205013649087665	0	0.478035301597832	0.0523652085836596
5628-SL-3522	0.113523607046003	0.0751760366631351	0	0.00791090516563217	0.188568901383045	0	0.0644798927914711	0.0320042515658552	0	0.468353435114968	0.0499829702698907
5628-SL-2087	0.0564864161749423	0.175020869997614	0	0.0153445922612646	0.211340235951052	0	0.0239581992670817	0.0102319653232064	0	0.458269849164136	0.0493478718607029
5628-SL-3028	0.101901172135099	0.0728162237618751	0	0.0109823390902789	0.20106220955149	0	0.0588356224247888	0.0313310356707321	0	0.473044457955862	0.0500269394098746
SRR18268838	0.0885093979888392	0.273724824630875	0	0.00515583676727761	0.202211141198948	0	0.0381849906531338	0	0	0.358782769070972	0.0334310396899541
5628-SL-1206	0.0485614875546509	0.234512948676692	0	0.000184235035478946	0.187670230029425	0	3.04966400143005e-05	0	0	0.476941081748687	0.0520995203150522
5628-SL-1473	0.0962278458654004	0.12611231391767	0	0.00585594625813917	0.179113277656238	0	0.0444190984903095	0.0186239146354438	0	0.478285580908624	0.0513620222681758
5628-SL-0042	0.0816460366698166	0.121848340602891	0	0.0118057430746269	0.196248552859116	0	0.040925262692082	0.0209957637562993	0	0.475957701976736	0.0505725983684323
5628-SL-2423	0.10093755837301	0.110280247859871	0	0.0063702722943825	0.182033103679883	0	0.0502111175883356	0.0223912010458672	0	0.476658002464263	0.0511184966943877
5628-SL-0032	0.104778482506798	0.0780149961869648	0	0.0103055017211252	0.188997817311175	0	0.0599891450311189	0.0311932169325454	0	0.475964409394401	0.0507564309158718
5628-SL-1286	0.130337120439782	0.0883115593709225	0	0	0.162823273437264	0	0.0655889715501959	0.0237464746819794	0	0.477208257093458	0.0519843434263974
5628-SL-2420	0.114495942030439	0.106814139399732	0	0.0019789086856436	0.173058850271358	0	0.0553745523023313	0.0190545117296343	0	0.477556416931804	0.0516666786490585
5628-SL-0920	0.11551940183346	0.0816747917042141	0	0.00540090437589955	0.179715367413512	0	0.0628244032048225	0.0289707304984653	0	0.47483097228048	0.0510634286891472
5628-SL-0060	0.130760154957219	0.0855993266310387	0	0	0.163460385181464	0	0.0675383031738081	0.023930335266464	0	0.476757339647999	0.0519541551420061
5628-SL-1762	0.0822897673111799	0.124376376695149	0	0.010776769353613	0.196447461037385	0	0.0399951775888726	0.0195074129870044	0	0.475915464523069	0.0506915705037281
5628-SL-1646	0.123966651535567	0.0973115470749282	0	0.00070418303184116	0.163663683769549	0	0.0626878408381953	0.0224240064593065	0	0.477296628992664	0.0519454582979485
5628-SL-1659	0.12676377793392	0.0841031425553881	0	0.00181075285766818	0.16848847346025	0	0.0660679979651207	0.0233231599817846	0	0.477753344454104	0.0516893507917645
5628-SL-0075	0.0936595801840309	0.117831562397513	0	0.00803967770733969	0.185547755091623	0	0.045781158938856	0.0209752575187736	0	0.477141630579439	0.0510233775824252
5628-SL-0905	0.117857777480274	0.0940331724666678	0	0.00362242828581599	0.171021345319793	0	0.0611919575912272	0.023949551139759	0	0.476824210107202	0.0514995576092601
5628-SL-0764	0.122746592986645	0.0934294470519432	0	0.00228403367887708	0.166142554732283	0	0.0634884270090458	0.023954025302355	0	0.476424269454081	0.0515306497847695
5628-SL-2987	0.106926617930762	0.101331641530185	0	0.00466513002244196	0.182714140215942	0	0.053033179637345	0.0228853893082259	0	0.477258117903374	0.0511857834517234
5628-SL-0455	0.113590999877267	0.0769901636886918	0	0.00738566762322025	0.182296363711815	0	0.0648987476474802	0.0273346812592587	0	0.476511720262934	0.0509916559293333
5628-SL-0014	0.0553460566168812	0.177207650456659	0	0.0142342546686777	0.200630624390904	0	0.0189320800203957	0.00862805837537331	0	0.474413026852008	0.0506082486191003
SRR23099084	0.0318338971113489	0.233582893104346	0	0.0136925128018094	0.203651378783674	0	0	0	0	0.46523361778733	0.0520057004114918
5628-SL-2215	0.10081281761452	0.115099993848067	0	0.00551749777175217	0.180247394092112	0	0.0482497733077412	0.0206769680677361	0	0.478096735382712	0.0512988199153598
5628-SL-2329	0.0693754144661952	0.146776591587407	0	0.0145883847338469	0.214487601766395	0	0.0343989490879785	0.0158589877008741	0	0.455290074153583	0.0492239965037197
5628-SL-3005	0.0532197352050712	0.182578340407361	0	0.0139531806071106	0.20037301591536	0	0.016611032894654	0.00772079428739499	0	0.474884448400045	0.0506594522830026
5628-SL-0142	0.111766930385246	0.0679155092769258	0	0.0078404062045677	0.193477251331264	0	0.0630149480511441	0.0321635514585517	0	0.473642470780323	0.0501789325119776
5628-SL-1178	0.0947075157498374	0.117895009785929	0	0.00624454514451632	0.19354548601648	0	0.0439952788461186	0.0178539430074862	0	0.474978847152682	0.0507793742969504
5628-SL-0389	0.115044205465533	0.0745446668473713	0	0.00598626278402755	0.18812712172223	0	0.062777283842088	0.0272928642627932	0	0.475459229990175	0.0507683650857822
5628-SL-2786	0.0878140195369748	0.118434055180245	0	0.00968761515114064	0.194603352729323	0	0.042988124806546	0.020879999255646	0	0.475036793959998	0.0505560393801269
5628-SL-2035	0.105364886057819	0.0740450986733941	0	0.0103819673676935	0.192484388605279	0	0.0608443131663793	0.0320537310156917	0	0.474418851890178	0.0504067632235657
SRR9844368	0.0456439089540912	0.20184990368547	0	0	0.206342860240883	0	0.0018690032864914	0.0111598964587675	0	0.481859488390907	0.0512749389833904
5628-SL-2236	0.126873094167723	0.0917214268384653	0	0	0.167085354269391	0	0.0617835316743268	0.0229489048278353	0	0.477794843563507	0.0517928446587519
SRR23099111	0.0254989186609226	0.241158099299784	0	0.0161931864525147	0.20404059965087	0	0	0	0	0.460520237648763	0.0525889582871462
5628-SL-0631	0.120283153865026	0.0962819343631257	0	0.00142872286610275	0.171919480545773	0	0.0609315715239819	0.0226488383819149	0	0.47494900838197	0.0515572900721054
5628-SL-2484	0.139011643918438	0.0904955251812567	0	0	0.155999763134174	0	0.0674694097295821	0.0216499575637672	0	0.473391782652699	0.0519819178200836
5628-SL-1654	0.123711457393752	0.0911879192052466	0	0.00188541312581114	0.166406295386408	0	0.0641161520866526	0.0240024014666722	0	0.476967191732434	0.0517231696030242
5628-SL-1164	0.145615560257101	0.0943941845860522	0	0	0.142260597472965	0	0.0700773173273199	0.0196520882403411	0	0.475419436547054	0.0525808155691666
5628-SL-0911	0.118709759599512	0.0829095774983481	0	0.00476208727001263	0.174490967391485	0	0.0638183379673798	0.0270579023831877	0	0.476944069236302	0.0513072986537732
5628-SL-0715	0.0884300212216895	0.13537199021154	0	0.00654269886333224	0.185860637269325	0	0.0382408425538556	0.0164674399158039	0	0.47791073461671	0.0511756353477439
5628-SL-1768	0.0495408834724217	0.191237802337546	0	0.0112581806067588	0.20093740094539	0	0.0124048695283703	0.00713436802259045	0	0.476502085761572	0.0509844093253509
5628-SL-1112	0.0889192981425728	0.133457226909578	0	0.00751833695541824	0.187604913575061	0	0.0401213320756318	0.0150535214142491	0	0.476264517155632	0.0510608537718571
SRR12683399	0.130009043111716	0.144096178447806	0.00793133876113461	0	0.28822300946759	0	0.0184990359675468	0.0715082187074146	0	0.285168307576262	0.0545648679605303
5628-SL-1202	0.0891503525445509	0.127806264421658	0	0.0081482805760554	0.189125401233361	0	0.0407758441950537	0.017198636283584	0	0.476959870492301	0.0508353502534349
5628-SL-1087	0.121224888509473	0.085458509876089	0	0.00247758896292067	0.172728295409787	0	0.0624771583980726	0.0258275082055661	0	0.478347078468335	0.0514589721697557
5628-SL-0218	0.126622787518043	0.083092413487393	0	0.00148621576212275	0.168356261093179	0	0.066457492845037	0.0254416368623247	0	0.476883158162935	0.051660034268966
5628-SL-3895	0.127281056780088	0.0833987686084005	0	0.00168414605231605	0.167660660532452	0	0.0678485033696213	0.0243187839012363	0	0.476149605088933	0.0516584756669527
5628-SL-0238	0.10971202573619	0.121324024281785	0	0.00114457638070569	0.171219060828366	0	0.050467631493613	0.0168333423546591	0	0.477408855434538	0.0518904834901428
5628-SL-1057	0.0898599493009352	0.124082888923159	0	0.0083224593176693	0.188975782944288	0	0.0422376376404315	0.0185759820842666	0	0.477006726922365	0.0509385728668859
5628-SL-0154	0.104828789255691	0.0736167703971619	0	0.0102648547150296	0.193283874002406	0	0.0612050007348644	0.0323168772484876	0	0.473903060114531	0.050580773531829
5628-SL-1895	0.117628590981972	0.0955874348987506	0	0.00285270676620529	0.17096428846474	0	0.0598476638247255	0.0237165327069141	0	0.477811066847423	0.0515917155092699
5628-SL-3785	0.0596217110034974	0.165739559361957	0	0.014007767525821	0.201660657391277	0	0.0224191441997056	0.0110381729452073	0	0.475013827208436	0.0504991603640997
5628-SL-1101	0.0453544177980059	0.196007796976934	0	0.0145596567924823	0.207620047099624	0	0.0104751344162197	0.00482406926613888	0	0.470951320409113	0.0502075572414817
5628-SL-3974	0.0944018561421503	0.0977330152749523	0	0.00375197081823431	0.203844287003895	0	0.0485553481617571	0.0283137771468921	0	0.47312510911616	0.0502746363359588
5628-SL-3901	0.13676613977483	0.0793874446668412	0	0	0.161534025121676	0	0.0696792277370817	0.0252811211359874	0	0.475559520028376	0.051792521535208
SRR9844367	0.0562910213943811	0.186516620345254	0	0.00180402404754869	0.205165966820189	0	0.0149480898614765	0.0131274639934478	0	0.472160807656778	0.0499860058809245
5628-SL-0223	0.124293551100918	0.082709825205712	0	0.00177078064996203	0.173552061638929	0	0.0651099855229827	0.025760402138122	0	0.475400578518401	0.051402815224973
5628-SL-0012	0.124616736080323	0.0754344288842113	0	0.00144056538420079	0.180350028436546	0	0.064993953233748	0.0252949874957925	0	0.476441999934859	0.0514273005503193
5628-SL-1456	0.0929184447764939	0.109211397288286	0	0	0.20086452280473	0	0.0397685334868102	0.0329251108024113	0	0.472952897909612	0.0513590929316559
5628-SL-1397	0.103334232192749	0.105563790798643	0	0.00653598394911345	0.183209318069717	0	0.0517367029910589	0.0213736152878832	0	0.477178989760966	0.0510673669498695
5628-SL-1584	0.105981211839633	0.0790601092241781	0	0.00849744711485583	0.193375879257222	0	0.0574014264103092	0.0279229027205223	0	0.477172754588451	0.050588268844828
5628-SL-1073	0.089790466819852	0.111261403919248	0	0	0.200054297553065	0	0.0414037060392541	0.0304125285581429	0	0.475807166765385	0.0512704303450537
5628-SL-0955	0.123180942908431	0.0995873240669719	0	0.000613832744794154	0.162920675500898	0	0.0617779133578919	0.0226600681605497	0	0.477319032664527	0.0519402105959364
5628-SL-2770	0.133993674097197	0.085423503483626	0	0	0.165113215694949	0	0.0672461608293794	0.0207167601479663	0	0.475673866551899	0.0518328191949838
5628-SL-1261	0.132961679658846	0.0955441313238197	0	0	0.155892196857235	0	0.0655182849655548	0.0212500586027953	0	0.476731735062908	0.0521019135288413
5628-SL-0393	0.11766378253293	0.109855939834691	0	0.000531621112192699	0.165341888495836	0	0.0571892820018499	0.0203527597053005	0	0.477137709148571	0.0519270171686296
5628-SL-1916	0.110941670352131	0.077352095393205	0	0.00726018304950403	0.187727034068011	0	0.060372888429596	0.0287632155576979	0	0.476817731825784	0.0507651813240711
5628-SL-0718	0.123126654872792	0.0813261439794302	0	0.00210310364469617	0.17679568898098	0	0.064897307718277	0.0268450626044184	0	0.473497219521377	0.05140881867803
SRR18268832	0.111475039303387	0.233288645781489	0	0	0.193349190666194	0	0.0524197499061544	0	0	0.364204509838319	0.0452628645044574
5628-SL-1773	0.0550944156885314	0.174980745434432	0	0.0147753759578904	0.204984027117144	0	0.0197672962047577	0.00958756959198068	0	0.470602003330082	0.0502085666751818
5628-SL-1611	0.121915399703953	0.110373358761728	0	0	0.160728921179934	0	0.0579060158504242	0.0189321687399399	0	0.478010663242	0.052133472522021
5628-SL-0019	0.134613653304391	0.0813113763863188	0	0	0.166692987981067	0	0.0680759820139612	0.022504526486936	0	0.474974752042763	0.0518267217845629
5628-SL-1827	0.120085993286938	0.101682024953273	0	0.0012099770429226	0.166229264697166	0	0.0596090705138216	0.0212906420041614	0	0.478015942528767	0.0518770849729499
5628-SL-1059	0.101853950523255	0.0878473346850142	0	0	0.200702365214416	0	0.0482847424821267	0.0371011697528725	0	0.473118490122923	0.0510919472193928
5628-SL-3014	0.11098362327281	0.0838462531821216	0	0.00790173418770766	0.196730197489748	0	0.0615075729580027	0.0263032097680667	0	0.463271632250235	0.0494557768913079
5628-SL-0473	0.138583891845287	0.0888217197309047	0	0	0.15415232831021	0	0.0688606722718313	0.0215676049015551	0	0.475830353389255	0.0521834295509566
5628-SL-0059	0.104846334790573	0.0973987831103674	0	0.00794199699233951	0.182219467332771	0	0.0558792498278306	0.025486215880726	0	0.475361491222754	0.0508664608426391
5628-SL-0365	0.0982984822553719	0.0967862383138753	0	0	0.197574548642374	0	0.0489268769603316	0.0331030241288643	0	0.473666336843817	0.0516444928553667
5628-SL-1471	0.13089480694196	0.0781434770899509	0	0	0.174194589630994	0	0.0639414638206728	0.0249961631709269	0	0.476268131444997	0.0515613679004984
5628-SL-0506	0.114397307245786	0.103149026657676	0	0.00268521604533493	0.172682713334795	0	0.0567056808501223	0.0219011211601215	0	0.477001856624839	0.0514770780813252
5628-SL-3306	0.113082677652632	0.0982995818220876	0	0.004368432282756	0.177035986996396	0	0.0578081947361721	0.0225306579473682	0	0.475641614675716	0.0512328538868723
5628-SL-1413	0.105215463572116	0.0807826167721764	0	0	0.19895260881992	0	0.0540122942502337	0.0382939398469465	0	0.47111948279764	0.0516235939409672
5628-SL-2496	0.0904887055827195	0.09593461954459	0	0.010019943676227	0.198698102020968	0	0.0456587981894618	0.0286063288401288	0	0.48049357051855	0.0500999316273555
SRR9844336	0.050090936445279	0.20389790437175	0	0	0.202968371817678	0	0.00597036530123538	0.00971417737139759	0	0.476356736378009	0.0510015083146519
5628-SL-0780	0.103860546273441	0.107055869261706	0	0.00598404746598375	0.182128194268904	0	0.051602955827807	0.021845222305436	0	0.476436405181087	0.0510867594156355
5628-SL-1373	0.110628674281728	0.107499678322017	0	0.00307643716916156	0.174961902440439	0	0.053639752151239	0.0212454755012867	0	0.477403391839495	0.0515446882946336
5628-SL-1973	0.134846249214318	0.0841320388789071	0	0	0.158245500733045	0	0.0689143471538582	0.0238900061970476	0	0.477840675968528	0.0521311818542957
5628-SL-0002	0.0694992482558964	0.138717018533765	0	0.0151172314238134	0.201162803574207	0	0.0333964021603423	0.0189120825680531	0	0.473089103263751	0.0501061102201712
5628-SL-4510	0.134053415388468	0.0781193786412604	0	0	0.169645240826761	0	0.0682460468351322	0.0227081488787438	0	0.475611740444584	0.0516160289850505
5628-SL-0605	0.127703236797594	0.0838118689945413	0	0.000454039829514016	0.172200042513908	0	0.0659995858383598	0.0250561900762322	0	0.473348400058834	0.0514266358910166
SRR10416503	0.0525063612480325	0.182731264502493	0	0.00238112614662977	0.202569267817271	0	0.0124934349080886	0.0141674377484865	0	0.481805128362755	0.0513459792662439
5628-SL-1561	0.114607285969897	0.110156557435685	0	0.00164964276004476	0.168638536038336	0	0.0550786915094219	0.0199214292314038	0	0.478172375260975	0.0517754817942362
5628-SL-3465	0.139373358289945	0.0811176435038291	0	0	0.157560976917313	0	0.0700671730490574	0.0242699860521946	0	0.475621980295389	0.0519888818922722
5628-SL-3709	0.121783987557378	0.0920300368063828	0	0.00153981318676499	0.171236444088861	0	0.0615232963852558	0.0234106389286661	0	0.476965107106042	0.051510675940649
5628-SL-1604	0.122987800725674	0.0929566124684686	0	0.00110551900968362	0.167392646530584	0	0.0620418018941605	0.0240093132661875	0	0.477804731984519	0.0517015741207219
5628-SL-3788	0.115458511766289	0.0739531687590086	0	0.00543888005223251	0.18716364322974	0	0.062398440089427	0.0289156128783179	0	0.475815865445181	0.0508558777798048
5628-SL-0806	0.123110202846368	0.0836513670238877	0	0.00357144805347312	0.172968416602614	0	0.0654222527471681	0.023612972347093	0	0.476284792693428	0.0513785476859681
5628-SL-1452	0.146862088962899	0.0757042378321886	0	0	0.169061146054623	0	0.0679469591385054	0.016455153505684	0	0.472164793787625	0.0518056207184751
SRR23099060	0.130257228529867	0.0886543273217751	0	0	0.158877443339085	0	0.0665191878747934	0.025157542367306	0	0.476840013726498	0.0536942568406754
5628-SL-1695	0.138983177537302	0.092801330946465	0	0	0.148936544066036	0	0.0689487104826615	0.021261851668057	0	0.476676550782719	0.0523918345167589
5628-SL-0549	0.0247189917300775	0.236479664676536	0	0.00688065463064562	0.20830810920305	0	0	0	0	0.472890203606973	0.0507223761527177
SRR23099020	0.123037918230376	0.152378337972834	0	0	0.142305990340417	0	0.0518474770815702	0.00420499000050092	0	0.466428167492352	0.0597971188819511
SRR9844351	0.0521801694195938	0.19148129977212	0	0	0.206193328798562	0	0.00920179345914337	0.0123623038819737	0	0.477945862482113	0.0506352421864944
5628-SL-2464	0.133095783689905	0.0851635867281778	0	0	0.16375637005418	0	0.067435106087797	0.0224673897619025	0	0.476170637615311	0.0519111260627272
5628-SL-3712	0.137655096029917	0.0874143214365546	0	0	0.15645641619051	0	0.0671217004648339	0.0225600027175317	0	0.476591495806737	0.0522009673539151
5628-SL-1783	0.124704943114312	0.0859640229056514	0	0.00159594915285358	0.169600710223765	0	0.064207464648395	0.0247931435813275	0	0.477555377869837	0.0515783885038588
5628-SL-4497	0.0534779062212853	0.17601504925822	0	0.0151245357614868	0.210860971692551	0	0.0195015139486525	0.00800238804916148	0	0.467164361595596	0.0498532734730462
5628-SL-1116	0.0599211861190999	0.162765817523412	0	0.0133709793308969	0.202291285360804	0	0.0222402692504111	0.0122372593971456	0	0.476537562305833	0.0506356407123977
SRR23099072	0.0670145180097137	0.199131834807424	0	0.00789479349089671	0.182253810518587	0	0.0198655739188198	0	0	0.466892550866423	0.0569469183881353
5628-SL-3537	0.100594364056951	0.104006401541783	0	0.00716933594653859	0.185892223387311	0	0.0516380653973835	0.0236562860459821	0	0.476018919852351	0.0510244037717001
5628-SL-0180	0.113985488329667	0.0860884576950924	0	0.00481714081078544	0.180465031762041	0	0.059329615599773	0.0258706308371632	0	0.47829840148625	0.0511452334792277
SRR23099019	0.1345725606888	0.0914138335428636	0	0	0.152264452229667	0	0.0682273107026933	0.0236573121957287	0	0.475088361958354	0.0547761686818935
5628-SL-0638	0.107490575468113	0.0736213918977863	0	0.00869355239481396	0.194059334562706	0	0.0630076491556623	0.0331600160446638	0	0.469684081960629	0.0502833985156261
5628-SL-1278	0.103150762180907	0.114298810272559	0	0.00439807295558537	0.181183385261149	0	0.0486493264815321	0.0195387539565682	0	0.477456303763816	0.0513245851278835
SRR23099065	0.0468940856249878	0.186767303356125	0	0.0169354632956363	0.205412669407208	0	0.0148359966301612	0.00791480898134034	0	0.470051498784086	0.0511881739204556
5628-SL-1370	0.108815210271958	0.0972714777823401	0	0.00633376516050687	0.18103017002817	0	0.0571105016889639	0.0242393373331981	0	0.474337718700876	0.0508618190339873
5628-SL-1016	0.130309000477957	0.0847086671777941	0	0	0.172321446079207	0	0.0647503735610409	0.0241797057687909	0	0.472534046483002	0.0511967604522079
5628-SL-0814	0.133368246510271	0.0896882288500945	0	0	0.158621566533278	0	0.0676028286473507	0.0227690387800517	0	0.475901076664417	0.0520490140145367
5628-SL-0723	0.115133492628953	0.0801304726714963	0	0.00678171726259335	0.181080014126375	0	0.0646848631349319	0.0287033934603728	0	0.472755036698029	0.0507310100172491
5628-SL-1014	0.0570022085429285	0.174549440299845	0	0.0138941739571274	0.19949455441503	0	0.0199825523678356	0.00951593507051831	0	0.474927160706512	0.0506339746402027
5628-SL-2261	0.118566103657636	0.0811942409629538	0	0.00531382393378665	0.176722678706453	0	0.0643552487202479	0.0268145391081828	0	0.475891693746079	0.0511416711646618
5628-SL-1939	0.12523806695408	0.0838983421181567	0	0.00181546713232931	0.169419200616341	0	0.065231018887254	0.025104431037402	0	0.477724790700075	0.0515686825543626
5628-SL-3937	0.104841295920971	0.0884910853109554	0	0.00824283266975719	0.188893925034258	0	0.0564982694020423	0.0277772395414065	0	0.474705964062077	0.050549388058533
5628-SL-2475	0.0718252286358017	0.143681669922211	0	0.0128020057314904	0.194472401928937	0	0.0323255651888168	0.0170248801057513	0	0.477099770835449	0.0507684776515423
5628-SL-1115	0.108837884462406	0.0986432806016137	0	0.0039558445895359	0.18181085887511	0	0.0534107626146449	0.0237430615928879	0	0.478404901275911	0.0511934059878912
5628-SL-1754	0.124264640993714	0.0874545198005664	0	0.00258773989781985	0.169338666650855	0	0.0646489562486101	0.0231694985562366	0	0.477108472258934	0.0514275055932641
5628-SL-1171	0.129717196830409	0.0867093811575252	0	0	0.165701274614646	0	0.0652313434417917	0.0236970066625246	0	0.477168139434443	0.0517756578586603
5628-SL-0720	0.138712740255685	0.0923333836285936	0	0	0.152539091733183	0	0.0679371370981319	0.0207091693402685	0	0.475537532394774	0.0522309455493649
5628-SL-0155	0.126706893259136	0.0783284965508341	0	0	0.175786904280612	0	0.0651134398821944	0.024924683263899	0	0.477542957607436	0.0515966251558887
5628-SL-0930	0.0942484246814652	0.129860780175953	0	0.00529545344158532	0.183810804643007	0	0.0417162309898843	0.0162708005859633	0	0.477570689358487	0.0512268161236552
5628-SL-2237	0.114975444835282	0.0872794272739605	0	0.00272644178565661	0.179232443870298	0	0.0572174248526816	0.0265725747127854	0	0.480650583837528	0.0513456588318079
5628-SL-0010	0.0432578429968929	0.200176625597978	0	0.0151756162550591	0.205620097460285	0	0.00911372326297428	0.00381578652237301	0	0.472456544575608	0.0503837633288301
5628-SL-2954	0.107206772641198	0.0850414983369312	0	0.00775310887794564	0.186646083490035	0	0.0593612448719868	0.0292362970164339	0	0.474071550318448	0.0506834444470208
5628-SL-1985	0.142079797124024	0.0856682836893232	0	0	0.156250594150417	0	0.0707153646885875	0.0180832177675245	0	0.474950245248781	0.052252497331343
SRR23099027	0.136864546428419	0.0945592736492707	0	0	0.148958076965122	0	0.0688125214651378	0.0224180935087015	0	0.474235799113742	0.0541516888696068
5628-SL-1451	0.125788849023764	0.0874099500764178	0	0.000290043287930067	0.171664387774305	0	0.0632415541071021	0.0225173327162872	0	0.477447554040221	0.0516403289739728
SRR10416530	0.0866418257246422	0.113193732387799	0	0.00942994582993339	0.19218058069268	0	0.0415004952979693	0.0257314940496578	0	0.481075311602213	0.050246614415105
5628-SL-3807	0.103571942932471	0.106991817575515	0	0.00442709571465326	0.192011816465584	0	0.0491702944226975	0.0196692793623556	0	0.473467579931438	0.0506901735952853
5628-SL-2052	0.108789057057189	0.0753098521584319	0	0.00993143149494239	0.189163442615445	0	0.0630465856547147	0.0308565215466198	0	0.472525967981316	0.0503771414913409
5628-SL-1655	0.140249562631195	0.0903975416982562	0	0	0.153162396538222	0	0.0676647458766353	0.0208453829290567	0	0.475505881622543	0.0521744887040912
5628-SL-0221	0.0646468119122668	0.151615811432974	0	0.0137722108507701	0.203621056544821	0	0.0271303292650534	0.013863065972354	0	0.474907568059648	0.0504431459621126
5628-SL-4295	0.0543380641537791	0.176750143121667	0	0.0152586016247124	0.203083515739304	0	0.0200355846401003	0.00878813852689723	0	0.471390637829712	0.050355314363828
5628-SL-2491	0.0957890260087453	0.132189258862245	0	0.00366014843198247	0.18402494890902	0	0.0406767462312663	0.0143364145748638	0	0.477913788798143	0.0514096681837336
5628-SL-1160	0.114455605314785	0.102021168367384	0	0.00321038266298793	0.172629259923694	0	0.0575060339910818	0.0223208020841218	0	0.476387351144565	0.0514693965113807
5628-SL-1167	0.12890863127639	0.0945218622860641	0	0	0.16092694331178	0	0.0643121284026541	0.0217847068560509	0	0.477544050313239	0.0520016775538217
5628-SL-0941	0.102265634845184	0.0706558748222727	0	0.0102242305744281	0.199383485762839	0	0.0570596241235778	0.0326492651665756	0	0.477383795244457	0.0503780894606651
SRR18268834	0.0570745331157702	0.333273031615071	0	0.00883306074899761	0.211668271265065	0	0.0146580158413661	0	0	0.361923018712625	0.0125700687011064
5628-SL-2119	0.13277364504798	0.0833506377760143	0	0	0.169480600599592	0	0.0637758317638517	0.0232111376417434	0	0.475710053491802	0.0516980936790166
5628-SL-1953	0.113983400522416	0.0982470689181694	0	0.00426855162018041	0.17452902075703	0	0.0587347092940529	0.0234508474455989	0	0.475436679928584	0.0513497215139688
5628-SL-1919	0.11750084868253	0.0950530225163237	0	0.00284501463822893	0.169396427004213	0	0.0598448852976393	0.0247633596555071	0	0.478899054843621	0.0516973873619375
5628-SL-2383	0.0789626476787577	0.122146232787159	0	0.0109176479097148	0.197993847719116	0	0.0374617930993714	0.0228839216861984	0	0.478997057620514	0.0506368514991692
5628-SL-1035	0.119835626764844	0.0682415996240721	0	0	0.197703721524799	0	0.0482270274283613	0.0312664765803978	0	0.483437547800255	0.0512880002772715
5628-SL-1266	0.108432559428428	0.109569644889044	0	0.00328705608093549	0.179573693059177	0	0.051887656112233	0.0192082424892611	0	0.476639950465331	0.051401197475591
SRR9844372	0.0456732522380798	0.204457132398285	0	0	0.20374327823205	0	0.00341784963865528	0.00906273432558665	0	0.482351081641401	0.0512946715259415
SRR9844344	0.0508323249496693	0.197376089272213	0	0	0.205975615095251	0	0.00715859435312442	0.0114313133972712	0	0.476396712489519	0.050829350442952
5628-SL-2266	0.0622551050776294	0.160920187656982	0	0.0133273613348983	0.200786753328229	0	0.0239620745284492	0.0120337047898884	0	0.476083542168387	0.0506312711155369
5628-SL-1314	0.0996883390419377	0.119704634320314	0	0.00540224980883443	0.182799417374942	0	0.0466977320528318	0.018233444664884	0	0.476373495875749	0.0511006868605083
5628-SL-0071	0.116208482738521	0.0552453797442137	0	0.00590193885006655	0.202892746013461	0	0.0669686500558206	0.0317538366425907	0	0.470348958487912	0.0506800074674147
SRR10416504	0.0511853075347669	0.183573214582054	0	0.00426548182774453	0.203797962220151	0	0.0122184081837274	0.0134227288549279	0	0.480387269474306	0.0511496273223218
5628-SL-1156	0.125146751158238	0.100851439597728	0	0	0.163383570745408	0	0.0611909276919201	0.019917414673712	0	0.47760343232446	0.0519064638085334
5628-SL-2645	0.12796481607487	0.0735137246269307	0	0.00164886697428992	0.176031811079483	0	0.0690708839209432	0.0241007372440053	0	0.476246923772197	0.0514222363072814
5628-SL-1346	0.0620794343344259	0.162843598576653	0	0.0138340293184264	0.199463682734833	0	0.0245831651567855	0.0122069552259973	0	0.474467662636448	0.0505214720164304
5628-SL-0789	0.116676281013829	0.0820656387490207	0	0.00466752461641559	0.178432022909632	0	0.0618470671016585	0.0271223037367793	0	0.477955804420568	0.0512333574520971
5628-SL-2674	0.117405748238739	0.076668460111218	0	0.00562960491727905	0.18246199658612	0	0.065424349963912	0.0291063784944129	0	0.472522396851001	0.0507810648373191
SRR23099031	0.0952765454857531	0.0854886748030894	0	0.010273548516548	0.197556156450061	0	0.0513435616392973	0.0321195688496976	0	0.475833801751494	0.0521081425040592
5628-SL-0322	0.108060445295834	0.0515058534191799	0	0.0095645150517153	0.201800879704509	0	0.0683726931502204	0.0344976096071122	0	0.475916569249683	0.0502814345217462
5628-SL-1924	0.106673748057627	0.0784407542792964	0	0.0079328518114324	0.190841918843321	0	0.0581047785524559	0.0287895931170301	0	0.478279612652896	0.0509367426859408
SRR9844375	0.0465613508541012	0.208989936895424	0	0	0.203340817098536	0	0.00334755225681261	0.00828777744740826	0	0.478127495244899	0.0513450702028185
5628-SL-3927	0.097624210528057	0.102371754106605	0	0.00938910488207642	0.189718893063903	0	0.0513016855508403	0.0242243326342842	0	0.474808465812903	0.0505615534213312
5628-SL-3894	0.113962806519317	0.110004714441438	0	0.00178018730030653	0.170157805986148	0	0.0548000576464216	0.0195777183605535	0	0.477956521407035	0.051760188338781
5628-SL-2661	0.12001594714218	0.0775034268844394	0	0.00339816824458105	0.178980709992122	0	0.063731324359173	0.0285241317988683	0	0.476697556868346	0.0511487347102899
5628-SL-0206	0.0933071932303431	0.107780500581305	0	0.00812988308176072	0.197763144127683	0	0.0447394711518332	0.020792004691896	0	0.476973486150689	0.0505143169844904
5628-SL-0599	0.123963826082179	0.0744979397956211	0	0.00356848273953279	0.182139668082689	0	0.0670282404933483	0.0264639074946699	0	0.471616946415102	0.0507209888968577
5628-SL-3926	0.107643584982008	0.116853843056669	0	0.0037138210649688	0.173634922537909	0	0.0521840131975211	0.0190280444836378	0	0.475494491548454	0.0514472791288325
5628-SL-1688	0.0799881770429469	0.13520814018812	0	0.00957376543813315	0.198981105522936	0	0.034368653216243	0.0144926243965756	0	0.476825261768686	0.0505622724263587
5628-SL-0544	0.120543529427431	0.0825120871478367	0	0.00343617634875316	0.174616928503307	0	0.0643340084967831	0.0259101326098007	0	0.477063308703439	0.0515838287626499
5628-SL-1417	0.108208112729598	0.0610837708221686	0	0.0091095698338566	0.201200018161627	0	0.0636276997775348	0.0343279552860115	0	0.472071034822905	0.0503718385662985
5628-SL-2495	0.101267547203342	0.106600040771288	0	0.00719276381442347	0.181264177452118	0	0.0513099366299385	0.0236629851036986	0	0.477606282232406	0.0510962667927865
5628-SL-1288	0.139053590880898	0.0918018289591556	0	0	0.155362582073324	0	0.0673858031172977	0.0193053593145491	0	0.47491113312541	0.0521797025293655
5628-SL-3786	0.109134525964216	0.106445337255929	0	0.00328104557135905	0.179301454521674	0	0.0530116799305517	0.0208025996684786	0	0.47665427353568	0.0513690835521119
5628-SL-3949	0.066782425763831	0.154411211122446	0	0.0137080436508811	0.199180599951758	0	0.0289351127171937	0.0140385590088925	0	0.472578512052389	0.0503655357326086
SRR12781539	0.0710962456516839	0	0.31630486243259	0	0	0	0.238476259881265	0	0	0.0303943087042495	0.343728323330211
5628-SL-4742	0.0933093169823946	0.111384054313772	0	0.00861386430367226	0.193568777378027	0	0.0455626176262224	0.0205014716626362	0	0.476452082263631	0.0506078154696457
5628-SL-1850	0.0902795208483252	0.121482413675248	0	0.0096070615681317	0.185065020969103	0	0.0448000756650069	0.0210660005708116	0	0.476731127027213	0.0509687796761606
5628-SL-2384	0.118138840290159	0.1177875845983	0	0	0.166820931650352	0	0.0521274250576114	0.0154905211673137	0	0.477617189255859	0.052017507980405
5628-SL-1271	0.144869939111727	0.090578723447521	0	0	0.145283777215745	0	0.0705557138801607	0.0209149700144621	0	0.475355146803467	0.0524417295269176
5628-SL-0233	0.125267205097319	0.0895148117110985	0	0.00160810028109343	0.164167685787862	0	0.0648747355890359	0.0246285043349642	0	0.478147944925818	0.051791012272809
5628-SL-0441	0.131615881538041	0.086639156778916	0	0	0.163288824716636	0	0.0658075624401862	0.0229600511502231	0	0.477665933454524	0.0520225899214746
5628-SL-0263	0.105266103147428	0.0746452803515781	0	0.010192532845348	0.193568313127665	0	0.0614513872569488	0.032007460879686	0	0.472332388082528	0.0505365343088177
5628-SL-1470	0.0988899107704812	0.113016181232904	0	0.00542431762237081	0.187645717644699	0	0.0458939086063564	0.0198152399680269	0	0.478326061280193	0.0509886628749694
SRR9844343	0.0565303637112071	0.178053809281341	0	0.00203004723469146	0.206574935157903	0	0.0145625675448787	0.0148626324915561	0	0.477145725135484	0.0502399194429398
5628-SL-1879	0.117015187616252	0.102549779137262	0	0.00181627979656509	0.168280823355492	0	0.0580643143554724	0.0222599470605078	0	0.478225885455818	0.0517877832226311
5628-SL-0875	0.123631656132889	0.0869275103443052	0	0.00216366696888241	0.16867006479611	0	0.0649026006060945	0.0262092134375562	0	0.47595920163863	0.0515360860755326
5628-SL-0944	0.123499975693049	0.0923938240366159	0	0.00173025460123893	0.165689819438899	0	0.0637618966998669	0.0239759391306573	0	0.477136130679309	0.0518121597203638
5628-SL-2813	0.119048468554569	0.0784389627116009	0	0.0045748072673187	0.180522030668809	0	0.0643953568004415	0.0273611171109914	0	0.474658607191378	0.0510006496948904
5628-SL-4262	0.0669872770817526	0.147168559548206	0	0.0124459387166124	0.201941066882926	0	0.0276455960182042	0.0161151295335345	0	0.477158476918442	0.0505379553003213
5628-SL-0681	0.110490854949121	0.109939212803691	0	0.00321734687925392	0.174216831405803	0	0.0537334298738565	0.0194921997012239	0	0.477344941515661	0.0515651828713892
5628-SL-2717	0.116291065056041	0.111531560716355	0	0.000875605366725315	0.167719929384112	0	0.0556313026081517	0.0180678935536919	0	0.47796780807588	0.0519148352390427
5628-SL-1740	0.0944674517637131	0.10750993493797	0	0.00911872930389455	0.189536140450762	0	0.0478848487293991	0.0232638615487893	0	0.47735476297588	0.0508642702895917
5628-SL-0121	0.133833911938423	0.0892184676255771	0	0	0.158846928434445	0	0.0681871111222508	0.0215405075638483	0	0.476347457863811	0.0520256154516444
5628-SL-0025	0.10915370072106	0.05687722139746	0	0.00943338965729307	0.206766207360641	0	0.0634695941584545	0.0336964788047714	0	0.470762573771494	0.0498408341288266
5628-SL-1086	0.0825642894926204	0.127032688351981	0	0	0.212562498342736	0	0.0316505063901672	0.0297575658340153	0	0.465452016544958	0.0509804350435229
5628-SL-1528	0.0780125410256782	0.178620147365286	0	0.00635793524773977	0.175911548500037	0	0.0279715519256521	0.00569286340721172	0	0.475730636807	0.0517027757213952
5628-SL-3201	0.112921012902231	0.104129918349875	0	0.00230364893524902	0.174430151301303	0	0.0545596223862182	0.0213400515868962	0	0.478735091740436	0.0515805027977912
5628-SL-1826	0.116390145723417	0.113515895479869	0	0	0.168102591693871	0	0.0543750509727853	0.0176251305710837	0	0.478076452587762	0.0519147329712122
5628-SL-1321	0.130701924168222	0.0912349609201005	0	0	0.161484016450601	0	0.065590445699527	0.0218196711044123	0	0.477205066464338	0.0519639151927997
5628-SL-2492	0.100994315002331	0.120734590176794	0	0.00536546392773553	0.175320763637008	0	0.047835889783584	0.0197174060518801	0	0.478705690263007	0.0513258811576597
5628-SL-0325	0.127954420463879	0.0888909083171683	0	0.000822437398104476	0.161660953239808	0	0.0664097947712918	0.0247407156594003	0	0.477655824574088	0.0518649455762597
5628-SL-1832	0.119167634800836	0.104666644926216	0	0.000116604631697131	0.16984619449403	0	0.0568027630918182	0.019157646828574	0	0.478399308333714	0.0518432028931145
5628-SL-4763	0.100968964996453	0.0735830157728611	0	0.0115733480136235	0.199402247526864	0	0.0574483734224056	0.0304885545257167	0	0.47648179453673	0.0500537012053462
5628-SL-1396	0.0920514651301184	0.129356348250222	0	0.00636293068688986	0.186116604868178	0	0.0410654250757959	0.0163048912142426	0	0.477590401964079	0.0511519328104751
5628-SL-0046	0.124292414225349	0.0830046602027814	0	0.00278763813581832	0.171191891619444	0	0.0662740086394351	0.0266889423861311	0	0.474382948724378	0.051377496066664
SRR9844385	0.0420190197542864	0.218472714030779	0	0	0.201095537283873	0	0	0.00652835490029952	0	0.480141720983665	0.0517426530470968
5628-SL-0537	0.0406200722903464	0.202013774455349	0	0.0146108895233546	0.208327456277365	0	0.00604423245041776	0.00307371507401471	0	0.474773086338752	0.0505367735903998
5628-SL-0239	0.128028409373409	0.0870477335899842	0	0.000512659420991869	0.165972464738441	0	0.0656454472067534	0.0241121936586804	0	0.476966655965073	0.0517144360466661
SRR23099059	0.0753543439965352	0.146072209553678	0	0.0136389592625245	0.202892423532463	0	0.0362306099605906	0.0157221379447736	0	0.455234469767173	0.0548548459822626
5628-SL-1055	0.0987067815919258	0.105149857713297	0	0.00821685439367777	0.188994392847986	0	0.0496801458549456	0.0216759188842369	0	0.476835164972734	0.050740883741197
5628-SL-2390	0.103244957400597	0.0735694613889729	0	0.0104727295107321	0.197885787912738	0	0.0600103709869889	0.0329913309464193	0	0.471770146811308	0.0500552150422444
5628-SL-1312	0.130807593416148	0.088341925964241	0	0	0.161839864305714	0	0.0662921876374024	0.0238223284440479	0	0.47694525286574	0.0519508473667066
5628-SL-0331	0.0577539520212959	0.170347843101845	0	0.0138908682128963	0.200141339514152	0	0.0207318671571668	0.0108116026493433	0	0.475713803536165	0.0506087238071358
5628-SL-0158	0.109298216869798	0.0611457696592067	0	0.0102514220935136	0.198113504160654	0	0.0666992655114467	0.0339489631560696	0	0.470509317694969	0.0500335408543433
SRR9844355	0.0476436039899818	0.201927488510969	0	0	0.206333719322134	0	0.00335552241003019	0.010768158980276	0	0.478779776473642	0.051191730312967
5628-SL-2319	0.0980491718494953	0.123994050048351	0	0.00583741758451637	0.178052673446044	0	0.0462928481336506	0.018666412435239	0	0.477695585022426	0.0514118414802774
5628-SL-1728	0.128111648763253	0.0838953086394684	0	0	0.168427137192598	0	0.0654960194974206	0.0242073813365268	0	0.478045836049496	0.0518166685212366
SRR10416502	0.0413727294696605	0.208490906248867	0	0	0.206147552787379	0	0.000317784285872608	0.0102759238533679	0	0.481804860293283	0.05159024306157
SRR23099075	0.118362917686932	0.149403803239893	0	0	0.147226653515016	0	0.0493776575115112	0.00610402518903189	0	0.470406456735747	0.0591184861218681
SRR23099063	0.0484778841767024	0.199889740914889	0	0.00983384265780807	0.199218063834274	0	0.0108036071548243	0.00554636869641492	0	0.473886524386361	0.0523439681787259
SRR9844349	0.0728587536290547	0.139024056569499	0	0	0.211816388076438	0	0.0145215711576626	0.0349261180331331	0	0.477301478205447	0.0495516343287644
5628-SL-3305	0.106115958294772	0.0843265892154782	0	0.00900592531346955	0.18471798371608	0	0.0587163559524982	0.0295086279384039	0	0.476848781568067	0.0507597780012314
5628-SL-1941	0.109979230625815	0.0963966022470299	0	0.00471599643544596	0.179757614702126	0	0.0555182504820174	0.0242407335648853	0	0.478111448738021	0.0512801232046599
5628-SL-1784	0.106163944347149	0.0947438819794357	0	0.00701268412805837	0.184560634575411	0	0.0558178517744244	0.0245621130094804	0	0.476233981004065	0.0509049091819754
5628-SL-0828	0.106535762801564	0.105456529632011	0	0.00566903159778857	0.179911265747534	0	0.053157068544374	0.0214256899699958	0	0.476731663839726	0.0511129878670062
5628-SL-2021	0.127757356327334	0.0824231059315583	0	0.00110128471715532	0.173668496568037	0	0.0669644318273613	0.0248910788712535	0	0.472028686017828	0.0511655597394721
5628-SL-1822	0.0986747406538809	0.12099239469241	0	0.00513808601739959	0.180986741866063	0	0.0460886811317764	0.0188179266176629	0	0.477903618744619	0.0513978102761874
5628-SL-1078	0.0399083249032034	0.202392475383268	0	0.0173555513106359	0.21093347472897	0	0.0138311033855477	0.00231410372331868	0	0.463459809753115	0.0498051568119416
5628-SL-1219	0.125135162816213	0.0992963506026943	0	0.000186956082015285	0.16084499969596	0	0.0629254199902377	0.0218852713291563	0	0.477666314315443	0.0520595251682811
5628-SL-0323	0.131938241217212	0.0898677817341289	0	0	0.159671872042707	0	0.0663011994411552	0.0229877442935442	0	0.477230349426479	0.0520028118447735
5628-SL-1656	0.0399768453734155	0.2076870795209	0	0.0155596309208651	0.204694150087284	0	0.00676640006643489	0.00198534204825813	0	0.472832409164706	0.0504981428181363
5628-SL-1256	0.0776908660769461	0.17189263714414	0	0.00654047706504232	0.179821226640624	0	0.0281305690854559	0.00778411804338212	0	0.476567115812897	0.0515729901315123
5628-SL-1155	0.113408154615544	0.114732502283766	0	0.00158520518566635	0.166841538089861	0	0.0541048832338087	0.0193575599445848	0	0.478056250174194	0.0519139064725753
SRR8518775	0	0.171937130663995	0	0.437321751776621	0	0	0.248751153643496	0	0.0118449272090866	0.0214261986894281	0.108718838017373
5628-SL-1692	0.0804060198577044	0.132194467260508	0	0.00544604283369902	0.196056350726498	0	0.036442198745454	0.0210913390400874	0	0.477288348864947	0.0510752326711022
SRR10416514	0.0552928703553777	0.173651650249811	0	0.0069836793127412	0.202286923338894	0	0.0158297556470219	0.0144808475024772	0	0.480428304891293	0.0510459687023836
5628-SL-2415	0.0319974122606222	0.221015231323025	0	0.0159999996578382	0.213262123672518	0	0.000635953444411999	0	0	0.467062809160931	0.0500264704806535
5628-SL-1748	0.0643441136724292	0.147720117434213	0	0.0139106838496735	0.205997383861252	0	0.0275113710791127	0.0154350266342676	0	0.474746998980793	0.0503343044882583
5628-SL-2029	0.112042210542393	0.0678247562105301	0	0	0.196782724574032	0	0.0598959011850609	0.0378897591870817	0	0.474716771095726	0.050847877205177
SRR10416509	0.0598254788721499	0.163579994164823	0	0.00838554513286291	0.202458724951633	0	0.0213366431969795	0.0164872204503603	0	0.477623248268681	0.0503031449625112
5628-SL-1601	0.128585037179844	0.0945222772919287	0	0	0.16173335284365	0	0.0637591439834728	0.0225111327380255	0	0.476882085573255	0.052006970389824
SRR8839813	0	0.518186016917887	0.0736024201460467	0	0.137434168555659	0	0.196592698745153	0	0	0.0404125210757226	0.0337721745595317
5628-SL-2386	0.0665282801999915	0.129549551582328	0	0.0110750112201021	0.213964284290516	0	0.0254299475113368	0.0222862783457999	0	0.481005447755522	0.0501611990944036
5628-SL-4358	0.110605801582831	0.106394274174265	0	0.00410285144878809	0.171576375255923	0	0.0553205663513074	0.0222669146625303	0	0.478128055930421	0.0516051605939343
5628-SL-0512	0.136186610839189	0.091092394128668	0	0	0.153880461129389	0	0.0682282615737109	0.0218891373779362	0	0.476514425007094	0.052208709944013
5628-SL-0446	0.0669253467086764	0.13847958768257	0	0.0139496341998528	0.211613504584087	0	0.0302070733934818	0.0152517368595457	0	0.473501686255569	0.0500714303162174
5628-SL-3103	0.114609419486196	0.0939139456803101	0	0.00194269679648085	0.180766613424873	0	0.0559636457222916	0.024038435593717	0	0.477448821155722	0.0513164221404097
SRR9844373	0.0548562262154974	0.196462788121718	0	0	0.204509424410939	0	0.010867566714609	0.0104524156528483	0	0.47231171123005	0.0505398676543383
5628-SL-0705	0.115020645702922	0.0936757516625401	0	0.00408983676391273	0.17524313671977	0	0.0588469827351379	0.0237072940087094	0	0.478055905669078	0.0513604467379297
SRR12683396	0	0.226084549494257	0	0.0156997181912121	0.387088978408005	0	0.000777345589648302	0.0268092379048008	0	0.28590548730549	0.0576346831065879
5628-SL-0735	0.0981958643657719	0.12153604256802	0	0.00462934922165824	0.183692160555202	0	0.0445431961347059	0.0189934170290142	0	0.477221958829135	0.051188011296493
5628-SL-4035	0.125323940122323	0.0774120860653002	0	0.00294275779357424	0.176799050827899	0	0.0674468508428344	0.0274803428410457	0	0.471657381198822	0.0509375903082016
5628-SL-0797	0.114587186837971	0.0814713779175986	0	0.00402001683759519	0.181774507627585	0	0.0590785905625154	0.0281612283426733	0	0.479714728316999	0.0511923635570617
5628-SL-3066	0.125427544991137	0.07830954057114	0	0.00263564811988685	0.173344852678542	0	0.0674527219751971	0.0260868451561721	0	0.475389161538397	0.0513536849695278
5628-SL-2111	0.0682973878943115	0.149143751561752	0	0.0123600656119245	0.197460610000626	0	0.0284508694484312	0.0159151138691039	0	0.477589832814949	0.0507823687989027
5628-SL-1705	0.10626876331558	0.108728297601506	0	0.00495650675570271	0.177923442105997	0	0.0523066825718334	0.0210539943264171	0	0.477513773490491	0.0512485398324723
5628-SL-1480	0.132539281317149	0.0828952034711709	0	0	0.165957679601487	0	0.0653940675079038	0.0233320270595076	0	0.47796549498708	0.0519162460557021
5628-SL-0214	0.0688478336681285	0.146344079414025	0	0.0128552091232228	0.199265904389554	0	0.0296972523991301	0.0160606495760787	0	0.476308094726273	0.0506209767035882
SRR10416512	0.0356822806928736	0.239197115557675	0	0.000809835175589294	0.196764244752807	0	0	0	0	0.475921241472713	0.0516252823483421
5628-SL-2120	0.136827013597902	0.0892432670573204	0	0	0.156704651863088	0	0.06831584973061	0.0213446956326539	0	0.475462982089994	0.0521015400284324
5628-SL-0891	0.100266529090745	0.0997518164408944	0	0.00924149589523911	0.186568935914588	0	0.053230554128975	0.024642047105908	0	0.475583260323436	0.0507153611002145
5628-SL-1306	0.105368780108623	0.113208186078504	0	0.00373626088745561	0.177938777561125	0	0.0500157544210504	0.0204947162591677	0	0.477810302602378	0.051427222081696
5628-SL-2901	0.128858819039839	0.0970555485258343	0	0	0.160067077950221	0	0.0645996880763646	0.0201637262190949	0	0.477188740398531	0.0520663997901148
5628-SL-2358	0.106289288843032	0.102437663035665	0	0.00556638882097686	0.178917411624501	0	0.0535611495125721	0.0237792315420921	0	0.478199507945957	0.0512493586752044
5628-SL-1459	0.108570989797363	0.0672546751834208	0	0.00908431748574567	0.1970825924821	0	0.0638799875243325	0.0326566528499073	0	0.471286519118834	0.050184265558297
5628-SL-0934	0.0769173574457535	0.187195915377143	0	0.00524684450717349	0.17370345397548	0	0.0260975831106929	0.00348815512444037	0	0.475492399631691	0.0518582908276257
5628-SL-0837	0.0618940286687518	0.161082650809654	0	0.0139601996028808	0.200024545586661	0	0.0245000950960545	0.0125231774634604	0	0.475486616356785	0.0505286864157522
SRR9844382	0.0641960520080023	0.1797792295491	0	0	0.205282736344092	0	0.0138063527674829	0.0197689257881806	0	0.467366325679911	0.0498003778632309
5628-SL-1272	0.0876302979695492	0.134085703646942	0	0.00660500345355765	0.186878622947868	0	0.037719478315247	0.0173785676259672	0	0.478571869968957	0.0511304560719115
5628-SL-0299	0.10224148770404	0.0800665767983724	0	0.00781028748316547	0.19520474704874	0	0.0532810541866524	0.0308336941234212	0	0.480013770492769	0.0505483821628394
SRR9844337	0.0488403060193179	0.199263374069056	0	0	0.205250559139397	0	0.00512037523665538	0.0110743497074495	0	0.479388165589193	0.0510628702389317
SRR10416523	0.102697253676272	0.0964376878718121	0	0.00747883082800693	0.18067901470384	0	0.0534167118005276	0.0288003119074607	0	0.481184722289547	0.0493054669225336
5628-SL-1316	0.127002212642051	0.0846852310224017	0	0.000850474919448237	0.169128739264567	0	0.0655892999215989	0.0239942993808389	0	0.477030197961625	0.0517195448874693
SRR10416521	0.045571889287975	0.184112419766037	0	0.010925929045718	0.20918562184174	0	0.00894396642562401	0.0113718204400018	0	0.479334191778356	0.0505541614145478
5628-SL-3034	0.106520648594594	0.106815137319623	0	0.00505819773338032	0.181894282483364	0	0.052597326566071	0.0201422149239077	0	0.475898518721109	0.0510736736579507
5628-SL-1593	0.116718740097835	0.0761838936570286	0	0.00353452544983731	0.187178605295053	0	0.0600484950668017	0.0266852313754949	0	0.47857981244307	0.0510706966148793
5628-SL-3087	0.114915415121861	0.0949680910460468	0	0.00336893490681101	0.175660791567826	0	0.0580469084715198	0.0239121133972924	0	0.47776923623468	0.0513585092539634
5628-SL-4263	0.131450763267723	0.0785608722371523	0	0	0.174734506745599	0	0.0627041125390417	0.0258592511488272	0	0.475146168032491	0.0515443260291667
5628-SL-4764	0.0284160514052499	0.221886496075436	0	0.0165975407257645	0.214303264050086	0	0	0	0	0.468828344190773	0.0499683035526905
5628-SL-0235	0.142669055573005	0.0918618097036122	0	0	0.149524071393456	0	0.0693433018674786	0.0194961341883751	0	0.474780273554967	0.0523253537191059
5628-SL-0846	0.129866824849749	0.0856371859263937	0	0	0.168621195059025	0	0.066345124770554	0.0237403358129414	0	0.474178769936002	0.051610563645335
5628-SL-0996	0.128597305597299	0.089370485346274	0	0	0.165846266277548	0	0.0650479698784519	0.0229469634056681	0	0.476364417593052	0.0518265919017067
5628-SL-2260	0.135375392471663	0.0907071878014574	0	0	0.15471586800782	0	0.0683012972231833	0.0226254541388671	0	0.476163041291939	0.0521117590650705
5628-SL-2113	0.120311501689936	0.0646114329573822	0	0.00450937792857205	0.193604485203861	0	0.0673319578985818	0.028894651291265	0	0.469880417445437	0.0508561755849646
5628-SL-2114	0.122061542364998	0.10357703959594	0	0	0.168323829117345	0	0.0568695751191449	0.0205277904657285	0	0.476647414332089	0.0519928090047544
5628-SL-0385	0.129485749541234	0.0861600656106445	0	0	0.165822461258031	0	0.0656872692605529	0.0234720042805072	0	0.477573927292274	0.0517985227567555
SRR23099086	0.0341828426438375	0.230170024939418	0	0.0157159522904299	0.203719287835573	0	0.0015677749134178	0	0	0.457495585238427	0.0571485321388963
5628-SL-2497	0.0908031412299941	0.119709679030717	0	0.00819848620318074	0.187422877340165	0	0.0429282048290393	0.0213867290945639	0	0.478721241873668	0.050829640398672
5628-SL-3626	0.104842833368467	0.0713610270940434	0	0.00996312408067032	0.197214367915819	0	0.0609499868599131	0.0321721350796149	0	0.472735615099348	0.0507609105021245
SRR23099024	0.103897586780821	0.0814702264406227	0	0	0.189321594965067	0	0.0514007154097776	0.0351484265311237	0	0.481041957495089	0.0577194923774993
5628-SL-1008	0.128801259255481	0.0917620774332332	0	0	0.164233020094528	0	0.0642165335368982	0.0224857899857378	0	0.476624303999817	0.0518770156943046
5628-SL-1474	0.106111793529241	0.0654714452775578	0	0.0113139671209703	0.196700960056484	0	0.063436636579186	0.0328710587714856	0	0.473984211179728	0.0501099274853475
SRR10416518	0.0453158620551803	0.186883169386366	0	0.0100521936900119	0.208414245186927	0	0.00784143606281485	0.0108270759403157	0	0.479883000576516	0.0507830171018682
SRR8518776	0	0.0638783284049426	0	0.490446679344053	0.0652547187701129	0	0.259811154442579	0	0	0.0176479254925278	0.102961193545785
5628-SL-1830	0.13972823753959	0.0871483360074859	0	0	0.156011880689132	0	0.0682623986823759	0.0210128548803018	0	0.475735163616277	0.0521011285848373
5628-SL-3559	0.108990159179667	0.0504699501620886	0	0.0098298576223735	0.210916653160048	0	0.063784898969269	0.035709683048217	0	0.470894755386505	0.0494040424718323
5628-SL-1070	0.131414340399342	0.0893729728887691	0	0	0.160391150825708	0	0.066647959491866	0.0225090716128006	0	0.477691065253523	0.0519734395279912
5628-SL-0869	0.109185076161014	0.10895155551344	0	0.00323936939025321	0.177434086436777	0	0.0524537300367442	0.0204500737845906	0	0.476899727395969	0.0513863812812128
5628-SL-1019	0.131412731111242	0.0867683349104938	0	0	0.163877634381967	0	0.0673508187353437	0.0240618280903041	0	0.474807131177483	0.0517215215931667
5628-SL-0642	0.141502793912766	0.0933559232709569	0	0	0.148651562374626	0	0.0686952595494657	0.0200274352880017	0	0.475429789896809	0.0523372357073744
5628-SL-1679	0.114936956280288	0.0978525497038169	0	0.00456599990501311	0.171788247902503	0	0.0596619060539129	0.0228241518864098	0	0.476919415581473	0.051450772686584
SRR10416517	0.0590384589733311	0.171277777977606	0	0.00444544898773422	0.199078568099152	0	0.0181193186844322	0.0158651970780265	0	0.480892784081985	0.0512824461177332
5628-SL-2762	0.127282257536985	0.0878479120396457	0	0.000689760588167916	0.164988908242244	0	0.0654088527286647	0.0243237223243021	0	0.477715568793057	0.0517430177469343
5628-SL-1441	0.1212948684197	0.0808142953553897	0	0.00163231912690394	0.179424525685536	0	0.0615726226495132	0.0249824460779881	0	0.478843352085422	0.0514355705995473
5628-SL-0406	0.119399389522706	0.0852305094987789	0	0.00363689616240833	0.172939597211013	0	0.0623126206781196	0.0263229429379176	0	0.478806222767262	0.0513518212217944
5628-SL-1538	0.125376490531685	0.0964840238817045	0	0	0.164418656329766	0	0.0624862085978731	0.0221714161210486	0	0.477176684881468	0.0518865196564541
5628-SL-1650	0.0670260496070836	0.151880176682389	0	0.0132267996201084	0.200433262454532	0	0.0286940043250438	0.0149833895629687	0	0.473371776299045	0.0503845414488291
5628-SL-0575	0.131719889351205	0.0821467165925099	0	0	0.169917717737035	0	0.0656141586290992	0.0228296407283327	0	0.476078583318717	0.051693293643102
5628-SL-3877	0.109821350409887	0.106831182050926	0	0.00383165073646098	0.175575923078952	0	0.0539200645703341	0.0212186624802627	0	0.477399264655368	0.0514019020178096
5628-SL-3653	0.067772507610525	0.151591563627368	0	0.0131145802503821	0.19722749934294	0	0.0289525007484483	0.0150548987105846	0	0.475658673543633	0.050627776166119
5628-SL-1788	0.129982527205611	0.0777908111889602	0	0.000561273946921764	0.170710824831249	0	0.0681609266042878	0.024167855244746	0	0.476839901462281	0.0517858795159432
5628-SL-2145	0.084960348923752	0.135416545662851	0	0.00793829443438456	0.191576623474428	0	0.0366094743427269	0.0150055588208456	0	0.477540669516518	0.0509524848244937
5628-SL-1890	0.141209266122537	0.0903275581837499	0	0	0.153966750336203	0	0.064156772558908	0.0211315422116292	0	0.476878448126836	0.0523296624601367
SRR23099081	0.107043853371353	0.0845991786729159	0	0	0.183458591437016	0	0.0522029882281777	0.0328528446481562	0	0.479889711075827	0.0599528325665536
SRR12683392	0.131725465600834	0.0927751693549336	0.0356396492471909	0	0.276872486153411	0	0.0109940957415948	0.0804904516077373	0	0.294953916930804	0.0765487653634941
5628-SL-3597	0.090080468289374	0.104255877060912	0	0.0105436170955541	0.200296255034986	0	0.04769815856112	0.0236527134493709	0	0.473090149433153	0.0503827610755305
5628-SL-3139	0.106656110100931	0.0957553028031071	0	0.00792728982059533	0.18042013727223	0	0.0574394097056882	0.0250365246807506	0	0.47579898838685	0.0509662372298476
5628-SL-4408	0.0478294960628795	0.187407044821329	0	0.015473075897767	0.208431442941065	0	0.0134683487395166	0.00583679859440023	0	0.471387443078403	0.0501663498646392
5628-SL-1118	0.100644152707563	0.0963955484466913	0	0.00964849844697553	0.186938553938688	0	0.0541093023442097	0.026594267072832	0	0.475125167211164	0.0505445098318767
SRR10416529	0.0375600673526839	0.216993547950775	0	0	0.206184498196981	0	0	0.00573501471317727	0	0.481901797352259	0.0516250744341237
5628-SL-2421	0.0820878078309597	0.119607387937865	0	0.0116787278994974	0.199241612728548	0	0.0404828209289214	0.0204573386245193	0	0.475976402592243	0.0504679014574449
5628-SL-1482	0.132818715801959	0.0871596559844047	0	0	0.161665741532539	0	0.0678512515422577	0.0230917884628466	0	0.475546128609962	0.0518667180660307
5628-SL-1653	0.107426448317464	0.0801031155977836	0	0.00906823672143371	0.185834977844198	0	0.0600004062366552	0.0303287222815535	0	0.476570213034496	0.0506678799664157
5628-SL-2655	0.0922790933043802	0.101388210912263	0	0	0.20652093874682	0	0.0441659328479001	0.029458265796674	0	0.4754206581961	0.0507669001958616
5628-SL-2146	0.069207837038442	0.14593857027299	0	0.0127092908099396	0.198837550009692	0	0.0296761315882897	0.0161649331593638	0	0.476814898700145	0.0506507884211383
5628-SL-0960	0.106687904601549	0.106155820978881	0	0.00627835912565327	0.174991968803467	0	0.0543290570404131	0.0226921927242465	0	0.477640911722171	0.0512237850036188
5628-SL-0292	0.0918919280729968	0.125561475204131	0	0.00751236278400191	0.183755461035478	0	0.043148965057722	0.0195504827238686	0	0.477404605770959	0.0511747193508423
5628-SL-1925	0.110826396973834	0.0491056799995121	0	0.00808350442086908	0.211057641300282	0	0.0639577366100966	0.0376216443206441	0	0.469872319710382	0.0494750766643797
5628-SL-2765	0.127918641877613	0.0801472828742366	0	0	0.174866943471015	0	0.0649241397981916	0.0225131812535108	0	0.477925651551525	0.0517041591739079
5628-SL-2467	0.107281613550072	0.107344145169616	0	0.00465970679446655	0.178952892740051	0	0.052774909541339	0.0202585283898925	0	0.477342426868679	0.0513857769458843
5628-SL-2974	0.133072915881694	0.0871588882059201	0	0	0.162551808865365	0	0.0663885778825007	0.0231806225958893	0	0.475858894897152	0.0517882916714792
5628-SL-1979	0.110058320359684	0.062830335326999	0	0.00906550768966085	0.191756811257126	0	0.0652993818914849	0.0349043667338026	0	0.475660331748196	0.0504249449930459
5628-SL-0022	0.0439528669834458	0.198076552995396	0	0.015130017487774	0.205080535255304	0	0.00995798156395231	0.00388839484569951	0	0.473381105930698	0.0505325449377308
5628-SL-3878	0.141623079742967	0.089665825912031	0	0	0.154058835579055	0	0.0666056023240567	0.0197105389169418	0	0.476022891729185	0.0523132257957638
5628-SL-2116	0.127282194193244	0.0900657731224496	0	0	0.1665925058893	0	0.0636870368425822	0.0233100710410524	0	0.477148080996013	0.0519143379153591
5628-SL-0139	0.113082682849381	0.0828848042245628	0	0.00535755038500776	0.180311404823624	0	0.0592517057527387	0.0285085251948305	0	0.479509887984799	0.0510934387850558
5628-SL-1317	0.114002719063168	0.0771131641583833	0	0.00562359175402399	0.186754158868101	0	0.0617778436381518	0.0303432699673975	0	0.473741635294819	0.0506436172559561
5628-SL-1097	0.106643477453358	0.10292876324752	0	0.00659526729942672	0.175564519719782	0	0.0551785692935114	0.0242663704971643	0	0.477545982174101	0.0512770503151362
5628-SL-1493	0.137145517070848	0.090054874983308	0	0	0.161262826176861	0	0.0666456417883246	0.0187556130741255	0	0.47413582881762	0.0519996980889123
SRR9844369	0.0550456705482618	0.183362277442276	0	0.00500427032599286	0.204329533267391	0	0.0146763665447923	0.0125087417340502	0	0.47523469426959	0.0498384458676454
5628-SL-1351	0.100430779049658	0.0730525316360828	0	0.0106705291641427	0.202292793727851	0	0.0557533999082474	0.0306452069655139	0	0.47697630381759	0.0501784557309149
5628-SL-1913	0.146262263732379	0.0909313822903772	0	0	0.144716624330417	0	0.0700055016969352	0.0200436508927662	0	0.475508363558323	0.0525322134988018
5628-SL-2477	0.0896660230327676	0.10783280418222	0	0.0107792345575049	0.193708809316533	0	0.0469042855245195	0.0242597971829533	0	0.476245020543798	0.0506040256597031
5628-SL-1701	0.131607467929922	0.0869252894197012	0	0	0.161286261762752	0	0.0677609561663252	0.0241356401047239	0	0.476399713825375	0.0518846707912004
5628-SL-0251	0.100912028266387	0.0774547140471702	0	0.0107058197819967	0.195582378921618	0	0.0559858595727238	0.0321665469018435	0	0.476986060366145	0.0502065921421155
5628-SL-4136	0.123097537144319	0.0900836331860105	0	0.000812756986816057	0.170022463788871	0	0.0620315924869788	0.02414659646519	0	0.478156313160797	0.0516491067810175
5628-SL-2322	0.0962819667224142	0.125414223746207	0	0.00477172698574947	0.179496934285314	0	0.0452018238161023	0.0193060947150676	0	0.478042024076433	0.0514852056527125
SRR10416519	0.0399294619955777	0.225967740968574	0	0.00457264954298671	0.199439426993903	0	0	0	0	0.478476838649715	0.0516138818492441
5628-SL-0289	0.131265809706616	0.09576406091927	0	0	0.158890725810705	0	0.0645736371681811	0.020545304511	0	0.476796759534728	0.0521637023495006
5628-SL-0006	0.115341540949611	0.0914856061930447	0	0.00404939096422489	0.175984262946799	0	0.0592418434431871	0.0244672168092283	0	0.478061006494241	0.0513691321996643
5628-SL-0994	0.126815571476203	0.0951561411038219	0	0.000439241535279757	0.160057678494192	0	0.064346219551937	0.022752738194283	0	0.478437289482709	0.051995120161575
5628-SL-1368	0.0960745909784226	0.131864792157115	0	0.00397567829032052	0.183119459906754	0	0.0414198369701267	0.0148403304752721	0	0.477357998959286	0.0513473122627032
SRR9844356	0.0599330554150296	0.175802078366027	0	0.0028834064936559	0.205480992528568	0	0.0183936665081719	0.0150041481968475	0	0.472546534415568	0.0499561180761312
5628-SL-1387	0.131932252613211	0.102062306407774	0	0	0.159356623877261	0	0.0619435523089305	0.0171864418626899	0	0.475311036368905	0.0522077865612284
SRR9844358	0.0582691079621369	0.182333907816367	0	0	0.204746703356036	0	0.0155603877542394	0.0146632439103811	0	0.474185340364832	0.0502413088360072
5628-SL-1339	0.121448092289404	0.084064501297203	0	0.00325175809499021	0.175037348060013	0	0.0635773404212591	0.0251873483258445	0	0.476160060869065	0.0512735506422214
5628-SL-3623	0.125426910109838	0.0824767906522148	0	0	0.174012910840011	0	0.0623594917779116	0.0252711717029753	0	0.47885056999037	0.05160215492668
5628-SL-1867	0.117160111132533	0.105789794565606	0	0.00121720797414185	0.168794196695721	0	0.0568062565795597	0.0202552498793183	0	0.4781682686694	0.0518089145037196
5628-SL-1733	0.130644115461816	0.086165303729813	0	0	0.164041454279114	0	0.0674912932941023	0.0230808275460418	0	0.476752252367025	0.0518247533220883
5628-SL-1842	0.10268121641414	0.107341069047911	0	0.00726526799682736	0.179854799324679	0	0.0526599687413029	0.0229517776259507	0	0.476122868059213	0.0511230327899755
5628-SL-2216	0.0943704543512316	0.116745684773169	0	0.00798369630409564	0.185354587231917	0	0.0460004895088109	0.0212894789350013	0	0.477314798926773	0.0509408099690011
5628-SL-0786	0.1202361200282	0.0435686126529887	0	0.00845656503669941	0.211632786555998	0	0.0771020556244269	0.0393309571206739	0	0.451013289977785	0.0486596130032274
5628-SL-3775	0.108731651855723	0.0747623841772099	0	0.00922218448474069	0.191899173459641	0	0.0614027321760547	0.0288606543099371	0	0.474734822276725	0.0503863972599693
5628-SL-0529	0.0941146598077993	0.121700930040148	0	0.00734110318325679	0.182642186309784	0	0.0447087547237233	0.020532400958217	0	0.477886176152675	0.0510737888243962
5628-SL-0635	0.134204038186459	0.0947512307886068	0	0	0.156254928365	0	0.0658207521301216	0.0206055103133125	0	0.476136501178854	0.0522270390376457
SRR10416543	0.0390500657686374	0.207104722185668	0	0.0120527016461542	0.202090972984414	0	0.00515898986394536	0.00592647363745158	0	0.4775320250977	0.0510840488160287
5628-SL-2234	0.106025732580797	0.0948426197704349	0	0.00423786878450776	0.188275330825585	0	0.0516180224694621	0.02519863348874	0	0.478778046164366	0.0510237459161071
SRR10416540	0.0406614991397753	0.202268113349711	0	0.00551061656695825	0.209552839607857	0	0.000665400684342957	0.00795650134520321	0	0.482245065333058	0.0511399639730938
5628-SL-1449	0.114680776457043	0.0748702543576215	0	0.00633557306996215	0.185633198232017	0	0.0633188798597286	0.0281976233296299	0	0.476117986017897	0.0508457086761005
5628-SL-2223	0.104653762523511	0.072505402730218	0	0.00902642039550813	0.193830193526111	0	0.0593546669927206	0.0339916467641231	0	0.476087831319577	0.0505500757482314
5628-SL-2328	0.0466182755740422	0.190708342543226	0	0.01462301656162	0.206165268078978	0	0.0116208167886652	0.00540168644629094	0	0.474307606562987	0.0505549874441911
5628-SL-2118	0.0637412925705445	0.214509638732636	0	0.00290033810575871	0.177168097900641	0	0.013790431358381	0	0	0.47578734783265	0.052102853499389
5628-SL-3161	0.136200193148158	0.0869966298293666	0	0	0.160782047792474	0	0.0661211889254476	0.0210896096415101	0	0.476750762830467	0.0520595678325769
5628-SL-2265	0.118357546464028	0.108032738481075	0	0.000751021029524344	0.166476409940556	0	0.0572757317728912	0.0190293507178238	0	0.478115235342342	0.0519619662517588
5628-SL-0842	0.136849678050299	0.0889283880590507	0	0	0.154886638251402	0	0.0683619976018283	0.0214557076887081	0	0.477190465932594	0.0523271244161183
SRR9844371	0.0482650585235814	0.198487308473159	0	0.000564975188430977	0.204438508978589	0	0.00676582965906293	0.0104677242917654	0	0.479941288783072	0.0510693061023388
5628-SL-1769	0.0749029726576769	0.141002549320828	0	0.0126658521050772	0.192035745085326	0	0.0348325214700657	0.0176807362760381	0	0.476121242651814	0.0507583804331739
5628-SL-1121	0.109883286210214	0.0939074452070982	0	0.00659281147781662	0.180103281268618	0	0.0578869168436989	0.0252838001584384	0	0.475538987625558	0.050803471208557
5628-SL-1201	0.102271897673897	0.11664870187349	0	0.00497265164057744	0.179347375536963	0	0.0486746914459527	0.0199095527109369	0	0.476908575052568	0.0512665540656157
5628-SL-2225	0.0810773738303158	0.0902355382397276	0	0.0107470558568456	0.220911068825616	0	0.0381769045387744	0.0277234482850675	0	0.481426390322121	0.0497022201015323
5628-SL-2457	0.0959195693759655	0.119950066415631	0	0.00670011951751619	0.181335613339915	0	0.0459591647883127	0.0208622552541483	0	0.478034328103221	0.051238883205291
5628-SL-0196	0.0512992706991091	0.229523145982235	0	0	0.187046908798578	0	0.00112281155124596	0	0	0.478670480459812	0.0523373825090196
SRR23099026	0.110305841243343	0.0831701153568206	0	0.00248603700535477	0.181510189572308	0	0.0575253380124821	0.0314990275460735	0	0.48006549296188	0.0534379583017375
5628-SL-1980	0.108130894455733	0.123685808778368	0	0.000578339247534406	0.173358642232953	0	0.0477444782703597	0.01632970377887	0	0.478337306544116	0.0518348266920658
5628-SL-1781	0.118779599488956	0.0525723152498055	0	0	0.200817126346291	0	0.0680046223721488	0.0418440117338706	0	0.467122678178066	0.0508596466308614
5628-SL-3185	0.10624787778223	0.076493831257895	0	0.00948344935618999	0.192144611435361	0	0.0612556020436307	0.0299593015971644	0	0.473643625512236	0.0507717010152926
5628-SL-2199	0.0702499948527956	0.140277670759055	0	0.0132065257058401	0.203593111403993	0	0.0319977760976927	0.0181054732727558	0	0.472386686814375	0.0501827610934936
5628-SL-0308	0.132214071473408	0.0886077850097888	0	0	0.160083440634871	0	0.0676084624360011	0.0227132879153665	0	0.476752139027125	0.0520208135034395
5628-SL-0486	0.114553690144315	0.105063643684812	0	0.00300346826056065	0.169692842419116	0	0.0572288038534665	0.0213931090684433	0	0.477363728083116	0.0517007144861705
5628-SL-2458	0.0887242494770706	0.109330660865926	0	0.0109543827285177	0.192144484263464	0	0.0454777036071152	0.0250140220224479	0	0.477722513876896	0.050631983158563
5628-SL-0247	0.124592670188354	0.0976124917535036	0	0.000187392617128586	0.162657917402376	0	0.062617647514101	0.0228291354883947	0	0.477528435458903	0.0519743095772382
5628-SL-0531	0.118063299710862	0.111709406892394	0	0.000219754764324005	0.164045659924184	0	0.0570458387912091	0.0185630645316978	0	0.478192486667427	0.0521604887179028
5628-SL-4398	0.088948060720632	0.127917354339303	0	0.0076793798104693	0.188742640030761	0	0.0405975823560385	0.0173709254267182	0	0.477664528074914	0.0510795292411633
5628-SL-1676	0.104746004337219	0.0789745147039865	0	0.0107220922152036	0.190081968836433	0	0.0600470337082682	0.0316703638746764	0	0.473465618119783	0.0502924042044298
5628-SL-0536	0.0970176457960892	0.062537570552555	0	0.0126738849449197	0.212968052783212	0	0.0550078293420885	0.0315420013853734	0	0.478456024004488	0.0497969911912743
5628-SL-2414	0.106474058611676	0.109990518256727	0	0.00352249609928047	0.176994371069092	0	0.051584428423734	0.0215903645746763	0	0.478285079639461	0.0515586833253535
5628-SL-4591	0.12655372672499	0.0780681042937165	0	0	0.179488231872233	0	0.0639072340681566	0.0247804157162145	0	0.475854303373395	0.0513479839512946
5628-SL-0115	0.129553026774817	0.0911158795863177	0	0	0.161836736695198	0	0.0655643329929937	0.0222582419694537	0	0.477715005361826	0.051956776619393
5628-SL-1536	0.135103073123088	0.077020443165631	0	0	0.165322528104463	0	0.069057897756412	0.0260564950975046	0	0.475705002509018	0.051734560243884
SRR18268837	0.0522780911011144	0.328402360651883	0	0.0096713704722467	0.202749906755388	0	0.0101608715134975	0	0	0.353161712036505	0.0435756874693663
5628-SL-2551	0.12398218641818	0.0812038392115429	0	0.00223286608371668	0.175285401498902	0	0.0640635770543667	0.0240586694014231	0	0.477784718167305	0.0513887421645634
5628-SL-0003	0.12245878690148	0.0811072610697604	0	0.00243345687542745	0.177288080691663	0	0.0631100881139432	0.0248257306058568	0	0.477474582942366	0.0513020127995043
5628-SL-2478	0.138065428926831	0.0915822617325303	0	0	0.15339551530629	0	0.0684527677787092	0.0207538140762519	0	0.475569846865925	0.0521803653134628
5628-SL-0067	0.0449459334758242	0.193350378345444	0	0.0134714363072169	0.20711218655162	0	0.00970897690063528	0.00542983169124175	0	0.475331941479858	0.0506493152481597
5628-SL-1866	0.0977155417728366	0.104314413650842	0	0.00723471984571647	0.19099857024261	0	0.0477153213582056	0.0229403162427089	0	0.478364606035002	0.0507165108520778
5628-SL-2197	0.0703875801217333	0.139593221685365	0	0.013004497792847	0.200122208131191	0	0.0315078787960615	0.0179639897466461	0	0.476903763707247	0.0505168600189091
5628-SL-3219	0.0610270755533952	0.16084098260947	0	0.0106659755665244	0.203392115216403	0	0.0219800747525954	0.0139691379760813	0	0.477432427940944	0.0506922103845861
5628-SL-2385	0.0486412008028987	0.178560048535464	0	0.0138125103448927	0.212302161104837	0	0.0127048260107946	0.00909853153651292	0	0.474565199259845	0.0503155224047556
5628-SL-3767	0.119870288327148	0.0939429656935369	0	0.001187728350634	0.172895888978027	0	0.0595435792989799	0.0236054760974354	0	0.47747825071459	0.0514758225396485
5628-SL-1082	0.10548161526435	0.0761587371673553	0	0.0103522505259687	0.19391359148993	0	0.0615769114705598	0.0296315219508014	0	0.472539799314756	0.0503455728162787
5628-SL-1619	0.132297432125297	0.090100214231354	0	0	0.158542253823661	0	0.0670173990813832	0.0225969769119261	0	0.477396855641605	0.0520488681847743
5628-SL-3885	0.0754064786643979	0.135379818435418	0	0.0118098363838583	0.197637901560352	0	0.0350912922253303	0.0183477035129772	0	0.475777595021549	0.0505493741961163
5628-SL-1819	0.0590202675542279	0.163074677029156	0	0.0130453866700165	0.203234802762228	0	0.0211781175287807	0.0127423205051296	0	0.477034311519289	0.050670116431172
5628-SL-1680	0.0843937944301439	0.117692276495497	0	0.0114492051683622	0.19639806212705	0	0.0428466824709214	0.0229059977312924	0	0.474022842467547	0.0502911391091862
SRR9844386	0.0469571291093582	0.18206967636264	0	0.00102943997468447	0.212062794243726	0	0.00899869056263594	0.0170988193226856	0	0.481369843299691	0.0504136071245787
5628-SL-2141	0.109432071495198	0.0950615235636519	0	0.00446544252029801	0.180313171193201	0	0.0545275606875455	0.0253574048510192	0	0.479624683612549	0.0512181420765376
5628-SL-1664	0.111219990236091	0.0981700845032732	0	0.00528854935524354	0.174194781787344	0	0.0576677594944445	0.0244109129506147	0	0.477665685472058	0.0513822362009312
5628-SL-0909	0.116635171584524	0.0791795165206767	0	0.00562955460842122	0.181669394938079	0	0.0636391009836897	0.0273777431321959	0	0.474870981695384	0.0509985365370304
5628-SL-1903	0.137349807824209	0.0903751816287095	0	0	0.154578363497683	0	0.0674571271984884	0.0211009721067394	0	0.476903342216742	0.0522352055274292
5628-SL-1042	0.115138312310099	0.084893024033294	0	0.00524283237473692	0.176370707200966	0	0.0607855144453719	0.0279243731200959	0	0.478531710420988	0.051113526094448
5628-SL-0224	0.132433958276048	0.0842910652199316	0	0	0.164621195972936	0	0.0665105668012509	0.0239214032534488	0	0.476379701922614	0.0518421085537706
5628-SL-3097	0.105947361077749	0.0674810033438598	0	0.00979470031321339	0.196590563800442	0	0.0616833676548897	0.0335868860830069	0	0.474705565035476	0.0502105526913632
5628-SL-0964	0.104522546285534	0.0970662488674581	0	0.00704359275927946	0.185851835147843	0	0.0535415751274453	0.0238346183105694	0	0.477279290759732	0.0508602927421394
SRR23099064	0.0153200501885907	0.26556711335694	0	0.0167038049145706	0.203042815008329	0	0	0	0	0.446468300129345	0.0528979164022245
SRR12683401	0.129571369372107	0.0663890105289644	0	0	0.244368091195139	0	0.0404127601546773	0.0597986208397583	0	0.382836545967239	0.076623601942115
5628-SL-0392	0.104999962950445	0.110179190837194	0	0.00585433506057566	0.176617502187217	0	0.0523083651210026	0.0208646791193661	0	0.477851924342121	0.0513240403820783
5628-SL-2416	0.130250578200946	0.0868794914821959	0	0	0.162605117454412	0	0.0668480735978796	0.024301800334734	0	0.477120761271494	0.051994177658337
5628-SL-2040	0.132558331790628	0.0805113760807123	0	0	0.166415999288528	0	0.0694320412889295	0.0251742227095346	0	0.474350565288095	0.0515574635535736
5628-SL-2214	0.0471314783929857	0.187568873764895	0	0.0145968192744174	0.20704009990363	0	0.0119132739280725	0.00662974384375655	0	0.474656297777128	0.0504634131151148
SRR10416505	0.0544537460278935	0.171279606508659	0	0.00937837371680331	0.204049222952795	0	0.0163686667275591	0.0144423997834016	0	0.479450780778176	0.0505772035047126
5628-SL-2357	0.102220457835064	0.10884259343206	0	0.006022386456525	0.182445921794625	0	0.0500730447727777	0.0215023578518134	0	0.477771565875479	0.0511216719816559
5628-SL-0483	0.0418249179801157	0.197305981502358	0	0.0142996218708238	0.208385681695034	0	0.00685351035842395	0.00475223870158019	0	0.475992696991349	0.0505853509003161
SRR10416506	0.0536202003838688	0.178062182551048	0	0.0045295057462467	0.203355843531646	0	0.0143285981946481	0.0145406565421999	0	0.480443008332876	0.0511200047174665
SRR23099067	0.0275188892551577	0.294261278180977	0	0.00204355133902688	0.176310140114065	0	0	0	0	0.448318018922247	0.0515481221885263
SRR23099071	0.0762789046216515	0.137884785291809	0	0.0139382452856126	0.196959578760619	0	0.037411659534239	0.0151749169820961	0	0.461204531577939	0.0611473779460332
5628-SL-2222	0.104126883558505	0.116071172099174	0	0.00363597396574392	0.17839451891313	0	0.0486906765939271	0.0192991208620668	0	0.478306672677991	0.0514749813294621
5628-SL-3112	0.12122059098191	0.100546842960426	0	0.000175064663642073	0.168662775403468	0	0.059383848694646	0.0211180597530693	0	0.477092486394548	0.0518003311482901
5628-SL-2293	0.107442696442724	0.0932773823545029	0	0.00635620581833336	0.185844827147805	0	0.0551208083540693	0.0246182354037522	0	0.476643706643544	0.0506961378352688
5628-SL-1544	0.0990060177125802	0.118775732314408	0	0.00640676803101054	0.178822711598699	0	0.0479909591224669	0.0202156228459795	0	0.477486657880763	0.0512955304940925
5628-SL-0919	0.115302954429635	0.0904845900227904	0	0.00303895329730157	0.178855594520492	0	0.058242821414218	0.0246910721832402	0	0.478094424905401	0.051289589226921
5628-SL-0889	0.0841555578112321	0.124051175199312	0	0	0.197878879019322	0	0.0364899256113065	0.0260224565706833	0	0.479759326733181	0.0516426790549635
5628-SL-3543	0.106297543928404	0.115909348877192	0	0.00104879409876102	0.179333513094153	0	0.0467628660261521	0.0189493190463256	0	0.480107697399027	0.051590917529985
5628-SL-0649	0.0765636844863153	0.132767137557946	0	0.00920043836323612	0.197780138073519	0	0.0350217331690644	0.0205060841888368	0	0.477377082125905	0.0507837020351778
5628-SL-1193	0.106517500481397	0.0697963290745899	0	0.0107851670283846	0.195792335929944	0	0.0647169833248546	0.0316323836191126	0	0.470518359927715	0.0502409406140021
5628-SL-1060	0.105615657638359	0.107958203123052	0	0.0049421497256903	0.18009494385216	0	0.0515614655036322	0.0212389921546883	0	0.477346000502382	0.0512425875000365
5628-SL-2972	0.134336800080161	0.0873963538405259	0	0	0.160726351528849	0	0.0665311566434537	0.0214767006958182	0	0.477526622449918	0.0520060147612747
5628-SL-2391	0.104911178413218	0.0720981992985547	0	0.00990758886067166	0.198270502312868	0	0.059731593506252	0.0327415906547819	0	0.472246124229742	0.0500932227239112
5628-SL-0545	0.0997909781587516	0.112463415749897	0	0.00500575773790451	0.185834989948929	0	0.0475170558298178	0.0208372625852257	0	0.477163905796062	0.0513866341934127
5628-SL-2493	0.0337788861232312	0.221163021818365	0	0.0131505526000112	0.209644174824803	0	0	0	0	0.471718476348516	0.0505448882850736
5628-SL-4633	0.128711580786832	0.0843555421891109	0	0	0.169052125650795	0	0.0648933121420587	0.0239800465819939	0	0.477325135185774	0.051682257463435
5628-SL-2817	0.148808889669275	0.0867316955477615	0	0	0.151752209952891	0	0.0691319758958486	0.0174126428893543	0	0.473840504982304	0.0523220810625658
SRR10416541	0.0388643521675727	0.215817760342398	0	0.000360983214450932	0.205962543201748	0	0	0.0056218880499555	0	0.481815057025904	0.0515574159979705
SRR18268836	0.0601843591746474	0.348184596124151	0	0.00934388644007916	0.209775182947105	0	0.0173473435861919	0	0	0.340988344296836	0.0141762874309897
5628-SL-3713	0.0722671960078086	0.13459374061159	0	0.0112159533975707	0.203783429571165	0	0.0325368067753508	0.0197008716846603	0	0.475438959376703	0.0504630425751517
5628-SL-0817	0.108165162835501	0.102582894474971	0	0.00558257377972425	0.17811746303881	0	0.0551329916564462	0.0232759698607918	0	0.476027579462168	0.0511153648915881
5628-SL-0459	0.0897608186129337	0.111485173045468	0	0.0100431226767133	0.198371293496138	0	0.044360619151378	0.020121713565281	0	0.475478110237118	0.0503791492149687
5628-SL-1737	0.106359148209892	0.0633916891277319	0	0.0104594206333991	0.208043834615318	0	0.0617089661385907	0.028796858713788	0	0.471415774273664	0.0498243082876161
5628-SL-2387	0.103028404327214	0.0722125689057019	0	0	0.211178491252837	0	0.0531774858537462	0.0361807822671831	0	0.473613227855797	0.0506090395375212
5628-SL-1015	0.124265539450884	0.0853968559130641	0	0.000707807838805238	0.173831194266477	0	0.0631111688514337	0.0248960830818529	0	0.476307955946895	0.0514833946505879
5628-SL-2476	0.102330192794829	0.0762479782698754	0	0.011244604808773	0.194674938875652	0	0.0587523567461645	0.0306111893460563	0	0.475819188129879	0.0503195510287701
5628-SL-2422	0.101031040444878	0.118066004052882	0	0.0056936642537155	0.180245455875975	0	0.0487370020668375	0.0180463582193827	0	0.476822520956283	0.0513579541300454
5628-SL-1190	0.135851308073029	0.0955714037751082	0	0	0.15267905671511	0	0.0664352019428409	0.0208743445817151	0	0.476402152853146	0.0521865320590511
5628-SL-0310	0.109610193423251	0.0554886659558624	0	0.00979483447705615	0.196600413884675	0	0.0653404500074137	0.0355232984230842	0	0.477469553763675	0.0501725900649819
5628-SL-0987	0.124877126935362	0.0813418460288059	0	0.00152624745516939	0.175090499743083	0	0.0645162441496218	0.0244917719957145	0	0.47673375537748	0.0514225083147633
5628-SL-3614	0.0993756003253103	0.119670053535123	0	0.00591864728501021	0.182994427555995	0	0.0476716809888984	0.0166372823678608	0	0.476431752196111	0.0513005557456917
SRR10416516	0.039245287344804	0.208803177170132	0	0.0148928006669352	0.202988230666028	0	0.00663361339457759	0.00351861564007799	0	0.473367321606636	0.0505509535108083
5628-SL-1556	0.15477561481789	0.0916213192763289	0	0	0.137585292630227	0	0.072460405650928	0.0181706415634694	0	0.472803996067219	0.0525827299939372
5628-SL-2027	0.0886630542628376	0.113073115932696	0	0.0108007761235066	0.192911645533401	0	0.0460001139487504	0.0235021588536544	0	0.474556110150196	0.0504930251949569
5628-SL-1277	0.13027057723189	0.0985288761353107	0	0	0.15587739417907	0	0.0646844620433119	0.0207732997997023	0	0.47762411749102	0.0522412731196952
5628-SL-2020	0.0977725484379998	0.103310532431209	0	0.00936651007299423	0.185712580643586	0	0.0515483960711399	0.0253606921663879	0	0.476163108052723	0.0507656321239613
5628-SL-0166	0.134235066666167	0.0792565946130048	0	0	0.175633511735968	0	0.0646494095027468	0.0216945885279174	0	0.473101864591337	0.0514289643628581
5628-SL-2466	0.0957294597958363	0.0921186026589831	0	0.000886195603146724	0.198120077763375	0	0.0523689342669334	0.0312637196304972	0	0.478586131970097	0.0509268783111309
5628-SL-2186	0.0294475519653303	0.226254550138152	0	0.0144042184156092	0.207949793620024	0	0	0	0	0.471542876879789	0.050401008981096
SRR23099112	0.0321738671713916	0.247100618261498	0	0.0133668973560471	0.194851942917191	0	0	0	0	0.460077279125551	0.0524293951683209
5628-SL-0623	0.104348131188176	0.0737107616029126	0	0.0105013064459653	0.194941871058521	0	0.0598465981667	0.0328497989592183	0	0.47373353274303	0.0500679998354764
5628-SL-3799	0.133444449355558	0.0716691593051291	0	0	0.183885307843918	0	0.0635236650676682	0.0212586665199354	0	0.47492704559327	0.0512917063145222
SRR9844340	0.059758703193589	0.168839943831933	0	0	0.21123483391588	0	0.0124957941721463	0.0224104780321854	0	0.475214082841294	0.0500461640129731
5628-SL-0255	0.131567309875554	0.0842583363093642	0	0	0.166813536771316	0	0.0660942010899639	0.0235070681970618	0	0.476046620640782	0.0517129271159581
5628-SL-2009	0.109011556498602	0.0669359426142353	0	0.00461550375101137	0.19656667673822	0	0.0619833500120199	0.0347391138973228	0	0.475425929826068	0.0507219266625214
SRR23099028	0.0681750575665015	0.155753082760377	0	0.0120157809422569	0.194502835159022	0	0.0284247214723833	0.0145823292452614	0	0.474766340716197	0.0517798521380008
5628-SL-1496	0.0587611138636197	0.161851507878989	0	0.0144327407300059	0.213566730077331	0	0.0240391934309755	0.0125101274535687	0	0.46497414348813	0.0498644430773801
5628-SL-0265	0.128055184665013	0.0847552296655447	0	0.000371587931208846	0.16940727191107	0	0.0655254330333996	0.0241507478070886	0	0.476160396962227	0.0515741480244489
SRR9844370	0.0511065151545418	0.188627832675145	0	0	0.207025691009669	0	0.00732936163661459	0.0140699470482061	0	0.481063407220403	0.05077724525542
5628-SL-2725	0.112497380134944	0.0677687064491427	0	0.00831875335414808	0.197579614236729	0	0.063423591559652	0.0268906478992009	0	0.473249989013622	0.0502713173525612
