miRNA	Sex	Disease_Condition	Age	Residual
hsa-let-7a-2-3p	5.998107769751437e-05	0.021566845766126372	3.3220414099448185e-06	0.9783698511147662
hsa-let-7a-3p	5.288855058369573e-06	0.47100028472259575	0.0010159739001151728	0.5279784525222307
hsa-let-7a-5p	0.0003035965774142481	0.8044132667274371	4.581193332107964e-05	0.19523732476182765
hsa-let-7b-3p	6.437476404092798e-06	0.6732293637289266	0.0018570059043248573	0.3249071928903443
hsa-let-7b-5p	0.0018116847527578411	0.8922661826372245	0.0002124116309692249	0.10570972097904847
hsa-let-7c-3p	2.2166444887547684e-05	0.04673941563118128	0.00016940564881098665	0.9530690122751202
hsa-let-7c-5p	0.0001809809649920008	0.7624887841657274	1.425462580358429e-05	0.23731598024347714
hsa-let-7d-3p	0.00024171478225606794	0.25967417865834297	0.0007030946537811333	0.7393810119056199
hsa-let-7d-5p	0.0004833665243939078	0.714354658117546	3.855844146799214e-05	0.28512341691659204
hsa-let-7e-3p	0.0005909071119572587	0.33372290091351475	0.0003972105734941109	0.6652889814010339
hsa-let-7e-5p	0.0006695074696016095	0.7622301699399391	1.7595186708813043e-05	0.23708272740375053
hsa-let-7f-1-3p	9.921225774610044e-06	0.5479077947148627	3.3269325721135455e-08	0.45208225079003694
hsa-let-7f-2-3p	8.422771090360307e-08	0.6780974832316781	0.0014473927824555774	0.3204550397581555
hsa-let-7f-5p	4.7924144469887954e-05	0.450455914644742	9.073613610836429e-05	0.5494054250746797
hsa-let-7g-3p	1.9539567884863717e-05	0.6232828553460872	0.0014847810275850836	0.37521282405844303
hsa-let-7g-5p	3.964245410130615e-06	0.7196039607858271	1.2388131690770825e-06	0.28039083615559357
hsa-let-7i-3p	0.00010444800596507564	0.49167743916625795	8.646442734832179e-05	0.5081316484004286
hsa-let-7i-5p	3.4484035668537497e-08	0.7600666937342491	7.360932613981855e-06	0.23992591084910123
hsa-miR-1-3p	3.756316694433361e-05	0.5746652374145627	1.2619502818788938e-06	0.42529593746821115
hsa-miR-1-5p	0.00031616180632405133	0.08488054941536333	0.0003230191914038557	0.9144802695869088
hsa-miR-100-3p	0.00011182508608520764	0.1249729469827631	1.5306716353260543e-06	0.8749136972595163
hsa-miR-100-5p	1.036024318772813e-06	0.14337694527807793	0.0007281331331471583	0.8558938855644561
hsa-miR-101-2-5p	9.247643382166552e-05	0.5690451985710714	0.000254338128984634	0.43060798686612234
hsa-miR-101-3p	9.842693717929915e-05	0.5709392497663208	0.002052864104993309	0.4269094591915065
hsa-miR-101-5p	2.2814340087726842e-05	0.6567642458405333	0.0016026703014634142	0.3416102695179155
hsa-miR-10226	7.201198699370358e-05	0.007142399298025909	0.00038281695341461626	0.9924027717615658
hsa-miR-10392-3p	5.230084883741379e-05	0.010984993488705588	1.1567546701122686e-05	0.9889511381157559
hsa-miR-10392-5p	0.001153574738446281	0.09480880326341934	2.876398889224573e-07	0.9040373343582455
hsa-miR-10393-3p	3.0813021839139524e-05	0.19307359900744692	9.385505661146702e-05	0.8068017329141024
hsa-miR-10393-5p	4.458594844559616e-07	0.06140151231760933	0.0011292880304670206	0.9374687537924392
hsa-miR-10394-3p	3.503431890970715e-05	0.03787892265671657	3.44079408025497e-05	0.9620516350835712
hsa-miR-10394-5p	8.466391139123697e-05	0.156411539870579	2.7580173011395407e-06	0.8435010382007286
hsa-miR-10395-3p	1.7867700698784297e-05	0.332053912726646	0.0013795292736775244	0.6665486902989776
hsa-miR-10395-5p	9.3357967404404e-05	0.14594515483795803	0.002420836385402406	0.8515406508092351
hsa-miR-10396a-3p	2.7915813367784823e-05	0.0004789772970364254	0.00024588666217445785	0.9992472202274213
hsa-miR-10396a-5p	5.2350225114115817e-05	0.0023434604888056716	4.134256707475289e-05	0.9975628467190054
hsa-miR-10396b-3p	0.00011008029695470504	0.008452746208934209	4.367068969814127e-06	0.9914328064251412
hsa-miR-10396b-5p	0.00020271781964356785	0.030012554973106856	5.865133254833224e-05	0.9697260758747013
hsa-miR-10397-3p	2.4631720713502433e-05	0.010267445617738137	8.416273471802024e-05	0.9896237599268303
hsa-miR-10397-5p	5.111787180127562e-05	0.23325048099171033	8.04550292992796e-06	0.7666903556335585
hsa-miR-10398-3p	0.0002970823312332654	0.1884628262297095	0.0005104566215340331	0.8107296348175232
hsa-miR-10398-5p	9.096752514318539e-05	0.01020152885252754	2.6664422295012087e-05	0.9896808392000344
hsa-miR-10399-3p	0.001254485805152958	0.5016981451098766	0.003088244917249345	0.49395912416772114
hsa-miR-10399-5p	1.9581074587805e-05	0.7226978756641907	0.00011166270107504573	0.27717088056014644
hsa-miR-103a-1-5p	0.0011159311884146991	0.3176807483349731	0.00023570962732949487	0.6809676108492826
hsa-miR-103a-2-5p	0.0010746081564312262	0.41663572944037747	0.00019478521854914802	0.5820948771846423
hsa-miR-103a-3p	0.009227275154265805	0.39680531059156365	0.0013513092846210556	0.5926161049695495
hsa-miR-103b	4.7210472098450594e-05	0.002485883164647732	0.0003180299606867184	0.9971488764025672
hsa-miR-10400-3p	9.232734025581212e-05	0.0013093599187477478	0.0003041084444352425	0.9982942042965611
hsa-miR-10400-5p	0.0005293792667728558	0.09496024049366314	2.651200409932794e-05	0.9044838682354647
hsa-miR-10401-3p	8.887342546640457e-05	0.090002802060199	0.0011619578956520037	0.9087463666186826
hsa-miR-10401-5p	9.332727698088446e-06	0.008348266028814862	1.8388500648791498e-05	0.9916240127428383
hsa-miR-105-5p	0.00025149148086704454	0.004009918510945267	1.2798651750664292e-05	0.9957257913564371
hsa-miR-10522-5p	2.0335868634555955e-06	0.01870498976639583	4.632860279929837e-05	0.9812466480439413
hsa-miR-10523-5p	0.00011074953854653677	0.010999957679149559	0.000798127064625351	0.9880911657176785
hsa-miR-10524-5p	4.5311471272681795e-05	0.32952794540578617	0.00024934381427333036	0.6701773993086679
hsa-miR-10525-3p	1.1936452124910116e-05	0.010019332705567279	0.00012450166809134638	0.9898442291742163
hsa-miR-10526-3p	1.0926579690211856e-06	0.00040890812587578347	0.00021123847496738778	0.9993787607411878
hsa-miR-10527-5p	0.023275841860023922	0.4282909070120234	0.00034867100773519285	0.5480845801202175
hsa-miR-106a-3p	0.00020659941524647888	0.5380774829856089	0.0020090436672895724	0.4597068739318551
hsa-miR-106a-5p	0.003330377390419196	0.1991100299254176	0.004668731603171116	0.7928908610809919
hsa-miR-106b-3p	0.0020410088123427013	0.7304870229929945	0.0004857748770242758	0.26698619331763845
hsa-miR-106b-5p	0.004458698958666259	0.2904470489719597	0.002363909909866995	0.702730342159507
hsa-miR-107	0.015118786116105629	0.1976636176616813	0.0008720265876256318	0.7863455696345873
hsa-miR-10a-3p	2.773643395852307e-08	0.5406753514295196	3.868342532170341e-06	0.45932075249151405
hsa-miR-10a-5p	9.66098147891548e-05	0.4974763302665189	0.00283353054702428	0.4995935293716676
hsa-miR-10b-3p	9.473371157897313e-05	0.09015493893722251	0.0002879439588038303	0.9094623833923946
hsa-miR-10b-5p	4.5916576462008694e-05	0.47552217682036313	0.0002806730266933224	0.5241512335764815
hsa-miR-11181-3p	1.5572990476076387e-05	0.004773849982594135	0.000376842725472587	0.9948337343014573
hsa-miR-11181-5p	0.0003293271688359373	0.0020435146528859655	0.0005640945879134603	0.9970630635903646
hsa-miR-11399	9.455233074010932e-05	0.0015657709859226586	7.438472757038596e-06	0.9983322382105803
hsa-miR-11400	0.0003067030603017687	0.44796137400338853	0.00013061846398247824	0.5516013044723272
hsa-miR-11401	5.9938096727900444e-05	0.22082203022352817	0.0018864723852509435	0.7772315592944931
hsa-miR-1178-3p	0.00011959391009725908	0.23495404637463269	0.004198284522434528	0.7607280751928355
hsa-miR-1178-5p	0.0003146306473897495	0.0003263287549508012	3.3464036179010224e-05	0.9993255765614804
hsa-miR-1179	6.820241754166428e-05	0.42795118438330615	0.00034986723168968	0.5716307459674624
hsa-miR-1180-3p	9.300638577008609e-05	0.8739794766100102	9.251774700282197e-08	0.12592742448647265
hsa-miR-1180-5p	0.0013673457559070137	0.08160731246088662	0.0002873639696843166	0.916737977813522
hsa-miR-1181	0.0002466313906830973	0.006084163186736974	8.405209150216408e-07	0.9936683649016649
hsa-miR-1182	0.00014736475026537625	0.0005475960483973116	1.8228072178717195e-05	0.9992868111291586
hsa-miR-1183	6.966375514324957e-06	0.0019608998926857347	2.2373487081834367e-05	0.9980097602447181
hsa-miR-1185-1-3p	3.865651776150697e-05	0.41263480981801903	0.0009227923542296972	0.5864037413099897
hsa-miR-1185-2-3p	7.429769466407446e-05	0.37097878090543157	1.7549737576396766e-05	0.6289293716623279
hsa-miR-1185-5p	1.952315995157896e-05	0.30800891658613877	0.0005968537127116415	0.691374706541198
hsa-miR-1193	7.441971309722086e-05	0.011947366262774668	0.00046064455349914644	0.987517569470629
hsa-miR-1197	0.0002634253633271161	0.3560550914221253	0.0001915204562305163	0.6434899627583172
hsa-miR-1199-5p	0.00041392384571250606	0.0010915735973215696	0.0002146469498483513	0.9982798556071176
hsa-miR-1202	0.0006149969898373221	0.0023335242778257117	4.167810492513052e-06	0.9970473109218445
hsa-miR-1203	0.00036002854015948705	0.0003739360116932609	0.00012367156945750782	0.9991423638786897
hsa-miR-1204	2.30544169885675e-09	0.0017863699991455349	6.477784997992288e-05	0.9981488498454328
hsa-miR-1207-3p	0.00010011667496770636	0.002289217775151428	0.00018577182906519786	0.9974248937208157
hsa-miR-1207-5p	0.0003140286515107044	0.0012462451265978396	2.7822964643436983e-06	0.9984369439254271
hsa-miR-1208	8.575666204081098e-05	0.0009592434596236999	3.867328399240992e-05	0.9989163265943432
hsa-miR-12113	8.428057376606531e-05	0.004870834207243924	3.1827033603914334e-05	0.995013058185386
hsa-miR-12114	1.149811722646072e-05	0.08680316354355168	6.460299395275466e-05	0.913120735345269
hsa-miR-12115	3.5269973555684485e-05	0.001846644592610955	3.591676289988742e-05	0.9980821686709335
hsa-miR-12116	2.0706797235758944e-05	0.009980347879275502	2.2711684689312936e-06	0.9899966741550198
hsa-miR-12117	0.00023449863452258468	0.00212342737803934	4.227139821943724e-06	0.9976378468476162
hsa-miR-12118	8.929892107810326e-05	0.0004091567951863525	6.244508013757429e-05	0.9994390992035981
hsa-miR-12119	9.054246345764736e-05	0.000726811183673955	9.774797327612563e-10	0.9991826453753887
hsa-miR-12120	0.00021807751748214584	0.0012614893054373661	4.5546438214747855e-05	0.9984748867388658
hsa-miR-12121	0.00012643477932431532	0.0007050172574004341	8.092767338678823e-05	0.9990876202898885
hsa-miR-12122	3.181698259556602e-05	0.0005704740877781937	1.4621729445017983e-05	0.9993830872001812
hsa-miR-12124	0.0002013056590586122	0.0010021413657585714	7.355595184289385e-05	0.9987229970233399
hsa-miR-12125	2.508068847641054e-05	0.015347655898015306	5.362280294033156e-06	0.9846219011332142
hsa-miR-12126	0.0001365738099787958	0.0007852000974029847	3.414583477518176e-05	0.9990440802578431
hsa-miR-12127	1.6218049496858709e-06	0.0007913960274816411	0.0003778487418834956	0.9988291334256852
hsa-miR-12128	0.00011608665148347315	0.00037879455177349035	0.00032316234907146145	0.9991819564476716
hsa-miR-12129	2.968389172598947e-06	0.0007656544351256565	0.00029667982098881344	0.9989346973547131
hsa-miR-12130	6.99567772408734e-05	0.03157793247587725	1.0396182339060009e-05	0.9683417145645429
hsa-miR-12132	0.0003465456080423677	0.000495154939115385	0.0004591480157209453	0.9986991514371214
hsa-miR-12133	0.00019264525554229826	0.0009967114972792464	0.0001328480119904509	0.9986777952351881
hsa-miR-12135	3.5243266597030294e-06	0.3941242375958317	0.0011837123090583932	0.6046885257684502
hsa-miR-12136	8.01751480422913e-08	0.33399156035133387	0.0017087843928771727	0.664299575080641
hsa-miR-122-3p	0.00016176507551369414	0.06837843455849107	2.9724850873701553e-05	0.9314300755151215
hsa-miR-122-5p	0.0010047308530213622	0.30702879237045105	0.0008855981934166244	0.691080878583111
hsa-miR-1224-3p	0.010609176990046815	0.045964953446542604	0.0025641656780039054	0.9408617038854066
hsa-miR-1224-5p	0.002791473454161585	0.4111603408824306	0.0008751277029277854	0.5851730579604801
hsa-miR-1225-3p	3.86698648452597e-06	0.008170569821271786	0.00016172526600916095	0.9916638379262346
hsa-miR-1225-5p	2.4894568816144427e-05	0.0013187104476619816	0.0005289784210581988	0.9981274165624637
hsa-miR-1226-3p	0.024112436922011576	0.13929128088411988	0.00199248680066572	0.834603795393203
hsa-miR-1226-5p	2.8499522397928846e-05	0.010635455365144927	0.00019319921734441047	0.9891428458951127
hsa-miR-1227-3p	0.0002190952984447632	0.12110514900520353	0.0034371526192416234	0.8752386030771101
hsa-miR-1227-5p	6.936002900292143e-05	0.00014069107869374802	0.0002623379461569831	0.9995276109461464
hsa-miR-1228-3p	0.0009489692104851573	0.2742533923200875	0.0029925133329497975	0.7218051251364777
hsa-miR-1228-5p	1.0636019082642721e-05	0.016076013937987913	0.00034640883866860384	0.9835669412042608
hsa-miR-1229-3p	0.0018566772766880348	0.12083968261889307	0.003178787621490004	0.8741248524829289
hsa-miR-1229-5p	0.0021672261281496506	0.016669582014907237	3.5351564533326395e-06	0.9811596567004897
hsa-miR-122b-3p	0.00040852385413169977	0.0006575806776745251	0.00029547469083806926	0.9986384207773557
hsa-miR-122b-5p	3.497844428608043e-05	0.07270538097698925	1.548193565433175e-05	0.9272441586430703
hsa-miR-1231	0.00037715201716062997	0.003522925244170445	0.00040715942644765115	0.9956927633122213
hsa-miR-1233-3p	0.0004323148190854613	0.19359763601120256	0.0016468957898142693	0.8043231533798977
hsa-miR-1233-5p	0.00014966928492334342	0.010515214702246516	3.1084692672276995e-05	0.9893040313201579
hsa-miR-1234-3p	0.0027086443592188587	0.05441297331100109	0.001088705322319605	0.9417896770074605
hsa-miR-1236-3p	0.002195214031985231	0.038097657728177	0.0008315712065493662	0.9588755570332884
hsa-miR-1236-5p	0.0007490818175658018	0.006397086543627741	8.406193373211998e-05	0.9927697697050742
hsa-miR-1237-3p	0.0011628288713220218	0.18946151787259885	0.00034938658910538885	0.8090262666669737
hsa-miR-1237-5p	0.0007186412737794508	0.02025145887154452	0.0003203431259093567	0.9787095567287667
hsa-miR-1238-3p	0.0008877429855054718	0.4974597718645219	0.00010180333841275263	0.5015506818115599
hsa-miR-1238-5p	1.513593729793047e-08	0.001064186998170918	1.5052372746176366e-06	0.9989342926286171
hsa-miR-124-3p	1.3216473642755464e-05	0.12580475913561706	0.00021239014145298113	0.8739696342492872
hsa-miR-124-5p	2.5971541991816146e-05	0.03950903076063511	8.339443745745628e-05	0.9603816032599156
hsa-miR-1244	2.1426322069986828e-05	0.06071616537286504	0.000853187676432292	0.9384092206286327
hsa-miR-1245a	9.003210592504462e-05	0.026860551043356676	4.78607270425947e-06	0.973044630778014
hsa-miR-1246	6.810949607435032e-05	0.2642621643778604	0.001723465971080239	0.7339462601549851
hsa-miR-1247-3p	4.640228195256836e-07	0.01806724563643588	8.247760707524426e-05	0.9818498127336694
hsa-miR-1247-5p	0.00025118993624115597	0.027814406729414435	2.796619948539247e-07	0.9719341236723495
hsa-miR-1248	4.151449588564392e-05	0.3573178256634424	0.0025757734263149395	0.6400648864143571
hsa-miR-1249-3p	1.930172179650082e-05	0.13370849594828466	0.008829055221581216	0.8574431471083376
hsa-miR-1249-5p	0.0001602082841206516	0.34029715133691746	0.00019796505970317297	0.6593446753192588
hsa-miR-1250-5p	0.00017191692486473204	0.6444134900239239	0.0003370551815219201	0.35507753786968943
hsa-miR-1251-3p	5.9064012173060115e-05	0.0016751210111049704	0.0001500179228426627	0.9981157970538793
hsa-miR-1251-5p	8.307158200197006e-05	0.0011586115129643849	0.0001743044847744221	0.9985840124202592
hsa-miR-1252-3p	5.776429909909404e-06	0.09830212480760742	0.0010964994149990184	0.9005955993474837
hsa-miR-1252-5p	0.0001395008643625484	0.2733361872405116	0.00020906735187127678	0.7263152445432545
hsa-miR-1253	0.0001889807700449778	0.004247725614362929	1.7124003775799837e-05	0.9955461696118163
hsa-miR-1255a	0.002492391959114223	0.17430435427182572	0.00028809261477320814	0.8229151611542869
hsa-miR-1255b-2-3p	2.205047032127058e-06	0.11624289215817929	0.0003509506829379847	0.8834039521118506
hsa-miR-1255b-5p	4.472921857984611e-05	0.6687998826865617	0.00028307203314458044	0.3308723160617139
hsa-miR-1256	0.00033434803054578773	0.18709980476447294	0.00012504741624549918	0.8124407997887357
hsa-miR-1257	3.2685829812777243e-09	0.14241526477104344	2.984685576384938e-07	0.8575844334918159
hsa-miR-1258	0.00015006004007423593	0.003056047608665786	0.0003807366236432243	0.9964131557276168
hsa-miR-125a-3p	0.0012333055695262372	0.181758803129022	1.3425216143919345e-05	0.8169944660853077
hsa-miR-125a-5p	0.0002943417333039333	0.07328374227915259	0.00029257800661537827	0.926129337980928
hsa-miR-125b-1-3p	0.00059375822878172	0.08575546055715949	0.0019366239928594652	0.9117141572211993
hsa-miR-125b-2-3p	0.00010096391837314145	0.38300065375872977	0.0003786423564639289	0.6165197399664332
hsa-miR-125b-5p	3.858423585921138e-05	0.17569908765485895	0.004273596744947831	0.819988731364334
hsa-miR-126-3p	1.3619453175873385e-05	0.5955424495847789	1.569043253531684e-05	0.40442824052951
hsa-miR-126-5p	1.3899207504642255e-05	0.5796771173032571	0.0004021763757451419	0.41990680711349304
hsa-miR-1260a	0.01651966296559277	0.4047358291288346	2.0421334934208467e-05	0.5787240865706385
hsa-miR-1260b	0.016021339768751138	0.3975962166817788	2.1513696559548535e-05	0.5863609298529103
hsa-miR-1261	0.0026729292252954673	0.178427439823067	3.741821655161812e-06	0.8188958891299825
hsa-miR-1262	0.0005191061695363832	0.01828493514096178	0.0002761563136625047	0.9809198023758393
hsa-miR-1263	4.133574666146932e-07	0.002177883813409147	0.000409095286091855	0.9974126075430324
hsa-miR-1264	7.310232064145484e-06	0.13509299901480257	9.804521474453575e-05	0.8648016455383887
hsa-miR-1265	2.8001124661163317e-06	0.00267681314953488	4.402907458882785e-05	0.9972763576634103
hsa-miR-1266-3p	1.97116395725007e-05	0.002308983415911161	0.00014855397937074878	0.9975227509651455
hsa-miR-1266-5p	1.288870803964037e-06	0.014600341697878579	0.00012411220825600793	0.9852742572230615
hsa-miR-1267	0.00011827177493799814	0.02247358335346717	0.0005787635979732026	0.9768293812736216
hsa-miR-1268a	0.0005014256929766095	0.31797577798905347	0.00017352124112666534	0.6813492750768432
hsa-miR-1268b	0.00034657999167297173	0.4270025727999162	0.0006519511374499005	0.571998896070961
hsa-miR-1269a	0.003409036537342862	0.0073823076419813755	0.0009211410915170144	0.9882875147291588
hsa-miR-1269b	2.5968534409756944e-06	0.005373315195140853	3.3404806851307826e-05	0.9945906831445669
hsa-miR-127-3p	5.6361540255776095e-05	0.4460936216876318	0.0008010854357303639	0.553048931336382
hsa-miR-127-5p	0.0003075590070026527	0.48662920293695683	0.00013520085792525943	0.5129280371981152
hsa-miR-1270	0.0011839062716025518	0.6113570802837541	1.6792056077146905e-05	0.38744222138856615
hsa-miR-1271-3p	9.297919801252638e-05	0.4925277896897583	0.0009377433274821637	0.506441487784747
hsa-miR-1271-5p	0.0027882201848779013	0.5068464586865974	0.00022767675075818542	0.4901376443777666
hsa-miR-1272	3.442925718141317e-05	0.004184275862635579	7.5503935383118816e-06	0.9957737444866447
hsa-miR-1273c	0.00021665417306843186	0.19667845191723368	0.0005684402782163602	0.8025364536314816
hsa-miR-1273h-3p	0.0002580577504743203	0.4742529644539887	0.00043577893025982983	0.5250531988652771
hsa-miR-1273h-5p	0.0018672922362782966	0.39688833553280584	0.0006609583165270699	0.6005834139143889
hsa-miR-1275	6.166680312894878e-05	0.44960813213406176	0.0027257225864755217	0.5476044784763338
hsa-miR-1276	3.082999885934358e-05	0.02314150856038453	0.00024410963913328016	0.9765835518016228
hsa-miR-1277-3p	5.502764254855891e-06	0.604410846289256	0.0015596281457709216	0.39402402280071824
hsa-miR-1277-5p	3.506761818079393e-05	0.646147864895558	0.0014127995632632689	0.352404267922998
hsa-miR-1278	3.999789905112958e-08	0.33661233245412264	2.8823195477353158e-05	0.6633588043525009
hsa-miR-128-1-5p	0.0019276158151204663	0.1505635573988128	0.0002122168355384071	0.8472966099505282
hsa-miR-128-2-5p	7.208414293496799e-05	0.004517957173719782	0.0004381537056541545	0.994971804977691
hsa-miR-128-3p	0.0005442908363506281	0.5897611767632678	0.0021230091755108332	0.4075715232248707
hsa-miR-1281	3.475660444604162e-06	0.01213562374450303	0.0002200668341050448	0.9876408337609474
hsa-miR-1282	0.0003751487082406513	0.00027644772006755753	3.416482055416018e-05	0.9993142387511377
hsa-miR-1283	2.6529303195204044e-06	0.0028813188327781814	2.6965041454623954e-05	0.9970890631954477
hsa-miR-1284	0.0003018292874097738	0.3947592810941922	0.00023129174347787012	0.6047075978749201
hsa-miR-1285-3p	0.00035754590724306005	0.41127269583002923	0.00011107964968255658	0.5882586786130451
hsa-miR-1285-5p	0.00275431906646915	0.4498439704531505	0.0016870757508788087	0.5457146347295015
hsa-miR-1286	6.40601839720041e-07	0.02063207978280993	2.3599747957233687e-06	0.9793649196405546
hsa-miR-1287-3p	9.906013266243787e-07	0.2966086407365121	0.0008346550060478008	0.7025557136561135
hsa-miR-1287-5p	0.002997185605618867	0.1330077542110892	0.0009841746719904763	0.8630108855113015
hsa-miR-1288-3p	0.0010363012057744351	0.22940563183443172	0.0005587901305442633	0.7689992768292496
hsa-miR-1288-5p	0.00046226505376507866	0.0036257420937469012	1.8703576817361345e-05	0.9958932892756706
hsa-miR-1289	3.47216888929974e-05	0.27338540349249424	3.647892072622532e-06	0.7265762269265401
hsa-miR-129-1-3p	0.002313267810788682	0.11497331528743167	5.5098870723078914e-08	0.882713361802909
hsa-miR-129-2-3p	0.0007993997416351859	0.07138143319353343	0.001403884255248978	0.9264152828095824
hsa-miR-129-5p	0.0007793343211575415	0.4199382446074967	8.883067834443054e-08	0.5792823322406674
hsa-miR-1290	0.00014608345770879413	0.238224286488056	0.001983154229025557	0.7596464758252097
hsa-miR-1291	4.7067507364167875e-07	0.337208456303623	0.0003379944997191371	0.6624530785215842
hsa-miR-1292-3p	0.0014040527561201147	0.02704570179191101	0.0011460275594752716	0.9704042178924936
hsa-miR-1292-5p	0.002156331050703985	0.6895680555199055	3.7130838784803054e-05	0.3082384825906057
hsa-miR-1293	3.7002945011912387e-06	0.01085248796220102	0.0004974620312816802	0.9886463497120161
hsa-miR-1294	0.00018947009913687909	0.7520737507316714	5.838287959262173e-05	0.24767839628959915
hsa-miR-1295a	0.0002761374063619721	0.006367993727494958	0.00029103059330591087	0.9930648382728371
hsa-miR-1295b-3p	0.0006986439546009537	0.000750938683421863	1.234928728876618e-05	0.9985380680746884
hsa-miR-1295b-5p	9.736945602435968e-06	0.0008082418920162624	0.000136467729887752	0.9990455534324935
hsa-miR-1296-3p	0.0012102609396364534	0.023397947851223958	0.00033405750224316455	0.9750577337068964
hsa-miR-1296-5p	0.000132164424550461	0.2563257134743659	1.9311195641311652e-05	0.7435228109054424
hsa-miR-1297	0.00016084719546319908	0.06771570593070805	0.001739187242829784	0.930384259630999
hsa-miR-1298-3p	1.890836676322135e-08	0.050135452063471274	0.0002933368584518392	0.9495711921697102
hsa-miR-1298-5p	0.0004030327950051818	0.41883718993248636	1.2793216117990424e-05	0.5807469840563906
hsa-miR-1299	9.638765738308317e-06	0.05848861277105405	0.0026155795408049813	0.9388861689224026
hsa-miR-1301-3p	0.0001303048410796813	0.6663506261858162	0.00028727535812064406	0.3332317936149836
hsa-miR-1301-5p	0.00027727344351404534	0.0006986980214469103	2.8749394358620126e-05	0.9989952791406804
hsa-miR-1302	0.0001121635718762771	0.015717899244103363	3.9654841013006114e-05	0.9841302823430075
hsa-miR-1303	0.023701364340285414	0.16531651022985783	9.139065964082095e-06	0.8109729863638927
hsa-miR-1304-3p	6.123931271243399e-05	0.4166566088783551	2.8172732770547373e-05	0.5832539790761619
hsa-miR-1304-5p	9.543480288467257e-05	0.4239203684145874	0.0006666535593740005	0.575317543223154
hsa-miR-1305	0.0001965817469157924	0.012821008476739794	8.658645366676445e-06	0.9869737511309776
hsa-miR-1306-3p	0.0006869962598093156	0.6211444627659087	0.0005398586641011563	0.3776286823101809
hsa-miR-1306-5p	0.00024102606964856822	0.24844592569088178	0.0044956562780159555	0.7468173919614538
hsa-miR-1307-3p	0.0018491365172616746	0.7026812090315363	0.0007067839081186793	0.29476287054308337
hsa-miR-1307-5p	9.402969593506191e-07	0.5897523749127785	0.0015898663479590267	0.40865681844230306
hsa-miR-130a-3p	2.4073341471904987e-05	0.34943623388472844	5.0262344266039634e-05	0.6504894304295334
hsa-miR-130a-5p	0.00015022275214178273	0.4668818965702548	1.1561928223645487e-05	0.5329563187493799
hsa-miR-130b-3p	0.003202491644492412	0.4371398151295083	1.3609127875036789e-05	0.5596440840981242
hsa-miR-130b-5p	0.0008794493442822181	0.46369169561776785	0.00011391362067376608	0.5353149414172761
hsa-miR-132-3p	0.0023941017153924207	0.49019879063526106	0.00023577894659081413	0.5071713287027558
hsa-miR-132-5p	0.00016040885713645484	0.45940974573381077	3.005084956392375e-07	0.5404295449005571
hsa-miR-1321	3.802781873972012e-05	0.03901816559612609	6.052834607754367e-06	0.9609377537505265
hsa-miR-1322	0.00011790494413373017	0.046693275535789246	0.00017983424625831113	0.9530089852738187
hsa-miR-1323	0.00043526377831585846	0.007590303178212762	0.0002657638324217779	0.9917086692110495
hsa-miR-133a-3p	0.012732263848941494	0.2946037654096304	4.664876133083949e-05	0.6926173219800973
hsa-miR-133a-5p	4.986199685485568e-05	0.26544626314991704	0.0009301663149664568	0.7335737085382616
hsa-miR-133b	0.00019689635245303218	0.2322138417621443	0.00012397661263408605	0.7674652852727685
hsa-miR-134-3p	6.962636660372867e-05	0.12657499623671706	0.0001798752893763612	0.8731755021073029
hsa-miR-134-5p	8.049009850890395e-05	0.427399612517948	0.0003936340140603085	0.5721262633694828
hsa-miR-1343-3p	0.00021852894649216652	0.4587881567260679	0.00044717160150586774	0.540546142725934
hsa-miR-1343-5p	0.00032561195503980306	0.007498462429735215	1.4141357346120678e-05	0.9921617842578789
hsa-miR-135a-2-3p	0.00020071406276085806	0.01689259479415052	2.629214709366697e-06	0.9829040619283792
hsa-miR-135a-3p	0.0002776293734082861	0.048353512076913706	5.008877095414665e-06	0.9513638496725826
hsa-miR-135a-5p	0.00017618746230060102	0.4624168777505594	0.0013385554629981836	0.5360683793241416
hsa-miR-135b-3p	5.801275830590363e-06	0.016587792620537174	0.00024365253549474007	0.9831627535681374
hsa-miR-135b-5p	0.0002103229269190631	0.5885491801652748	0.0006954642489792784	0.41054503265882697
hsa-miR-136-3p	0.0001406883116167436	0.4380758612704424	0.00029277002224929423	0.5614906803956915
hsa-miR-136-5p	7.850740423418193e-05	0.3744606972606058	0.0009277150349381642	0.6245330803002218
hsa-miR-137-3p	2.7823477788685997e-05	0.18337670654465923	6.605164232278573e-05	0.8165294183352293
hsa-miR-137-5p	0.00019304520609547866	0.015218471425297229	0.0007410088774309591	0.9838474744911764
hsa-miR-138-1-3p	3.040657557392866e-05	0.0919321749509388	0.00013450383166020482	0.907902914641827
hsa-miR-138-2-3p	0.0006182154288403872	0.006680909564981432	0.0001430102346373707	0.9925578647715408
hsa-miR-138-5p	1.1438000610305538e-06	0.6976772936294375	0.000990815968868258	0.3013307466016333
hsa-miR-139-3p	2.9364003734288935e-05	0.6302787405948542	1.5793607430572065e-05	0.36967610179398086
hsa-miR-139-5p	0.00022323627864662352	0.6068503808794571	7.552371567742244e-05	0.3928508591262189
hsa-miR-140-3p	1.8430043491237858e-05	0.4921307798081839	0.00048150329267539416	0.5073692868556494
hsa-miR-140-5p	1.8277109757499972e-05	0.6602782598967409	0.0010882592441168344	0.3386152037493847
hsa-miR-141-3p	9.012684759746906e-09	0.6097253505682274	0.0016163012063015573	0.38865833921278636
hsa-miR-141-5p	6.352170332410989e-06	0.6823022226197156	8.48357339342143e-06	0.3176829416365584
hsa-miR-142-3p	3.5101031225053574e-06	0.6305183784501273	0.0013844657733901923	0.36809364567336
hsa-miR-142-5p	6.608772016625406e-05	0.5720442955100209	0.0011019736742186113	0.42678764309559425
hsa-miR-143-3p	2.0718143098066166e-05	0.6319326934147276	1.965122986116249e-05	0.36802693721231317
hsa-miR-143-5p	0.0002453882603837123	0.5789653897859779	2.291475994082697e-07	0.42078899280603904
hsa-miR-144-3p	2.3142112012069857e-06	0.4224178780190663	0.0022729200169173376	0.5753068877528151
hsa-miR-144-5p	0.0023201182241232273	0.1153046737203164	0.00016416527799443332	0.8822110427775659
hsa-miR-145-3p	0.0007101496781212293	0.5651098201741057	2.5281631118597677e-05	0.4341547485166544
hsa-miR-145-5p	0.0031695899856214356	0.4656748401915279	0.000406446207722935	0.5307491236151277
hsa-miR-1468-3p	7.077687569197911e-05	0.056878522164984076	0.0003179519459096209	0.9427327490134143
hsa-miR-1468-5p	0.0009776041385555466	0.5650553941947727	6.978480787524867e-05	0.4338972168587965
hsa-miR-1469	8.390390350002815e-07	0.006398465724198616	2.1253257681525977e-05	0.993579441979085
hsa-miR-146a-3p	0.000325081668807873	0.7024055031388895	1.7184422618148154e-06	0.2972676967500409
hsa-miR-146a-5p	1.2876412167431292e-05	0.8268926693287301	1.6895406780365587e-05	0.17307755885232204
hsa-miR-146b-3p	4.286023936511329e-06	0.7336990413339127	3.7821928922043164e-05	0.2662588507132288
hsa-miR-146b-5p	1.1798373078949983e-06	0.7704175530541201	7.921968565405724e-05	0.2295020474229181
hsa-miR-1470	0.0006394063907022548	0.00351996040768536	1.2737151283725339e-05	0.9958278960503287
hsa-miR-1471	0.00015350064961610772	0.0009405805061927462	1.3105284580973432e-07	0.9989057877913453
hsa-miR-147a	3.7424058152193984e-05	0.459226688732776	0.0006090473536781831	0.5401268398553937
hsa-miR-147b-3p	4.491068461223805e-05	0.5456494890070671	0.00023958509414553856	0.4540660152141751
hsa-miR-147b-5p	0.0004335413911640727	0.07127909275811067	0.000801754661530882	0.9274856111891944
hsa-miR-148a-3p	0.00028822308228254357	0.5633877889759636	0.0006225524283363913	0.4357014355134173
hsa-miR-148a-5p	9.144302808901916e-05	0.6474592083726118	1.8879468539705583e-06	0.3524474606524451
hsa-miR-148b-3p	0.000207842907426923	0.6828029569092748	1.194453825302983e-06	0.316988005729473
hsa-miR-148b-5p	0.0002713145682192663	0.5389569022488784	0.0009671165392203274	0.45980466664368197
hsa-miR-149-3p	8.378772494549586e-05	0.0021958603137973817	7.730336790624549e-06	0.9977126216244665
hsa-miR-149-5p	0.006770958143494965	0.08353751078498543	0.00034223965779467104	0.9093492914137249
hsa-miR-150-3p	1.7270429592173453e-06	0.5544498590464397	0.002158841010660764	0.44338957289994035
hsa-miR-150-5p	0.0027804108547017795	0.5531822642355497	0.0011775876611662503	0.44285973724858213
hsa-miR-151a-3p	0.00015045851646655107	0.4488873767703753	0.0014630909009706694	0.5494990738121875
hsa-miR-151a-5p	0.00026872047431548236	0.23599862518738138	0.0005480636621469344	0.7631845906761562
hsa-miR-151b	0.0006911431293592383	0.1906555039322468	0.0008126268549982484	0.8078407260833957
hsa-miR-152-3p	0.00011485856688751453	0.6899942375046152	3.856350597872622e-06	0.3098870475778994
hsa-miR-152-5p	0.00013595678961200654	0.34249555507351503	3.7582070519421656e-05	0.6573309060663535
hsa-miR-153-3p	1.649161206395756e-05	0.5271262161792428	0.00208694939295701	0.4707703428157361
hsa-miR-153-5p	7.458076360035585e-05	0.29150217194493266	0.0028303398772179193	0.7055929074142491
hsa-miR-1537-3p	2.6351465650869198e-05	0.6907098201193046	0.0010797575134057957	0.30818407090163863
hsa-miR-1537-5p	2.496722481638243e-05	0.730773218951098	0.0008558203212972847	0.26834599350278826
hsa-miR-1538	0.013394125236312726	0.39403772902863743	0.005655699893460864	0.586912445841589
hsa-miR-1539	4.772850354313308e-05	0.09024192703102202	0.0002818422124814857	0.9094285022529534
hsa-miR-154-3p	2.8262927459864156e-05	0.4095993743034437	1.0841347039994542e-05	0.5903615214220566
hsa-miR-154-5p	0.0005502480759367889	0.2774707791919004	0.0005281685005965606	0.7214508042315662
hsa-miR-155-3p	1.9162867549245198e-05	0.666327411015103	0.0007671363599806682	0.3328862897573671
hsa-miR-155-5p	0.00010508398627011938	0.7168064032209648	7.072156712156647e-07	0.28308780557709384
hsa-miR-1587	9.582806297948559e-05	0.0058867915294727275	0.0013188834221688733	0.9926984969853789
hsa-miR-15a-3p	5.158566355902454e-05	0.7410518107762877	0.0009756394988593243	0.25792096406129406
hsa-miR-15a-5p	0.00027995426751564875	0.42668355088674026	0.0002561565241806677	0.5727803383215634
hsa-miR-15b-3p	3.077391181531542e-06	0.5105387097299005	0.00010592677898349732	0.48935228609993436
hsa-miR-15b-5p	0.00022198629033261884	0.2540324729547587	0.0003884538973799578	0.7453570868575287
hsa-miR-16-1-3p	0.00010530631107443434	0.6357481610910095	0.001354102606781206	0.36279242999113476
hsa-miR-16-2-3p	0.004710281889046076	0.35466318506078204	8.704273663685369e-05	0.6405394903135351
hsa-miR-16-5p	0.00020691279935442606	0.09722853991423275	2.3632892043543e-05	0.9025409143943693
hsa-miR-17-3p	3.7807300736777236e-05	0.5334734987898744	0.0013035349427350316	0.46518515896665374
hsa-miR-17-5p	0.001328620949035806	0.4321336388716751	0.002405683117523671	0.5641320570617654
hsa-miR-181a-2-3p	9.468019912977756e-05	0.4256635747327435	9.019881675239837e-06	0.5742327251864514
hsa-miR-181a-3p	2.4211540600983244e-06	0.637201612660558	0.0003745823749303751	0.36242138381045147
hsa-miR-181a-5p	0.00011137952760869506	0.4907250583190224	0.001312301147275736	0.5078512610060932
hsa-miR-181b-2-3p	0.00010300410217699694	0.40787763531326704	0.0008512692716946279	0.5911680913128613
hsa-miR-181b-3p	8.055227750036444e-05	0.618605637330751	0.0007906052641803525	0.3805232051275682
hsa-miR-181b-5p	6.043587642336553e-05	0.543869051283883	0.0014828161514754802	0.45458769668821813
hsa-miR-181c-3p	2.3245531832061865e-05	0.6750090027807688	0.000227924373717666	0.32473982731368156
hsa-miR-181c-5p	1.6412954339127211e-06	0.6178696109098732	0.0013604307558966232	0.3807683170387961
hsa-miR-181d-3p	5.573264538109606e-07	0.07000856717215427	6.927644124125867e-06	0.9299839478572679
hsa-miR-181d-5p	1.4337449420418719e-08	0.7353448081241163	0.0005744781944868132	0.2640806993439475
hsa-miR-182-3p	9.922783510025673e-05	0.13900030669821348	1.0285186607583775e-06	0.8608994369480255
hsa-miR-182-5p	0.0008481388834356568	0.2424225701328481	0.0003205121557209443	0.7564087788279952
hsa-miR-1825	8.943178266365267e-05	0.0024035727967425206	2.3859675720271817e-05	0.9974831357448736
hsa-miR-1827	0.00012803493479181168	0.24749253273756933	8.087697585057916e-06	0.7523713446300538
hsa-miR-183-3p	0.0019989352250858725	0.3548181978986205	0.00031763844384641646	0.6428652284324472
hsa-miR-183-5p	0.0003187914060256387	0.45042578678364936	0.0012268334005726292	0.5480285884097523
hsa-miR-184	1.6188482089631736e-05	0.285273188130041	1.630854442197078e-06	0.7147089925334271
hsa-miR-1843	0.0009683919211751388	0.6275268993765591	0.0008132245557745788	0.3706914841464912
hsa-miR-185-3p	2.862778591067867e-06	0.7922738426613476	1.276278178455864e-07	0.20772316693224363
hsa-miR-185-5p	0.002582214142612538	0.5172725861900825	0.00015878551355027258	0.4799864141537545
hsa-miR-186-3p	1.9585344089323067e-05	0.6234323815838432	0.00140469025535946	0.3751433428167081
hsa-miR-186-5p	1.9409310739685248e-05	0.6902663651953691	0.0003045701244541808	0.30940965536943704
hsa-miR-187-3p	1.3497811579874148e-05	0.27206238041586595	0.00036664505753270833	0.7275574767150215
hsa-miR-187-5p	0.0006046307172837412	0.0050041905329283225	3.052514084467041e-05	0.9943606536089433
hsa-miR-188-3p	0.00012239098897717665	0.6310459992014252	0.000964615060773447	0.3678669947488241
hsa-miR-188-5p	0.0001764904284348284	0.6953507521039268	0.0006855924202083885	0.3037871650474301
hsa-miR-18a-3p	0.0005330218507339872	0.19893892816654604	0.0004707295307708208	0.8000573204519492
hsa-miR-18a-5p	0.001835238946422776	0.5012832849603241	0.0030723774049594417	0.49380909868829365
hsa-miR-18b-3p	0.0019004276458766806	0.5470736930574157	0.003278755781441955	0.44774712351526574
hsa-miR-18b-5p	0.002232771241952467	0.2905507066962401	0.002263735877456035	0.7049527861843514
hsa-miR-1908-3p	0.00013341431756241294	0.0503367012763103	0.002673200728339106	0.9468566836777881
hsa-miR-1908-5p	0.002914742447057205	0.256709092462772	0.0022443355315629548	0.7381318295586078
hsa-miR-1909-3p	0.00026199692409102133	0.009287729335957647	0.00045009282655849935	0.9900001809133928
hsa-miR-1909-5p	9.384177977489712e-06	0.06195985554409714	8.269958292419977e-05	0.9379480606950011
hsa-miR-190a-3p	2.333597330289856e-05	0.20810935212520715	3.514054581095029e-06	0.791863797846909
hsa-miR-190a-5p	0.0001074017291012749	0.5808836224313437	0.0017982903144357488	0.41721068552511936
hsa-miR-190b-3p	0.00014338453891986206	0.6323578729757586	0.0001437161871068222	0.36735502629821476
hsa-miR-190b-5p	0.0005641374292985652	0.6749137960463475	0.00030147954595862207	0.32422058697839534
hsa-miR-191-3p	0.0017640170611422502	0.3536894723381783	6.246268088047861e-05	0.6444840479197989
hsa-miR-191-5p	0.00027303750867794716	0.6379375910613043	0.0006763955070165969	0.3611129759230011
hsa-miR-1910-3p	3.4285336656871144e-05	0.010521471441600344	5.857901920516157e-09	0.9894442373638409
hsa-miR-1910-5p	5.9883151167415644e-05	0.01864450080593271	4.3327044350969105e-05	0.9812522889985489
hsa-miR-1911-3p	8.710801261920486e-05	0.0008985502937897004	3.1717395017383075e-06	0.9990111699540893
hsa-miR-1911-5p	0.0026842380866392225	0.007407303076062502	0.0009087359255879171	0.9889997229117105
hsa-miR-1912-3p	0.010625228435388875	0.06727077928712526	0.00020301649770080807	0.9219009757797851
hsa-miR-1912-5p	0.00037286992585832784	0.06082576869973885	1.1635433520415452e-06	0.9388001978310507
hsa-miR-1913	0.0001178422453178339	0.004809033189023248	8.868234711662763e-05	0.9949844422185423
hsa-miR-1914-3p	5.0599882352135124e-05	0.0018425810959447537	0.000400374247717263	0.9977064447739858
hsa-miR-1914-5p	4.414711518704523e-05	0.009782783806244063	0.0007136767736574982	0.9894593923049114
hsa-miR-1915-3p	1.9451551797845013e-06	0.007509011493103609	0.00019243371957477828	0.9922966096321418
hsa-miR-1915-5p	0.0002780050758195125	0.0008477314063824255	2.3510959912375752e-05	0.9988507525578857
hsa-miR-192-3p	0.0006750392357115132	0.2711712305910178	0.0005044825409201619	0.7276492476323504
hsa-miR-192-5p	0.00020545734173894428	0.42770308280549674	5.5077197197050066e-05	0.5720363826555673
hsa-miR-193a-3p	0.0002007159071303775	0.48872505127965066	0.0001641955116138244	0.5109100373016051
hsa-miR-193a-5p	0.014593836555058613	0.42186682177595075	0.00021734539420270135	0.5633219962747881
hsa-miR-193b-3p	0.0021777388256474517	0.5044906655917717	0.0018260817991914784	0.4915055137833894
hsa-miR-193b-5p	0.0011245311715039575	0.11505966058285816	0.0016356038516095422	0.8821802043940282
hsa-miR-194-3p	0.000755626914873861	0.24597315941385028	9.709454448616422e-05	0.7531741191267897
hsa-miR-194-5p	3.185220501559187e-05	0.5968679447385895	0.002385295631268437	0.40071490742512633
hsa-miR-195-3p	0.0003682633622561112	0.27554252625828546	3.674015996119474e-05	0.7240524702194971
hsa-miR-195-5p	7.243253175418661e-05	0.5895914680459293	0.0008784082929917102	0.40945769112932473
hsa-miR-196a-1-3p	0.0044641723315855435	0.06568367466698617	0.00014887370885764434	0.9297032792925707
hsa-miR-196a-3p	0.0001231281187875822	0.0807611860352456	4.562650550666836e-05	0.91907005934046
hsa-miR-196a-5p	1.4852429378648052e-05	0.20891306773734436	0.004608650960091118	0.7864634288731859
hsa-miR-196b-3p	0.0003181097818439599	0.05492637159140495	0.0013413500218419404	0.9434141686049091
hsa-miR-196b-5p	6.902947364072609e-05	0.4998042648947735	0.0024813939296817757	0.49764531170190407
hsa-miR-197-3p	0.00345951179497521	0.26459751181053764	0.003711824130642081	0.728231152263845
hsa-miR-197-5p	0.0009515775221088508	0.48439405141550135	4.5681059826990006e-05	0.5146086900025629
hsa-miR-1972	0.0001789063906192469	0.006700382229572859	2.882111992857616e-05	0.9930918902598793
hsa-miR-1973	8.572469720735841e-05	0.31536909790813217	0.0005302725655183181	0.6840149048291422
hsa-miR-1976	0.0007858845779878135	0.2571207029847071	0.005222376846082872	0.7368710355912224
hsa-miR-198	9.45255872668329e-05	0.00028811865635847654	4.746549880242107e-05	0.9995698902575723
hsa-miR-199a-3p	7.269302648705655e-07	0.657976474293051	2.337976311457527e-05	0.34199941901356956
hsa-miR-199a-5p	0.00010342835295865755	0.6469239257382856	0.00038184769022460966	0.352590798218531
hsa-miR-199b-3p	7.362245559152907e-07	0.65782337961043	2.3375099191112252e-05	0.3421525090658229
hsa-miR-199b-5p	9.498371874471173e-05	0.7140033745199432	0.0003239409076016891	0.2855777008537104
hsa-miR-19a-3p	8.875167149556937e-07	0.6576474730292359	0.0014600964646806261	0.3408915429893685
hsa-miR-19a-5p	6.034828561409857e-07	0.5396802112967368	0.001422040895942234	0.4588971443244648
hsa-miR-19b-1-5p	0.00013133144868339764	0.6412705017752569	0.0013385211311972456	0.3572596456448625
hsa-miR-19b-2-5p	2.0512644057276643e-05	0.4241035803894543	0.0010495295452197073	0.5748263774212687
hsa-miR-19b-3p	1.3346260839529652e-05	0.6354857217061126	0.0016379089365414444	0.3628630230965064
hsa-miR-200a-3p	2.996561096677337e-07	0.531088726883568	0.0007973135604435968	0.46811365989987863
hsa-miR-200a-5p	5.567988098055071e-06	0.5210033031779179	4.425441790834262e-05	0.47894687441607564
hsa-miR-200b-3p	7.749429839455668e-06	0.5396470701274372	3.338453829220588e-05	0.46031179590443116
hsa-miR-200b-5p	0.00016095717455975596	0.018147045836721526	3.410309613078728e-06	0.9816885866791056
hsa-miR-200c-3p	0.0016374343043708526	0.5903163513857015	0.001887485466285977	0.4061587288436418
hsa-miR-200c-5p	1.5136853739889065e-05	0.31048739736605546	0.0009728802909568731	0.6885245854892479
hsa-miR-202-3p	0.012071351064849528	0.030198961531197128	0.003935557419663643	0.9537941299842897
hsa-miR-202-5p	0.0013946012657280378	0.2995982891907868	0.0022101002066460696	0.6967970093368392
hsa-miR-203a-3p	0.0005296920541181349	0.00738233729761274	0.00015357062920765967	0.9919344000190614
hsa-miR-203a-5p	0.0010601560111592287	0.002250217330163508	0.00010894893864976587	0.9965806777200276
hsa-miR-203b-3p	0.0001767859777981583	0.07061035415029963	9.198630642536576e-05	0.9291208735654768
hsa-miR-203b-5p	0.0005587881175260435	0.0010944777802408562	6.751130766998014e-06	0.9983399829714661
hsa-miR-204-3p	3.118911440153164e-05	0.016938210122694496	1.731858354121405e-07	0.9830304275770686
hsa-miR-204-5p	0.0008695263637999744	0.07065763686947756	0.0008116634597056662	0.9276611733070168
hsa-miR-205-3p	0.00026678246970496814	0.001153792288270377	2.038531707402937e-05	0.9985590399249505
hsa-miR-205-5p	4.1003097385651565e-05	0.004573973743482949	0.0003435656840837064	0.9950414574750477
hsa-miR-206	9.571026901529034e-05	0.14912607282764964	0.000106144304486231	0.8506720725988489
hsa-miR-208a-3p	9.736713971087983e-06	0.12716157232618217	0.0001155268536240536	0.8727131641062227
hsa-miR-208a-5p	0.00011558750451777756	0.023898402599625206	2.3375053525086102e-05	0.9759626348423319
hsa-miR-208b-3p	4.553260712982298e-05	0.07128882981024191	2.4808097097415557e-05	0.9286408294855308
hsa-miR-20a-3p	4.0953379988179864e-05	0.7135333988900674	0.0015071023915246167	0.28491854533841987
hsa-miR-20a-5p	0.00022220990398108068	0.6272042730716728	0.001528650429565924	0.3710448665947801
hsa-miR-20b-3p	0.002239166638643409	0.13681759111572922	2.4632002768456143e-05	0.8609186102428589
hsa-miR-20b-5p	0.001098022925282208	0.07661637184425392	0.0037607504488834115	0.9185248547815804
hsa-miR-21-3p	2.444713739157895e-05	0.7891175906681689	0.00041907306485752804	0.21043888912958209
hsa-miR-21-5p	7.90794655000536e-06	0.7877109882307279	2.8672803331364757e-05	0.2122524310193908
hsa-miR-210-3p	0.00019866896391105638	0.18530024722318433	6.205971876358773e-05	0.814439024094141
hsa-miR-210-5p	2.005520566297349e-05	0.039807916147764945	0.0013160058483354616	0.9588560227982367
hsa-miR-211-3p	0.00026604600509290074	0.00032923068285855135	3.3572264994525594e-05	0.9993711510470541
hsa-miR-211-5p	0.000216085904965996	0.3856647271760196	0.0007331733965849055	0.6133860135224296
hsa-miR-2110	0.0003143296785409783	0.774300371771384	0.0005803684974020769	0.22480493005267294
hsa-miR-2113	5.346426678490181e-05	0.010151503470812485	5.575044839530422e-05	0.9897392818140073
hsa-miR-2114-3p	0.00018933463938758412	0.05705477262331325	1.5748058188877148e-06	0.9427543179314803
hsa-miR-2114-5p	3.700049900685235e-05	0.5128781001321603	0.0007943618330115219	0.48629053753582135
hsa-miR-2115-3p	0.0005561505360383198	0.027711668658533747	4.577818868026708e-06	0.9717276029865599
hsa-miR-2115-5p	0.00012438562739704544	0.242950072594272	0.0006783452600261615	0.7562471965183047
hsa-miR-2116-3p	2.7215605016027362e-05	0.18829639839302942	0.0014090863694445216	0.8102672996325101
hsa-miR-2116-5p	0.000357284071976843	0.12728812687426952	1.5485345916766258e-05	0.8723391037078368
hsa-miR-2117	0.00011280111138802965	0.0006615588340670562	0.00014467397799494808	0.9990809660765501
hsa-miR-212-3p	7.92232124695152e-05	0.5372569185422721	0.0006610009213637636	0.4620028573238947
hsa-miR-212-5p	2.4115112886367663e-06	0.09253590857087889	1.223309201430827e-07	0.9074615575869123
hsa-miR-214-3p	0.0012420047821153576	0.13406108672353512	0.0019504246557712189	0.8627464838385783
hsa-miR-214-5p	5.23754128882307e-05	0.34304562823105406	6.666087818816562e-05	0.6568353354778695
hsa-miR-215-3p	6.585021040959062e-05	0.03378804542152528	0.0006105280926737197	0.9655355762753914
hsa-miR-215-5p	3.7484094506836095e-05	0.3837030531520606	0.000565796252700237	0.6156936665007324
hsa-miR-216a-3p	0.00016214861321579534	0.07185401772246885	0.00021705826911108856	0.9277667753952044
hsa-miR-216a-5p	0.0002735636539275017	0.2219983127682392	5.777690543021187e-05	0.7776703466724031
hsa-miR-216b-3p	5.0113715538077785e-06	0.010778898420874643	3.792666484165709e-07	0.9892157109409232
hsa-miR-216b-5p	2.1617761599532314e-05	0.00794773003548104	6.583407879212058e-05	0.9919648181241273
hsa-miR-217-3p	0.00020123001435534148	0.0013524546467237899	1.3715153511713561e-05	0.9984326001854091
hsa-miR-217-5p	9.48222458712908e-05	0.11733719049770167	1.5303455799611178e-07	0.882567834221869
hsa-miR-218-1-3p	6.163671903295739e-05	0.0008800852422214885	1.6174127698025647e-05	0.9990421039110475
hsa-miR-218-2-3p	0.0002305225466586761	0.0025397624912411724	1.76449174245889e-06	0.9972279504703578
hsa-miR-218-5p	4.560392884353189e-05	0.09248656360452306	0.0019214511652606515	0.9055463813013728
hsa-miR-219a-1-3p	7.359340235751273e-05	0.4470561562189973	2.546141660056564e-06	0.5528677042369852
hsa-miR-219a-2-3p	8.909075686731486e-07	0.09538264438245046	0.00020378522280588605	0.904412679487175
hsa-miR-219a-5p	4.155114705756406e-06	0.3797565572501718	0.0023483938793118914	0.6178908937558104
hsa-miR-219b-3p	0.0003495835365476407	0.08603047297312005	9.327280820625183e-07	0.9136190107622503
hsa-miR-219b-5p	1.6975879928523044e-06	0.4825205065589415	0.0005784049909837083	0.5168993908620819
hsa-miR-22-3p	0.0001370697193251257	0.2768825447322463	0.00013774463662396408	0.7228426409118046
hsa-miR-22-5p	0.004011664238695749	0.5297690393340493	2.4788652116978856e-05	0.466194507775138
hsa-miR-221-3p	0.0004272946477800887	0.5723049330686271	0.0003071507977955079	0.4269606214857974
hsa-miR-221-5p	4.431874712338126e-07	0.8391822556778213	5.96535013395996e-06	0.16081133578457338
hsa-miR-222-3p	0.0009490948594180843	0.5440044284118799	0.0010649068562263314	0.45398156987247557
hsa-miR-222-5p	0.00012440160943222073	0.3661024650214332	9.575782307129415e-07	0.633772175790904
hsa-miR-223-3p	0.004813220508779924	0.6191800939253189	2.0021185351923043e-05	0.3759866643805491
hsa-miR-223-5p	5.8322810163820994e-05	0.7862008576789452	0.00010548393590719264	0.2136353355749838
hsa-miR-224-3p	0.0003350992230616356	0.15639036644430515	2.0532964568985325e-05	0.8432540013680642
hsa-miR-224-5p	0.003141141717403864	0.6256710962347727	0.0002657800755082	0.37092198197231535
hsa-miR-2276-3p	0.00011433094232153387	0.11299960587227592	0.0002099324158337529	0.8866761307695689
hsa-miR-2276-5p	4.791272884687916e-05	0.0012932845940632804	0.00011250353946391807	0.9985462991376259
hsa-miR-2277-3p	8.330467897449605e-08	0.3710627111773235	0.0012039927794994239	0.627733212738498
hsa-miR-2277-5p	0.0004499064576970746	0.41667088245621337	0.0001180855064865134	0.582761125579603
hsa-miR-2278	0.0019975593391737857	0.01328179319147558	0.0011399583860113908	0.9835806890833393
hsa-miR-2355-3p	2.8335961196502416e-05	0.7133477222384448	0.00033725556386070873	0.286286686236498
hsa-miR-2355-5p	6.589511736589328e-05	0.7611925320623201	0.0007162975110941205	0.2380252753092199
hsa-miR-2392	1.650476553261633e-05	0.0889147481741088	0.00016398377448624096	0.9109047632858723
hsa-miR-23a-3p	2.5909922293126008e-05	0.6152135979819218	8.757970150441279e-06	0.3847517341256347
hsa-miR-23a-5p	0.0014041844679748396	0.29826576740686983	0.0015568843454667356	0.6987731637796887
hsa-miR-23b-3p	2.8281337193331605e-05	0.5875222910449953	1.1258161339789716e-05	0.4124381694564714
hsa-miR-23b-5p	0.0011463035584382687	0.46924901225205573	4.683095571606464e-05	0.52955785323379
hsa-miR-23c	0.0001349143906734681	0.3827616779131327	1.6009230384086857e-07	0.61710324760389
hsa-miR-24-1-5p	9.609495753480062e-06	0.6399170909668798	0.00011013987480863133	0.35996315966255815
hsa-miR-24-2-5p	2.6274450379354338e-06	0.8292311858222965	6.506002318199227e-06	0.17075968073034728
hsa-miR-24-3p	0.0001032268105481087	0.7153127501145161	4.438546184912309e-05	0.2845396376130866
hsa-miR-2467-3p	1.44718202245087e-08	0.027430850382514218	2.1529798863657683e-05	0.972547605346802
hsa-miR-2467-5p	7.367842475534305e-05	0.3967878770054468	0.0001350894193982521	0.6030033551503995
hsa-miR-25-3p	6.438584238738579e-05	0.461964589938367	0.00023013998325199412	0.5377408842359935
hsa-miR-25-5p	0.0026897507883790204	0.3101983932875021	0.0011975192148960111	0.6859143367092229
hsa-miR-2681-3p	4.050065466602068e-05	0.0021649537412795215	0.0003198773785619408	0.9974746682254925
hsa-miR-2681-5p	5.03359645211884e-06	0.015053664278284848	5.738499504652829e-05	0.9848839171302165
hsa-miR-2682-3p	0.0002752974863207892	0.09640516870931475	1.907652272551096e-05	0.903300457281639
hsa-miR-2682-5p	6.334191894615859e-05	0.2099075684248648	6.009944879352059e-05	0.7899689902073955
hsa-miR-26a-1-3p	0.003172652920897484	0.22294035463075426	0.0002655489862120516	0.7736214434621362
hsa-miR-26a-2-3p	0.00011094671659974237	0.47921368276619486	0.000559401539708038	0.5201159689774973
hsa-miR-26a-5p	6.16471446038002e-05	0.5958676248952042	0.0012067024286557834	0.4028640255315363
hsa-miR-26b-3p	0.00041493554044893356	0.5920529747521153	0.00012372937836504215	0.40740836032907085
hsa-miR-26b-5p	0.00024160688147683044	0.6151276745977794	4.44799927195566e-05	0.3845862385280241
hsa-miR-27a-3p	5.4218162872781636e-05	0.5667448430899127	9.800643431283853e-08	0.43320084074078014
hsa-miR-27a-5p	0.0001590971558409184	0.6337681019682754	5.519601011098768e-07	0.36607224891578255
hsa-miR-27b-3p	3.301461300634877e-07	0.5478739623386093	5.1575559030780906e-08	0.45212565593970155
hsa-miR-27b-5p	7.1923810472886e-05	0.40116235841658426	7.847973046796179e-05	0.5986872380424749
hsa-miR-28-3p	5.483376088526144e-08	0.7305271988850999	1.8515620459330854e-05	0.2694542306606799
hsa-miR-28-5p	2.0740581580725796e-05	0.4718066140434896	8.200063546734629e-05	0.5280906447394623
hsa-miR-2861	7.497516516518042e-06	0.002451719478611066	3.741211486461479e-05	0.9975033708900078
hsa-miR-296-3p	6.644606247345911e-05	0.2017909757868432	0.001699352278229995	0.7964432258724534
hsa-miR-296-5p	0.002916056561614836	0.3176392953211205	0.0011795090562144233	0.6782651390610502
hsa-miR-297	0.00020783387210293838	0.008791097023473577	3.2131917880813095e-06	0.9909978559126353
hsa-miR-298	0.0003439108201267132	0.0015379700514593902	2.5193518539924006e-05	0.998092925609874
hsa-miR-299-3p	6.357713148738916e-05	0.3836300091412919	0.0005351425445050292	0.6157712711827157
hsa-miR-299-5p	0.0019828929502157494	0.13506359222378508	0.0014084537401352671	0.8615450610858639
hsa-miR-29a-3p	3.594334479019742e-08	0.6492434892326563	0.0011732123089206858	0.3495832625150782
hsa-miR-29a-5p	8.685034190653522e-06	0.6718949291079771	0.0012185801063563483	0.32687780575147574
hsa-miR-29b-1-5p	0.0008463518837702464	0.6304564298609491	0.0010994938619508815	0.36759772439332977
hsa-miR-29b-2-5p	0.01520320210354676	0.35171860239477476	3.815521395406535e-05	0.6330400402877244
hsa-miR-29b-3p	2.091206198975738e-06	0.73485157649195	0.0009446711836593264	0.2642016611181917
hsa-miR-29c-3p	2.3132056356234744e-07	0.6329402900499702	0.0012856095600058193	0.3657738690694604
hsa-miR-29c-5p	0.00045206264937877567	0.5277998902371922	0.0017122921229409188	0.470035754990488
hsa-miR-300	0.00016331440816621425	0.07738662587801427	0.00024359680714561554	0.9222064629066739
hsa-miR-301a-3p	6.513088487190895e-06	0.6670468665783914	0.001428894581004033	0.3315177257521175
hsa-miR-301a-5p	1.505639849449263e-05	0.17854274906054757	0.00044442646812146953	0.8209977680728365
hsa-miR-301b-3p	1.1782545885744805e-05	0.6676378883327724	0.0011460381617937876	0.331204290959548
hsa-miR-301b-5p	0.00012185752998189528	0.03516065485032765	6.142269284178816e-05	0.9646560649268486
hsa-miR-302a-3p	0.0002388226752855157	0.045085268106682216	0.0002578515032474284	0.9544180577147849
hsa-miR-302a-5p	0.0001060896147695108	0.02230441442120548	2.4455076066297215e-06	0.9775870504564185
hsa-miR-302b-3p	7.620201755381403e-05	0.0847647080397505	0.0002546872936672789	0.9149044026490285
hsa-miR-302c-3p	2.575664672829665e-06	0.0557991307448205	0.00010338215278218647	0.9440949114377244
hsa-miR-302c-5p	0.0002554355644201497	0.0008890945503243666	8.292443531385518e-06	0.9988471774417241
hsa-miR-302d-3p	5.573344453072069e-06	0.04127428209193484	1.674253193906139e-05	0.9587034020316729
hsa-miR-3059-3p	0.00022600018456043737	0.0013003014803254962	1.0871549225716612e-06	0.9984726111801915
hsa-miR-3059-5p	0.000525920511779871	0.013539761684298214	0.0007546066048777897	0.9851797111990441
hsa-miR-3064-3p	0.0002107931370870375	0.282626878364361	0.00021463572484107336	0.7169476927737108
hsa-miR-3064-5p	0.0002154380935347708	0.6781240076720916	3.862939478088658e-05	0.3216219248395928
hsa-miR-3065-3p	4.324337491525094e-05	0.3518929149840366	0.0011389076296429107	0.6469249340114052
hsa-miR-3065-5p	3.166122486795443e-05	0.5249555427503556	0.001608313926828257	0.47340448209794833
hsa-miR-3074-3p	1.4179428838428063e-05	0.19166353083191606	0.0001256390894364534	0.8081966506498091
hsa-miR-3074-5p	9.91152988180455e-05	0.26066573016564076	2.5803049975715096e-06	0.7392325742305437
hsa-miR-3085-3p	0.000497823092452076	0.0011527215008972234	1.515159637508842e-05	0.9983343038102757
hsa-miR-3085-5p	5.608048010022108e-06	0.0028033711558827566	0.000410115915589273	0.9967809048805181
hsa-miR-30a-3p	0.0012919874966525037	0.2658832064463475	0.0006917166075038426	0.7321330894494962
hsa-miR-30a-5p	0.0009689314976519147	0.2781171642887617	0.001815209330305079	0.7190986948832813
hsa-miR-30b-3p	9.540613618855487e-06	0.4144516625242527	1.2772836109380654e-05	0.5855260240260192
hsa-miR-30b-5p	0.000437519470447947	0.45476933063231123	4.50076324151127e-05	0.5447481422648256
hsa-miR-30c-1-3p	7.186990373326369e-06	0.33256833182168744	3.9439926152438384e-05	0.6673850412617868
hsa-miR-30c-2-3p	9.897030928752804e-05	0.11394593139215506	0.002404391413966514	0.8835507068845909
hsa-miR-30c-5p	1.1079781777064473e-05	0.6137802885572368	7.259511169040156e-07	0.38620790570986924
hsa-miR-30d-3p	6.729393479032133e-06	0.5687269437348961	0.0012745365908421787	0.42999179028078266
hsa-miR-30d-5p	3.6793787706176556e-05	0.3355500798352133	0.001152997633426789	0.6632601287436538
hsa-miR-30e-3p	0.0001583178879420847	0.46690359554903865	0.001014675616816081	0.531923410946203
hsa-miR-30e-5p	0.00010720093544996108	0.6576686580426732	0.0018795091290450408	0.3403446318928319
hsa-miR-31-3p	5.866972901369861e-07	0.46383878216670593	0.0017076143534454336	0.5344530167825584
hsa-miR-31-5p	2.9577886481027444e-06	0.5245182531130694	0.001599073859266723	0.47387971523901584
hsa-miR-3115	1.5754198066340404e-06	0.0467189978940138	0.00044050959540857515	0.9528389170907711
hsa-miR-3116	4.868684789657468e-05	0.17428723203144053	0.00023893469513550685	0.8254251464255274
hsa-miR-3117-3p	8.162237055924242e-05	0.009842798472366934	0.0003619682598262422	0.9897136108972476
hsa-miR-3118	8.812363327289317e-05	0.006274610916225895	9.141765475801552e-05	0.9935458477957432
hsa-miR-3120-3p	0.00034695155867306264	0.4219959060337493	0.00026539529343882703	0.5773917471141387
hsa-miR-3120-5p	0.0003443297902474239	0.17694731812045095	0.0004139722539487658	0.8222943798353528
hsa-miR-3121-3p	0.0015932811678346312	0.03004394291882477	5.7380840993657475e-05	0.9683053950723469
hsa-miR-3121-5p	3.1987612623950397e-06	0.009897204536786882	3.492148193047331e-05	0.9900646752200203
hsa-miR-3122	1.291291259940363e-08	0.0659015372399617	0.000834644155284311	0.9332638056918414
hsa-miR-3124-3p	0.00013809836527643165	0.031431999951067026	3.734765213261068e-05	0.9683925540315239
hsa-miR-3124-5p	0.0005314672633502675	0.4291494732407754	0.000896011860329334	0.569423047635545
hsa-miR-3125	9.526617590366615e-06	0.011999507673095988	8.812032669644381e-05	0.9879028453826172
hsa-miR-3126-3p	0.00029322660152119326	0.0005385690866076992	5.142071846418133e-05	0.9991167835934069
hsa-miR-3126-5p	0.0004390336457214757	0.0136578483316608	9.359797609908533e-06	0.9858937582250078
hsa-miR-3127-3p	0.00018618531726574472	0.4669229765586884	1.1622645993754984e-05	0.5328792154780521
hsa-miR-3127-5p	0.005064158379439841	0.07461081834875616	1.0337248492259814e-06	0.9203239895469547
hsa-miR-3128	1.6437026525454446e-05	0.4811674067112888	4.6919845810339305e-05	0.5187692364163753
hsa-miR-3129-3p	2.0175508285276059e-07	0.15437916279019437	0.0005547117799670978	0.8450659236747557
hsa-miR-3129-5p	7.038538574873302e-07	0.004389373342658775	7.965457295455135e-05	0.9955302682305291
hsa-miR-3130-3p	7.553509121405283e-05	0.16206280281880148	0.0011632906040665127	0.836698371485918
hsa-miR-3130-5p	0.002797460348188687	0.5137784982921774	0.0007469377312198842	0.482677103628414
hsa-miR-3131	0.00091346320257917	0.09597790944147601	8.365150679132912e-06	0.9031002622052656
hsa-miR-3132	2.8060634762291315e-06	0.0028759140166137176	0.00021115376133448436	0.9969101261585755
hsa-miR-3133	0.001168286476010514	0.07290368214455775	0.0016433527090541026	0.9242846786703777
hsa-miR-3134	2.4845649441084552e-05	0.16480985955695063	0.000571476999004955	0.8345938177946034
hsa-miR-3135a	2.886344540808873e-05	0.42836324731588227	0.00047380071126494166	0.5711340885274446
hsa-miR-3135b	8.996861464989896e-05	0.06679995550709077	2.2410675249910573e-05	0.9330876652030095
hsa-miR-3136-3p	2.9531369121575386e-05	0.0073485621328589195	7.480770162156502e-05	0.9925470987963979
hsa-miR-3136-5p	0.0009163743423855972	0.21946933756347667	0.000993032190892384	0.7786212559032454
hsa-miR-3137	5.516501682173178e-05	0.05557629312854402	9.657741534947841e-05	0.9442719644392847
hsa-miR-3138	0.00046687015940267875	0.44709787628174236	0.00036919291099772345	0.5520660606478572
hsa-miR-3139	9.243366567549853e-06	0.041172930975419256	0.00010146846261088958	0.9587163571954024
hsa-miR-3140-3p	0.006021496342918155	0.06727900168775518	0.00018277840178045694	0.9265167235675462
hsa-miR-3140-5p	5.439344447176551e-08	0.3220922754271086	0.0005514164056753918	0.6773562537737715
hsa-miR-3141	0.0003116224585475264	0.01844479221594224	0.00022204579670109334	0.9810215395288091
hsa-miR-3142	0.0006233025275527139	0.16093424550558175	3.1474238002010035e-06	0.8384393045430654
hsa-miR-3143	0.00010052954534262388	0.2765936827680513	0.00021100464295980146	0.7230947830436464
hsa-miR-3144-3p	1.4178569524509954e-05	0.30470969851753776	0.0002672630037074529	0.6950088599092303
hsa-miR-3144-5p	7.564772561533793e-06	0.010746922602039567	3.0061805798890303e-05	0.9892154508196
hsa-miR-3145-3p	0.0003038885529890731	0.05718353946634616	0.0010178358228324549	0.9414947361578324
hsa-miR-3145-5p	0.00012441178602384592	0.025522539387352876	0.0005616330985505203	0.9737914157280727
hsa-miR-3146	0.000811904145880044	0.04724725954297903	3.4399242812100064e-05	0.9519064370683288
hsa-miR-3147	0.00021000776783015735	0.0020630342909797876	8.226842224480982e-06	0.9977187310989656
hsa-miR-3148	9.360358342035126e-05	0.019155866273769223	5.266649665388758e-07	0.9807500034778439
hsa-miR-3149	0.00013964891779755497	0.2303514791553399	4.476332303808533e-05	0.7694641086038245
hsa-miR-3150a-3p	7.407624918574057e-07	0.04599400177301646	0.0008359656309092357	0.9531692918335825
hsa-miR-3150a-5p	4.262610370835735e-06	0.5560384092107995	0.0031576874529494897	0.44079964072588007
hsa-miR-3150b-3p	1.763611987039021e-05	0.4573230210247725	5.81879266463618e-07	0.5426587609760907
hsa-miR-3150b-5p	0.00010951933116334187	0.06622682542129073	0.000386814850805213	0.9332768403967407
hsa-miR-3151-3p	3.4137633312029412e-09	0.004422932528487777	0.0003936810280151243	0.9951833830297337
hsa-miR-3151-5p	4.46584337638988e-05	0.0285199050757052	0.00015931825187973716	0.9712761182386511
hsa-miR-3152-3p	6.804330742366621e-05	0.0008421178537354883	0.00018678368622264597	0.9989030551526182
hsa-miR-3152-5p	5.138110740772555e-05	0.06159249238836569	0.0004725435492323949	0.9378835829549942
hsa-miR-3153	0.00020663081392253654	0.0016921563970437425	2.042164163494351e-05	0.9980807911473988
hsa-miR-3154	0.00034276624461659433	0.01975155559875842	0.0004630149478065408	0.9794426632088185
hsa-miR-3155a	0.00022116954540319872	0.023594970514758586	1.0447084170092988e-05	0.9761734128556682
hsa-miR-3155b	7.116909369267592e-06	0.001821336124868585	4.984411004581291e-06	0.9981665625547577
hsa-miR-3156-3p	3.080822580749672e-05	0.004996054813614386	0.00042979264818177184	0.9945433443123963
hsa-miR-3156-5p	0.0009026543308923917	0.0035748869253949367	1.7492326612866054e-05	0.9955049664170998
hsa-miR-3157-3p	1.434429226703335e-05	0.41924659376686696	0.0031031477400573293	0.5776359142008086
hsa-miR-3157-5p	0.0011999373288672645	0.3847483918009212	0.00045909782524154296	0.61359257304497
hsa-miR-3158-3p	0.0008075265360226855	0.3546676854563652	0.003377344368992975	0.6411474436386191
hsa-miR-3158-5p	0.0006268522494008411	0.5097832155778089	0.0013106889213115429	0.4882792432514787
hsa-miR-3159	0.00016687111032746897	0.01759194812395015	0.0010586210213485738	0.9811825597443739
hsa-miR-3160-3p	6.328823386482882e-05	0.1630607214424783	0.0006468054988692327	0.8362291848247876
hsa-miR-3160-5p	4.619826264354042e-07	0.13622409937360572	0.00013793020491946755	0.8636375084388483
hsa-miR-3161	8.809103802840231e-05	0.00605165161478409	0.0020666012217441477	0.9917936561254433
hsa-miR-3162-3p	0.0006991064059918903	0.03465152579735774	0.0018862402587228192	0.9627631275379276
hsa-miR-3162-5p	0.00035497368053535237	0.007519063804066098	1.667111126795729e-06	0.9921242954042717
hsa-miR-3163	0.0031617496348569935	0.0710965369821006	0.003378929416471596	0.9223627839665708
hsa-miR-3164	0.0012603504648303029	0.2917847762609962	5.528087674677908e-06	0.7069493451864989
hsa-miR-3165	2.80062775079027e-06	0.09932014874697509	0.0002988143118635309	0.9003782363134105
hsa-miR-3166	6.772489315428734e-05	0.03261755174108714	8.976894217923662e-06	0.9673057464715407
hsa-miR-3167	0.00018270543806163712	0.021382323023576438	3.4386923624824774e-05	0.9784005846147371
hsa-miR-3168	7.583274715788075e-05	0.0169320533450133	0.0004061040412774406	0.9825860098665514
hsa-miR-3169	3.79479066978241e-05	0.058198111314987436	6.993075127768102e-05	0.9416940100270371
hsa-miR-3170	2.4992265206787836e-05	0.0017470184356771794	2.330368478318918e-05	0.9982046856143328
hsa-miR-3173-3p	0.001063907998784108	0.17561901368878333	7.097053134454402e-07	0.8233163686071191
hsa-miR-3173-5p	0.002459387188236509	0.567342351342367	0.001460419355340115	0.42873784211405636
hsa-miR-3174	4.7504664919983674e-11	0.12554045979645362	8.339590954536328e-05	0.8743761442464963
hsa-miR-3175	0.0006114562554449568	0.15490445358857352	0.00015878164329823923	0.8443253085126834
hsa-miR-3176	0.00015716475015389446	0.10225024762760794	7.543110749434039e-05	0.8975171565147437
hsa-miR-3177-3p	0.0006590311882250765	0.6157923692619721	0.00036765354934906793	0.3831809460004537
hsa-miR-3177-5p	0.0003068825899620471	0.025658370507996766	0.0005469240993733573	0.9734878228026679
hsa-miR-3178	0.00017430386252492038	0.0014077489144912899	0.00014778499450563245	0.9982701622284782
hsa-miR-3179	0.008137960501166936	0.09576934565191371	0.0007024164684222238	0.8953902773784972
hsa-miR-3180	7.158652380207728e-05	0.30055512097303794	4.479808920617665e-05	0.6993284944139537
hsa-miR-3180-3p	7.148845996086354e-05	0.30055159849201807	4.48176133487302e-05	0.6993320954346722
hsa-miR-3180-5p	1.6551911772485984e-07	0.14865298766834958	7.370195351012139e-07	0.8513461097929976
hsa-miR-3181	6.051718698388442e-05	0.08432813818974787	0.000607950036798652	0.9150033945864696
hsa-miR-3182	0.00016365214490242686	0.32020018251064974	0.00032675176047032085	0.6793094135839775
hsa-miR-3183	0.000532663415804973	0.006908692501564296	8.004687617311294e-05	0.9924785972064576
hsa-miR-3184-3p	1.4237101238949735e-05	0.014057207954204865	4.5337173783191786e-05	0.985883217770773
hsa-miR-3184-5p	0.00026368011881864223	0.012763290256852723	6.54062305408759e-05	0.9869076233937878
hsa-miR-3185	0.00020684070987598085	0.0006446578012163007	1.7978125136354298e-05	0.9991305233637713
hsa-miR-3186-3p	0.00016010525224766724	0.0021032765474925685	4.9270579290836235e-05	0.9976873476209689
hsa-miR-3186-5p	3.3184299622497735e-07	0.01779805119860294	5.79496041279361e-05	0.9821436673542729
hsa-miR-3187-3p	0.014815941592562493	0.24358329097526865	0.0024966054559792425	0.7391041619761897
hsa-miR-3187-5p	0.00027076954144502653	0.09604467525681078	0.000888082516400956	0.9027964726853432
hsa-miR-3188	0.002131731394132585	0.30619502532965215	8.987994091770293e-05	0.6915833633352976
hsa-miR-3189-3p	0.0006737615061696015	0.004963750903393281	0.0001258727383268497	0.9942366148521103
hsa-miR-3189-5p	2.0716392160011112e-05	0.008064654365046192	2.3119750651105216e-05	0.9918915094921427
hsa-miR-3190-3p	0.001853664060971507	0.1386918179904666	0.0010636726155895634	0.8583908453329723
hsa-miR-3190-5p	3.7459703861585747e-07	0.006687644195123395	0.0015270872208969285	0.991784893986941
hsa-miR-3191-3p	0.00016838846009494177	0.23525795978049857	1.8860065155902622e-06	0.7645717657528909
hsa-miR-3191-5p	0.00013704945226536276	0.014469686612528418	3.583080097993142e-05	0.9853574331342263
hsa-miR-3192-3p	0.00038938233538412083	0.026665286605404945	0.00017971822953822208	0.9727656128296727
hsa-miR-3192-5p	0.0004743540408807545	0.3396860203496712	0.00014302491480495402	0.6596966006946431
hsa-miR-3193	6.690099463552763e-06	0.004435256085425834	6.635858317501827e-06	0.9955514179567932
hsa-miR-3194-3p	6.793955049398689e-05	0.15587772795911056	4.342334178593322e-05	0.8440109091486095
hsa-miR-3194-5p	7.338654789685114e-06	0.46622079281713286	0.0014519697049992732	0.5323198988230781
hsa-miR-3195	1.6131963238816345e-05	0.01961168012043183	0.0008309690850223754	0.979541218831307
hsa-miR-3196	0.0035533127996431524	0.07496217454358998	4.846680801405285e-07	0.9214840279886868
hsa-miR-3197	1.667346001187901e-05	0.0038763822101248553	5.800202622778518e-05	0.9960489423036355
hsa-miR-3198	3.779484036385434e-05	0.07925157688169539	0.000568704975490304	0.9201419233024504
hsa-miR-3199	7.200959920535189e-05	0.1818560758000106	0.00042969476399487864	0.8176422198367891
hsa-miR-32-3p	0.0005164469012702351	0.38920941811350956	0.00045772338731647695	0.6098164115979036
hsa-miR-32-5p	2.6984228217982417e-06	0.7595884934248839	0.0008402324720229247	0.23956857568027137
hsa-miR-3200-3p	0.0006995516339283892	0.11414674041778247	2.074117930586879e-05	0.8851329667689832
hsa-miR-3200-5p	0.004058461119200227	0.5434137989013318	0.00036276590123471275	0.45216497407823325
hsa-miR-3201	0.0003556897679589575	0.002556293120593941	8.800950367301964e-06	0.9970792161610799
hsa-miR-3202	0.0003233173462887497	0.2448559757042722	0.000356865674411211	0.7544638412750279
hsa-miR-320a-3p	0.0011626648305921546	0.19707903745220748	0.000422787396148946	0.8013355103210514
hsa-miR-320a-5p	0.0004185007297144955	0.2644546717138978	0.00010902289084003778	0.7350178046655477
hsa-miR-320b	0.001280854957618495	0.6928794845822052	1.9342214408977503e-05	0.3058203182457672
hsa-miR-320c	0.0007989891851037742	0.5700230035974876	6.040410017279519e-07	0.429177403176407
hsa-miR-320d	0.001063771699338398	0.5080513211446326	9.688801695074408e-05	0.4907880191390782
hsa-miR-320e	0.0010778331615478483	0.31640334659984015	0.00032838856646590987	0.6821904316721461
hsa-miR-323a-3p	0.004087303514224741	0.14391127252905078	0.0012142060789777959	0.8507872178777467
hsa-miR-323a-5p	3.8480345327085596e-05	0.045346805195331165	0.0001900917537485924	0.9544246227055933
hsa-miR-323b-3p	0.0030973442440413276	0.20627026673834256	0.000828118118258574	0.7898042708993576
hsa-miR-323b-5p	0.0003500580278306628	0.01406028252173951	0.0006614999304730028	0.9849281595199568
hsa-miR-324-3p	0.0002874525394613869	0.4581623651360123	0.0004414605212010673	0.5411087218033253
hsa-miR-324-5p	1.2530106473687672e-05	0.614533288531907	0.0001410349400537914	0.3853131464215653
hsa-miR-325	1.6997579450813817e-07	0.030022913889759625	1.552123060983332e-05	0.969961394903836
hsa-miR-326	0.0006202593855768998	0.3232825405198731	0.0001987657022255187	0.6758984343923244
hsa-miR-328-3p	0.0027842017597822905	0.6466759273219181	0.00034851017099499183	0.35019136074730456
hsa-miR-328-5p	1.4162252300046487e-06	0.04288691204409007	9.762180695157187e-06	0.9571019095499849
hsa-miR-329-3p	0.005175920685358066	0.26173427694723106	0.0006709623620038909	0.732418840005407
hsa-miR-329-5p	0.00024309439841399102	0.04587060599346328	0.00010544412040687826	0.9537808554877159
hsa-miR-330-3p	0.00017964927755219828	0.5812181005034418	0.00010967108557969104	0.41849257913342636
hsa-miR-330-5p	3.894188459966334e-05	0.5877631690586806	0.0019270850626649124	0.41027080399405474
hsa-miR-331-3p	4.8198824249083835e-06	0.42933587455160027	0.00035972613229428104	0.5702995794336806
hsa-miR-331-5p	0.0063648426578144365	0.2189127896824134	0.003396075333530437	0.7713262923262416
hsa-miR-335-3p	0.004104517464042936	0.6074872549900682	0.00029605673907839814	0.38811217080681043
hsa-miR-335-5p	0.0003481261759704433	0.5864435978365083	0.00042626472396412756	0.412782011263557
hsa-miR-337-3p	0.002137982578621627	0.2747056653234163	0.001052502047814431	0.7221038500501477
hsa-miR-337-5p	0.0003427833658542398	0.3992458455539286	3.1194512956133437e-06	0.6004082516289216
hsa-miR-338-3p	0.00012972070513826695	0.6244847775922371	0.0014033734270015971	0.3739821282756231
hsa-miR-338-5p	0.0005277948110710182	0.46939194091418673	0.00011118692957199295	0.5299690773451701
hsa-miR-339-3p	0.00041519304706357754	0.5013060192423064	7.699023980487976e-05	0.4982017974708251
hsa-miR-339-5p	0.00032578656248297876	0.3688878734839389	0.00021333310294143905	0.6305730068506367
hsa-miR-33a-3p	2.415424834869565e-06	0.7304512038686087	7.403021989619654e-05	0.26947235048666035
hsa-miR-33a-5p	9.190629276540855e-07	0.6538590072167334	0.0012679844551424693	0.3448720892651965
hsa-miR-33b-3p	0.000628259553719668	0.19003427200666567	0.00012797436625663238	0.809209494073358
hsa-miR-33b-5p	3.4952279223742876e-06	0.5149731464802615	0.002011318914903765	0.4830120393769123
hsa-miR-340-3p	0.0008528230785512011	0.5452012708599473	0.0019060593486168286	0.45203984671288466
hsa-miR-340-5p	9.298177346993442e-05	0.7329907254014637	0.0001707403828861712	0.2667455524421802
hsa-miR-342-3p	0.00037026658826980733	0.5877327962862882	0.0010638002725856359	0.4108331368528562
hsa-miR-342-5p	0.0006809789297596597	0.7596443243042819	0.0003047399904397041	0.23936995677551878
hsa-miR-345-3p	4.186231529539463e-05	0.06381035903942257	6.267473774037877e-05	0.9360851039075416
hsa-miR-345-5p	7.877728643814392e-05	0.348442491817689	0.00022142017437773662	0.6512573107214951
hsa-miR-346	0.0004373035572750455	0.03380331386186215	0.0019517727965408552	0.9638076097843219
hsa-miR-34a-3p	6.218959521918343e-07	0.273412984708701	1.9197025736375934e-05	0.7265671963696104
hsa-miR-34a-5p	3.609947435036281e-08	0.6860218026740977	5.8587075933822076e-05	0.3139195741504941
hsa-miR-34b-3p	0.00016506323411823369	0.16610577640238272	0.001987247121091246	0.8317419132424078
hsa-miR-34b-5p	4.4617531163163575e-06	0.6406702121616874	0.0007227835235487975	0.35860254256164753
hsa-miR-34c-3p	5.1310602912160696e-05	0.19036308817914482	3.368505143465341e-06	0.8095822327127995
hsa-miR-34c-5p	0.0002534661881803224	0.5618788717662082	0.000253092613359248	0.4376145694322522
hsa-miR-3529-3p	5.2651241881029076e-05	0.0028050422097672077	8.393575475537436e-05	0.9970583707935964
hsa-miR-3529-5p	0.00011967978999558802	0.008017344817713119	6.182345651981574e-06	0.9918567930466392
hsa-miR-3605-3p	0.003201088619356207	0.40200936086733985	2.757746902234813e-05	0.5947619730442817
hsa-miR-3605-5p	0.0013286538598218114	0.07981663736107472	0.00015113801301945562	0.918703570766084
hsa-miR-3606-3p	2.0365039104453144e-05	0.24276284507067392	1.7037817920560033e-05	0.7571997520723011
hsa-miR-3609	0.00035531369320859855	0.3826595655921192	0.0017449063343077866	0.6152402143803645
hsa-miR-361-3p	1.8815515928316256e-05	0.6992811901292363	0.0001918782407095964	0.300508116114126
hsa-miR-361-5p	0.004098212908958175	0.6182010706912666	7.73853797496194e-05	0.37762333102002554
hsa-miR-3610	0.00023055373153059347	0.0063753924693090895	2.0280802378931708e-05	0.9933737729967814
hsa-miR-3611	1.249148184080746e-06	0.708743311024465	0.0010853274887204214	0.2901701123386306
hsa-miR-3612	9.486047212106931e-05	0.000691623522360343	0.00037409615676234473	0.9988394198487562
hsa-miR-3613-3p	0.00011528391483042989	0.42833989461577865	0.001775188821521504	0.5697696326478694
hsa-miR-3613-5p	0.00066347360915997	0.5452033256310338	1.2390945246588118e-05	0.4541208098145596
hsa-miR-3614-3p	0.00016591186345783098	0.5629921907931006	0.00010310631065263163	0.436738791032789
hsa-miR-3614-5p	0.0005613884602753792	0.1533773705372814	0.0003802178054941995	0.845681023196949
hsa-miR-3615	9.803852201899637e-05	0.5081836472799821	0.0015587055899293413	0.4901596086080696
hsa-miR-3616-3p	0.0001441468408328818	0.0011977706455245792	0.0010007348214799757	0.9976573476921626
hsa-miR-3617-3p	0.0008740639077068529	0.18426215903028575	4.396928334246942e-05	0.8148198077786649
hsa-miR-3617-5p	8.807665449185065e-05	0.20219916977226887	0.0001214861090941703	0.7975912674641451
hsa-miR-3618	0.00012442459822781645	0.28749240210468524	0.00034669267908992335	0.7120364806179971
hsa-miR-3619-3p	6.346727128001341e-05	0.22100212204132105	4.762056803361222e-07	0.7789339344817185
hsa-miR-3619-5p	0.0001926699973446568	0.04178392842755148	0.0008502526013342265	0.9571731489737697
hsa-miR-362-3p	2.751227817336489e-06	0.7247185739093913	0.0009820144305184048	0.2742966604322729
hsa-miR-362-5p	0.007838204474778988	0.46257336656976794	8.565012495355887e-06	0.5295798639429576
hsa-miR-3620-3p	0.0030832021999636435	0.4264806055652079	0.003577394161021142	0.5668587980738073
hsa-miR-3620-5p	0.0022221474501807593	0.12960528462329812	0.0001452672547141493	0.868027300671807
hsa-miR-3621	0.00017405953957357973	0.0014089577894201995	3.0181089705969745e-06	0.9984139645620356
hsa-miR-3622a-3p	0.00011447137617063758	0.0059082919499920065	7.488187984268741e-05	0.9939023547939947
hsa-miR-3622a-5p	1.645435391914903e-05	0.0007072101045752944	3.737215232037629e-05	0.9992389633891853
hsa-miR-3622b-3p	8.139247437492718e-05	0.001470155414551409	0.00015240337612200644	0.9982960487349517
hsa-miR-3622b-5p	2.3029451541505178e-05	0.00014629813382687336	0.00035313162525613286	0.9994775407893756
hsa-miR-363-3p	3.5273379472748234e-05	0.3834207159372822	0.0018644349876525519	0.6146795756955925
hsa-miR-363-5p	2.903457270716099e-06	0.5913383587572064	1.2473130203810935e-05	0.408646264655319
hsa-miR-3646	9.864210310754503e-05	0.0019708138914751204	1.4906301593480109e-05	0.9979156377038239
hsa-miR-3648	4.1826627593182415e-05	0.004740379094653569	0.00013411060012186418	0.9950836836776313
hsa-miR-3650	0.00019098404763092877	0.03335604545077133	0.0001266323720218297	0.9663263381295759
hsa-miR-3651	0.0004131815111914711	0.20849399158873994	0.0010229324734498417	0.7900698944266187
hsa-miR-3652	4.62889851170732e-05	0.01037703833814626	0.001067636385582141	0.9885090362911545
hsa-miR-3654	0.0003758247975481503	0.045678290216575025	0.000635596332973824	0.953310288652903
hsa-miR-3655	0.00025394789175159387	0.0008830917717679983	2.774251385592138e-07	0.9988626829113418
hsa-miR-3657	4.8559754586443223e-05	0.6788292460977027	0.0003055337487355463	0.3208166603989753
hsa-miR-3658	3.1047137218494235e-06	0.006923897724379247	0.00039490987457482747	0.992678087687324
hsa-miR-3659	0.00027811857327077416	0.0016512145076313662	0.0007605694528207748	0.9973100974662771
hsa-miR-365a-3p	0.0010107133831229486	0.5855557242085137	0.0005861140110324418	0.41284744839733106
hsa-miR-365a-5p	1.8642293387724013e-06	0.6331839999018857	0.0003386159945192944	0.36647551987425636
hsa-miR-365b-3p	0.0010109869571498806	0.585558529172255	0.000586025660855289	0.41284445820973986
hsa-miR-365b-5p	0.0009822609017405574	0.03344385153043064	3.086750056850604e-07	0.9655735788928231
hsa-miR-3660	9.000536058954958e-06	0.00012888285015243172	0.00013510552125549062	0.9997270110925331
hsa-miR-3661	0.0004763766116996974	0.05648953361813978	0.0006323349578278366	0.9424017548123327
hsa-miR-3662	0.00015765597721174222	0.025238255231999303	6.620394066328122e-07	0.9746034267513823
hsa-miR-3663-3p	0.0002366300383452038	0.0012271166035298785	4.303314920697078e-06	0.9985319500432042
hsa-miR-3663-5p	5.12448424302756e-05	0.015644366305586417	6.635265330431132e-06	0.9842977535866528
hsa-miR-3664-3p	7.992470886506223e-05	0.02567114403090446	0.00015645931482475786	0.9740924719454058
hsa-miR-3664-5p	3.993274943504629e-05	0.015068486412484766	0.00010311243911955838	0.9847884683989606
hsa-miR-3665	7.755085361418682e-05	0.0008572675275387345	0.0012041966698451258	0.9978609849490019
hsa-miR-3667-3p	0.0009473219357020472	0.2575085835070147	0.00043322537954358626	0.7411108691777396
hsa-miR-3667-5p	0.0013789891276949071	0.25990978502486306	0.00047144305797499936	0.7382397827894671
hsa-miR-367-3p	0.0002768949384739778	0.0005633774007064166	6.4990282862814465e-06	0.9991532286325333
hsa-miR-3670	9.861415379362993e-05	0.00042541875210404863	3.9372918210652013e-07	0.9994755733649202
hsa-miR-3674	0.0003668975037749161	0.023593839150224272	2.0910721269409905e-05	0.9760183526247315
hsa-miR-3675-3p	0.0011751789534681868	0.030692841598900504	2.9892267211274515e-05	0.96810208718042
hsa-miR-3675-5p	4.0180623564803984e-05	0.04792931792103391	0.0003015200702817099	0.9517289813851196
hsa-miR-3677-3p	3.858593799333463e-05	0.36208735398353054	5.674164357142255e-05	0.6378173184349047
hsa-miR-3677-5p	1.0130512785886574e-07	0.1872792198361098	7.947604986959459e-07	0.8127198840982637
hsa-miR-3678-3p	6.087212886336915e-05	0.014624606353597048	4.891205212157932e-07	0.9853140323970183
hsa-miR-3678-5p	7.807635506533182e-06	0.014086099708624726	0.0005746021321416017	0.9853314905237271
hsa-miR-3679-3p	0.00024275186444627393	0.021819836796161077	9.676268517272011e-05	0.9778406486542199
hsa-miR-3679-5p	0.00048783204851182097	0.1075277229015961	2.6651203248350844e-05	0.8919577938466436
hsa-miR-3680-3p	7.131372389221157e-05	0.030776831005049115	0.00033882153460678034	0.9688130337364519
hsa-miR-3680-5p	2.3251701984727235e-05	0.4187507126950814	9.250780784414425e-05	0.5811335277950898
hsa-miR-3681-3p	0.0002365293662305982	0.0010431904381166077	7.91189664891898e-06	0.9987123682990039
hsa-miR-3681-5p	4.982000664888437e-05	0.3501067055037188	0.000493161270025426	0.649350313219607
hsa-miR-3682-3p	6.470671117219694e-05	0.18789019339733884	0.0004712352314724262	0.8115738646600165
hsa-miR-3682-5p	8.780524290653407e-05	0.06476703563803878	4.487501689697064e-06	0.9351406716173649
hsa-miR-3683	4.2775793084711296e-05	0.00239902926380185	0.0007307604815701552	0.9968274344615432
hsa-miR-3684	9.186711535113241e-05	0.23416617680925525	0.0016230840820173815	0.7641188719933764
hsa-miR-3685	0.0005677462490522249	0.2105758343995071	4.607739582318559e-05	0.7888103419556175
hsa-miR-3686	0.00019410353943903654	0.05374711353018828	0.0001765464510370564	0.9458822364793356
hsa-miR-3688-3p	0.0016997974337655342	0.5177664319665319	0.00047309101530868664	0.48006067958439386
hsa-miR-3688-5p	4.337991064781695e-05	0.05869618312545492	0.0002092402970501005	0.9410511966668471
hsa-miR-3689a-3p	0.00021843950819960115	0.0004654064925009396	0.00019121389402375756	0.9991249401052757
hsa-miR-3689a-5p	3.804682378977565e-05	0.0016613684684485981	9.653509043721777e-07	0.9982996193568572
hsa-miR-3689b-3p	8.474905468112311e-05	0.0008486725418036932	0.00018999594950193556	0.9988765824540133
hsa-miR-3689b-5p	3.804682378977565e-05	0.0016613684684485981	9.653509043721777e-07	0.9982996193568572
hsa-miR-3689c	8.474905468112311e-05	0.0008486725418036932	0.00018999594950193556	0.9988765824540133
hsa-miR-3689e	3.348649989304479e-05	0.001655344568618807	1.6828115677209918e-07	0.9983110006503314
hsa-miR-3689f	0.0003172162371310063	0.000364595640388413	2.8778848277889102e-05	0.9992894092742027
hsa-miR-369-3p	0.0002120161286835888	0.45012835529020784	0.00033061721612335387	0.5493290113649854
hsa-miR-369-5p	0.00011704792380554783	0.38435227568420505	0.0001019671400257581	0.6154287092519636
hsa-miR-3690	0.0007110145454539592	0.28133322523137927	0.0003440266216518121	0.7176117336015149
hsa-miR-3691-3p	0.00033832071171255247	0.3133491951395283	0.000812583293248506	0.6854999008555107
hsa-miR-3691-5p	0.005517958625085169	0.30649081184567917	9.837180898929553e-05	0.6878928577202462
hsa-miR-3692-3p	2.281230674233798e-06	0.03434924037066842	1.605693722696785e-05	0.9656324214614304
hsa-miR-3692-5p	0.00021529154200415664	0.0002629915763378055	1.5561345187903854e-05	0.99950615553647
hsa-miR-370-3p	0.00023678066732411753	0.5080118156386699	0.0006082497858914903	0.49114315390811447
hsa-miR-370-5p	6.81175694260525e-05	0.20031899620232826	0.0005754463377050344	0.7990374398905407
hsa-miR-3713	0.00026500667834713154	0.0010953350251222409	0.00013028527164222489	0.9985093730248884
hsa-miR-3714	9.322929583807586e-05	0.002377104430619815	0.00019079103585379055	0.9973388752376884
hsa-miR-371a-3p	6.345633577792911e-05	0.03524040013925723	5.133248939866334e-05	0.9646448110355662
hsa-miR-371a-5p	1.8841507581468647e-06	0.009648086579655189	0.0001246286120320083	0.9902254006575546
hsa-miR-371b-3p	0.00010790580055056776	0.04340393771390728	0.000697058551536707	0.9557910979340054
hsa-miR-371b-5p	0.0004397682719549873	0.3579104683050261	0.0015843398945719403	0.6400654235284469
hsa-miR-372-3p	1.4878345991769005e-05	0.0268564683411456	4.995071004831245e-05	0.9730787026028144
hsa-miR-373-3p	0.00020292681656545526	0.005159221272549087	1.234026124427689e-07	0.9946377285082729
hsa-miR-373-5p	6.279169110208786e-05	0.005718429050024485	1.0332872849340984e-07	0.9942186759301449
hsa-miR-374a-3p	6.325477131381585e-05	0.762586262024478	0.00019750941560520065	0.237152973788603
hsa-miR-374a-5p	1.1132227004188902e-05	0.6666018883248214	0.001402628412239008	0.33198435103593543
hsa-miR-374b-3p	2.8385821480766813e-05	0.7328276575537424	0.0002088457158195184	0.2669351109089573
hsa-miR-374b-5p	1.7205153958526357e-05	0.43466240879030565	0.002404201130270533	0.5629161849254654
hsa-miR-374c-3p	1.1756507294429404e-05	0.10214347528233646	0.0009865170325703482	0.8968582511777988
hsa-miR-374c-5p	4.9088360628648344e-05	0.18916655925842576	0.0028765793880217564	0.8079077729929238
hsa-miR-375-3p	7.918465708420324e-05	0.03024437029139607	0.0002920727232265434	0.9693843723282932
hsa-miR-375-5p	0.0001426454762210753	0.00154837410446909	0.00014943739008916392	0.9981595430292207
hsa-miR-376a-2-5p	7.129874896852832e-06	0.2393808622313416	0.00044274458794008883	0.7601692633058215
hsa-miR-376a-3p	1.6514782755400764e-05	0.4624779981754556	0.0008234523434737792	0.5366820346983153
hsa-miR-376a-5p	1.4756254922237183e-05	0.409308624643672	0.0005775609179140224	0.5900990581834916
hsa-miR-376b-3p	6.6171488347759e-05	0.40681607778582535	0.0012171195695666291	0.5919006311562602
hsa-miR-376b-5p	9.619839042351441e-06	0.3354073268070429	0.0004597435502547061	0.6641233098036601
hsa-miR-376c-3p	3.324333297224544e-05	0.46118378565617235	0.0008424170181481414	0.5379405539927072
hsa-miR-376c-5p	3.821507107808289e-05	0.3666060487529324	0.0007527812118941405	0.6326029549640955
hsa-miR-377-3p	1.1733758770145263e-06	0.42121428514135834	0.0012513105839505913	0.577533230898814
hsa-miR-377-5p	4.936406747963654e-05	0.18327328145048843	0.00011865518118363326	0.8165586993008483
hsa-miR-378a-3p	8.752322967058991e-05	0.6653900880359429	0.00038529475113903845	0.33413709398324765
hsa-miR-378a-5p	0.0006382653286351205	0.4752864938964801	0.0012179036393561251	0.5228573371355287
hsa-miR-378b	0.0007204852972112702	0.10033758944302756	0.0006439631876713744	0.8982979620720899
hsa-miR-378c	0.0011547054369036873	0.4479015822562417	1.5315401233539176e-05	0.5509283969056211
hsa-miR-378d	0.0001110840056824384	0.47706798222830793	0.00015622981289110423	0.5226647039531185
hsa-miR-378e	6.359824336164329e-05	0.20822021681697075	0.0003921709720308536	0.7913240139676369
hsa-miR-378f	7.839164859193945e-05	0.4080621423544174	0.0001356249888900715	0.5917238410081005
hsa-miR-378g	0.000149814196359022	0.3647824379214935	0.00018596043358423247	0.6348817874485632
hsa-miR-378h	8.990100179057139e-05	0.08956236040099065	7.600947483278836e-05	0.9102717291223861
hsa-miR-378i	0.0008639828744135429	0.5043359715630279	4.2729610324153253e-05	0.4947573159522345
hsa-miR-378j	4.112559650644157e-06	0.02152072510283767	0.00019893601897565677	0.978276226318536
hsa-miR-379-3p	8.962880464118188e-05	0.4786613200999177	7.410046447917214e-05	0.521174950630962
hsa-miR-379-5p	0.00024594745667528705	0.4670617361531915	1.9385019788801767e-05	0.5326729313703443
hsa-miR-380-3p	0.00017214123219083758	0.435869902794168	3.180644810114262e-06	0.5639547753288312
hsa-miR-380-5p	0.00015026846758858098	0.4130038940550051	0.00014896770178064958	0.5866968697756256
hsa-miR-381-3p	0.00016144760922446832	0.5444388333278946	2.98652277517856e-07	0.45539942041060344
hsa-miR-381-5p	2.6639740170605152e-05	0.18105876312841246	6.19970419415117e-05	0.8188526000894754
hsa-miR-382-3p	1.5122886160782409e-05	0.3816941743929836	6.213286497618313e-05	0.6182285698558795
hsa-miR-382-5p	3.03542929299505e-09	0.42118227391122404	0.0006305345516568343	0.5781871885016898
hsa-miR-383-5p	1.2418980765877766e-05	0.01826777344159191	0.0001415242448481086	0.9815782833327941
hsa-miR-384	7.983944202235196e-06	0.06274324983140658	4.693873602794683e-05	0.9372018274883632
hsa-miR-3907	1.3294071673457098e-07	0.007056728653839526	0.00040550007886246364	0.9925376383265813
hsa-miR-3909	0.0022994879083541577	0.21000852830527147	0.0001809033174622449	0.7875110804689122
hsa-miR-3910	0.00018115048641909954	0.06172660213437527	0.0007219849756958109	0.9373702624035097
hsa-miR-3911	4.524270995293709e-05	0.11870151422350858	0.0009947646226213423	0.8802584784439171
hsa-miR-3912-3p	9.95552357194475e-05	0.33732822378819044	0.0003824195434353067	0.6621898014326549
hsa-miR-3912-5p	0.00012659061272817732	0.46983319182126965	0.0009699557913565029	0.5290702617746457
hsa-miR-3913-3p	6.139225163144762e-07	0.24911478622686292	7.786521994978639e-05	0.7508067346306709
hsa-miR-3913-5p	0.00025217658070163213	0.3544747992795709	0.001542084030123152	0.6437309401096044
hsa-miR-3914	0.0005744398851724568	0.0010506170776106924	3.320397961944516e-05	0.9983417390575974
hsa-miR-3915	8.326624311366998e-05	0.0015499417475429665	1.1103601653191235e-05	0.9983556884076902
hsa-miR-3916	0.00014150593814225135	0.2624722805161304	0.0002841503054144429	0.7371020632403129
hsa-miR-3917	0.00012445087852748778	0.015043950161811918	4.007520076006395e-05	0.9847915237589004
hsa-miR-3918	4.812585292129781e-05	0.43906629585539164	0.00032259152541244576	0.5605629867662747
hsa-miR-3919	0.0003005641076036524	0.012083287993577852	0.0003192605170918833	0.9872968873817266
hsa-miR-3920	0.0001473877142099426	0.49283443071585387	9.084570600608938e-08	0.5070180907242303
hsa-miR-3921	0.0002557152011103219	0.0009668892562692509	4.143189053951623e-05	0.9987359636520808
hsa-miR-3922-3p	5.4522854316625725e-06	0.015603384460967769	0.0009185470877552699	0.9834726161658454
hsa-miR-3922-5p	4.5595229883968327e-07	0.010304128809965868	0.0002643016803581196	0.9894311135573771
hsa-miR-3923	0.0005020538443293884	0.11355479835286648	3.650967699782014e-05	0.8859066381258063
hsa-miR-3924	0.00015606378555792222	0.0011415794428492998	0.00047562483610045635	0.9982267319354923
hsa-miR-3925-3p	6.241754068702467e-06	0.013097224013476964	0.00016458116880882747	0.9867319530636455
hsa-miR-3925-5p	0.0001207301745475736	0.0033310651644474247	2.1567018567290553e-05	0.9965266376424378
hsa-miR-3926	3.496203210640671e-05	0.002949874189788733	0.0007577014394740595	0.9962574623386308
hsa-miR-3927-5p	3.7704677220530376e-05	0.0006268574029595021	0.00014417985042346687	0.9991912580693966
hsa-miR-3928-3p	0.002226904132967216	0.437734003106334	0.00015734590826346743	0.5598817468524353
hsa-miR-3928-5p	2.2355348722930692e-07	0.006081558764672482	0.0002804415653092148	0.993637776116531
hsa-miR-3929	3.706614075171536e-05	0.0003289750173472884	5.623594041917036e-07	0.9996333964824967
hsa-miR-3934-3p	7.609952478200122e-05	0.3526933670061482	0.0005882236091888564	0.6466423098598809
hsa-miR-3934-5p	0.00012989076237062712	0.2556663702033416	0.0004095505215933917	0.7437941885126943
hsa-miR-3935	0.0001407096156938828	0.0018025835201439307	0.00028274347290951153	0.9977739633912527
hsa-miR-3936	0.0015387026395058381	0.15446763338061206	4.318238708962825e-05	0.8439504815927924
hsa-miR-3937	2.554006749669687e-06	0.004071784519786853	8.605841899904967e-05	0.9958396030544645
hsa-miR-3938	0.00010796740441601178	0.017661153377828864	8.283764614038808e-05	0.9821480415716147
hsa-miR-3939	4.095818790630853e-05	0.0379709815323945	0.00045833696930380334	0.9615297233103954
hsa-miR-3940-3p	0.0015045080438214266	0.435010415043585	0.0010487055967492152	0.5624363713158443
hsa-miR-3940-5p	0.00023624887923378934	0.005131145164396526	0.0003845840598932091	0.9942480218964765
hsa-miR-3941	0.00015313924523580524	0.05087731456097941	0.00034407972009673854	0.9486254664736882
hsa-miR-3942-3p	1.453865643430554e-05	0.1891623754078976	0.0004197548039646157	0.8104033311317036
hsa-miR-3942-5p	1.0005124106694368e-05	0.09209386004187665	3.5375651885260015e-09	0.9078961312964515
hsa-miR-3943	0.0006468277418934784	0.009240971404534882	0.0007066446374971661	0.9894055562160745
hsa-miR-3944-3p	0.001521731048495253	0.2838766716552769	0.0002540718455310722	0.7143475254506968
hsa-miR-3944-5p	0.0006672490549990445	0.12653020945224794	0.00175477726601157	0.8710477642267414
hsa-miR-3945	0.00037102589218566034	0.009277127835206244	0.000273660070674113	0.9900781862019339
hsa-miR-3960	0.00027297599387616833	0.3169931544151886	0.000269953763745275	0.6824639158271899
hsa-miR-3972	6.19062883560167e-05	0.0011437785447387585	2.4492907546074676e-06	0.9987918658761505
hsa-miR-3976	0.0004178888320065824	0.0033936607901821716	0.00018833841579793607	0.9960001119620133
hsa-miR-3978	0.00013497861256871717	0.0002857564848513644	8.327936097807642e-06	0.999570936966482
hsa-miR-409-3p	0.0034746676256476507	0.19326197560453065	0.004527922050831561	0.7987354347189902
hsa-miR-409-5p	8.7907845683732e-05	0.5317724433971133	7.288810687163967e-05	0.4680667606503314
hsa-miR-410-3p	7.701886362295723e-05	0.47902685908752307	1.2793560343044745e-05	0.5208833284885109
hsa-miR-410-5p	8.760075414803287e-06	0.0019884104245092263	2.6331438026585475e-05	0.9979764980620495
hsa-miR-411-3p	0.0004944339830931569	0.32881681775996446	0.00028773456949500513	0.6704010136874473
hsa-miR-411-5p	0.00017685615210933565	0.46734337249672064	2.0836248740709425e-05	0.5324589351024294
hsa-miR-412-3p	1.2963162651393886e-05	0.03211622982940385	0.000235646987168452	0.9676351600207763
hsa-miR-412-5p	1.8512976652376244e-06	0.45385861120147863	7.224943137288728e-07	0.5461388150065425
hsa-miR-421	0.0002365820307358737	0.5711467188432603	2.2333685725892673e-06	0.4286144657574314
hsa-miR-422a	4.035165462172651e-05	0.34422636738239004	0.0002746894834353329	0.655458591479553
hsa-miR-423-3p	0.0003923993675732862	0.7727193554962576	3.8514841473650034e-05	0.22684973029469563
hsa-miR-423-5p	0.008911687179356658	0.4580509306592071	0.0008268800855204031	0.5322105020759159
hsa-miR-424-3p	0.009205342587111693	0.6574631222519361	0.0013359658315810466	0.3319955693293712
hsa-miR-424-5p	0.00010978977498388416	0.5912540954777924	0.0016622169175651454	0.4069738978296586
hsa-miR-425-3p	0.00010520008646794439	0.39000109279172196	0.00024053885387183835	0.6096531682679383
hsa-miR-425-5p	0.0003594276555183006	0.693073948389011	4.191772749583525e-05	0.30652470622797484
hsa-miR-4253	7.878684554341346e-05	0.0005703147288220925	7.868995403663865e-05	0.9992722084715978
hsa-miR-4254	0.00023852214121589723	0.0008341037663244579	4.680463527879269e-06	0.9989226936289318
hsa-miR-4255	0.00018219780350391167	0.002225011977888923	0.00038976437694107386	0.997203025841666
hsa-miR-4257	6.69766429309598e-05	0.005477488198470816	5.0427024272270205e-05	0.9944051081343259
hsa-miR-4258	0.00010131239341400849	0.0008232993444356369	1.3635707051639965e-05	0.9990617525550987
hsa-miR-4259	0.00023410307750144435	0.002088003104393842	0.0003326984564810806	0.9973451953616237
hsa-miR-4260	8.448102809004345e-05	0.00039585521932108107	2.9503578515843264e-05	0.9994901601740731
hsa-miR-4261	0.0009088969171764535	0.004299804014729152	5.043038762231112e-05	0.9947408686804722
hsa-miR-4265	1.2250237589558751e-05	0.00505859519241591	0.00010079827146630757	0.9948283562985283
hsa-miR-4266	7.103099198228389e-05	0.0014369932075333726	5.2049236213454974e-05	0.9984399265642709
hsa-miR-4267	0.0001399403056817212	0.002168222815176634	0.00023064276384542092	0.9974611941152963
hsa-miR-4268	0.0002644635298658923	0.001094201691781725	0.0001266669088051349	0.9985146678695473
hsa-miR-4270	8.792417212187062e-05	0.00388158308369227	2.8197628926097453e-06	0.9960276729812934
hsa-miR-4271	1.444569215987122e-08	0.0035542227483498744	3.540980477554312e-06	0.9964422218254804
hsa-miR-4274	2.1141133318003524e-05	0.003618838449156125	4.045605445980935e-06	0.9963559748120799
hsa-miR-4279	3.352799197282691e-06	0.00239220830994756	8.36585868290563e-06	0.9975960730321722
hsa-miR-4280	9.290203910795576e-05	0.004878527117259888	1.5951741421897858e-06	0.9950269756694899
hsa-miR-4281	2.3604125373792954e-05	0.0025929007580196696	0.00014574968826318394	0.9972377454283433
hsa-miR-4282	0.00013213549633830503	0.0007132367614548916	4.377490302168651e-05	0.9991108528391851
hsa-miR-4284	0.00017689759421686698	0.373039434505136	0.0006178614538660196	0.6261658064467812
hsa-miR-4286	4.026828529896347e-06	0.5136121380526287	0.001120007843777626	0.4852638272750637
hsa-miR-4288	0.00023589923544250935	0.0016486140879775654	4.4346241825334583e-05	0.9980711404347546
hsa-miR-4289	0.005758980657162573	0.147789607784627	0.0008264307300481147	0.8456249808281624
hsa-miR-429	5.7268948660791945e-05	0.06256207447967328	0.0002251306734191333	0.9371555258982469
hsa-miR-4290	3.4039281001533346e-05	0.0019753353789702566	0.0001268535272805586	0.9978637718127477
hsa-miR-4291	3.662506352486911e-05	0.00015140978111005858	3.140175331847607e-05	0.9997805634020467
hsa-miR-4292	0.00048351399215624825	0.0011702377994365746	7.684130304604338e-05	0.9982694069053611
hsa-miR-4293	4.7294726301290105e-05	0.00016545720989139448	1.4830201570484742e-05	0.9997724178622368
hsa-miR-4296	0.00018856722466390843	0.0008067067342147529	2.2576407934565605e-05	0.9989821496331868
hsa-miR-4297	8.698169795454374e-05	0.02370950368107899	0.0001046707415881156	0.9760988438793784
hsa-miR-4298	3.1788638317271484e-05	0.011166642662907143	0.0008986263470214651	0.9879029423517541
hsa-miR-4300	0.00017004204592275973	0.0022178439912656864	0.00023606288469164263	0.99737605107812
hsa-miR-4301	0.0047190490681418215	0.1562828872445603	0.0006250443049343905	0.8383730193823634
hsa-miR-4302	0.0002330912461850035	0.0009338618261505783	0.0002915623417906494	0.9985414845858738
hsa-miR-4303	5.5908401972109686e-05	0.00019579875632912854	3.551695093584072e-06	0.9997447411466052
hsa-miR-4306	8.672758485864116e-05	0.36430817439159213	0.0013281569602707007	0.6342769410632786
hsa-miR-4307	0.00012003620332607088	0.0014755313522874004	9.73616039389889e-05	0.9983070708404476
hsa-miR-4308	9.441403614321674e-05	0.0008962129891209833	3.739861600183863e-05	0.998971974358734
hsa-miR-4309	2.1869287377454668e-05	0.00012349031308515855	0.00061913808065607	0.9992355023188813
hsa-miR-431-3p	0.00012353505055207932	0.20718858140855959	0.0005165177487370323	0.7921713657921513
hsa-miR-431-5p	0.0003719240072269455	0.4888381633174932	1.057530190377875e-05	0.5107793373733761
hsa-miR-4310	8.01495264195552e-05	0.0018382024886774019	0.000304515508694251	0.9977771324762087
hsa-miR-4311	6.855828866333461e-05	0.004869397812156887	0.00020297523946929478	0.9948590686597105
hsa-miR-4312	7.484736109749687e-05	0.0013087556471465492	0.0005876423821232598	0.9980287546096328
hsa-miR-4313	8.390983637574608e-05	0.000779643753331111	2.890328566376521e-05	0.9991075431246293
hsa-miR-4314	3.2385097130978095e-05	0.013100244455359174	0.00014100244617133362	0.9867263680013385
hsa-miR-4315	0.0003110709255666444	0.011857303497663911	7.402807354604103e-05	0.9877575975032233
hsa-miR-4316	0.00028938876412689545	0.001151239304984458	0.0003392523594597833	0.9982201195714289
hsa-miR-4317	0.0006598806496736425	0.05789126580172005	5.4651830348489784e-05	0.9413942017182578
hsa-miR-4318	0.0002493335628344079	0.002483061538715928	1.134759820552326e-05	0.9972562573002441
hsa-miR-4319	6.413096529065372e-05	0.0003541423866677305	3.454015134887175e-05	0.9995471864966928
hsa-miR-432-3p	4.036072016406521e-06	0.16286365684883092	1.2125697168640163e-06	0.8371310945094358
hsa-miR-432-5p	9.23049559274686e-05	0.4497763029298663	0.004975838584870186	0.545155553529336
hsa-miR-4321	0.0003765583275784526	0.004485466547790835	1.0556085975415418e-08	0.9951379645685448
hsa-miR-4322	1.0405077448956868e-05	0.0018212319723895833	3.792298912621093e-05	0.9981304399610352
hsa-miR-4323	0.0005410411277748918	0.23920515974741746	0.00028509579848496046	0.7599687033263227
hsa-miR-4324	0.00029959228452014806	0.05803137529632151	6.47600582240361e-05	0.9416042723609344
hsa-miR-4325	0.0003216352363706518	0.023331668926642915	8.135248904386973e-05	0.9762653433479427
hsa-miR-4326	0.00052750574132353	0.22230347850239374	0.0003941639562384435	0.7767748518000444
hsa-miR-4327	0.0003157299423079593	0.0019724049791917616	0.0002316961699029758	0.9974801689085973
hsa-miR-4328	4.824669784711434e-06	0.003175675002125046	4.548846268008583e-05	0.9967740118654103
hsa-miR-433-3p	0.000698288111845436	0.14870557123007203	0.006119354729258019	0.8444767859288246
hsa-miR-433-5p	0.0004224843720483903	0.0107835309121235	0.0003101817872499356	0.9884838029285782
hsa-miR-4330	0.00015674383934371791	0.0006897806913697735	0.0003125244365986116	0.9988409510326879
hsa-miR-4418	0.0002864191342715937	0.0005481867108781742	2.7672434964943673e-05	0.9991377217198852
hsa-miR-4420	8.425469387479365e-05	0.43319817662464616	5.132816904532982e-05	0.5666662405124337
hsa-miR-4421	1.750744638952595e-05	0.15749279886670553	0.00047735063646994167	0.842012343050435
hsa-miR-4422	8.033306065234238e-05	0.2468528623489181	0.0003722595283561348	0.7526945450620733
hsa-miR-4423-3p	2.988487575257911e-05	0.41415241238561407	1.530027528600077e-05	0.5858024024633474
hsa-miR-4423-5p	0.00037027045555292526	0.010618051445808652	0.0005409014084043232	0.9884707766902341
hsa-miR-4424	0.00010686235859957574	0.29284311445867034	0.0008275258491197644	0.7062224973336104
hsa-miR-4425	1.2907000298375464e-05	0.46243028143849946	0.00016440769044801803	0.5373924038707542
hsa-miR-4426	5.645123329509948e-05	0.08831133559219306	0.0009520892740641013	0.9106801239004477
hsa-miR-4427	1.0800222274506117e-06	0.021349535896312815	6.120289618217385e-06	0.9786432637918414
hsa-miR-4428	0.0001483830768756898	0.0006822586363351944	0.00011387239697468054	0.9990554858898145
hsa-miR-4429	0.0008581252419857026	0.3862419036260915	2.7812951080405093e-05	0.6128721581808424
hsa-miR-4430	0.00011197825644574336	0.01245616379831387	4.500437550126134e-06	0.9874273575076904
hsa-miR-4431	0.000514375416058315	0.03342014914087419	7.755488788368446e-05	0.9659879205551839
hsa-miR-4432	2.970944296462368e-06	0.013694315677961389	0.0002141294738344671	0.9860885839039077
hsa-miR-4433a-3p	0.00013552688953529012	0.1819964726958634	0.0007045365607009163	0.8171634638539004
hsa-miR-4433a-5p	2.772509645342058e-06	0.06682132679620233	0.0038834279550424332	0.9292924727391099
hsa-miR-4433b-3p	0.0005647389668298409	0.4928559998416174	0.0001254480624235843	0.5064538131291291
hsa-miR-4433b-5p	0.017099561194497313	0.19155357959408073	0.0004444340655134445	0.7909024251459085
hsa-miR-4434	0.00012304427004234273	0.22838767208850677	4.037744515866048e-06	0.771485245896935
hsa-miR-4435	6.430582947755665e-06	0.14729975594066405	0.0016355296444293258	0.8510582838319588
hsa-miR-4436a	9.971947166778396e-05	0.010020643231116844	1.990004406979466e-05	0.9898597372531456
hsa-miR-4436b-3p	0.00010443948578321625	0.003131027016999599	0.00014944367587589868	0.9966150898213413
hsa-miR-4436b-5p	1.0480746241936408e-05	0.0032339799187337897	0.0007894441734079242	0.9959660951616163
hsa-miR-4437	0.000128179666371891	0.07950486335904498	4.652773331203783e-06	0.920362304201252
hsa-miR-4438	0.00011799638850449976	0.048818987145811045	0.0006885190473603759	0.9503744974183241
hsa-miR-4439	0.00016810037734564886	0.0009469638054706512	0.0009867731623605313	0.9978981626548231
hsa-miR-4440	0.0029928636321385283	0.1933140447172709	9.037243679947427e-05	0.803602719213791
hsa-miR-4441	0.00023150271750673878	0.000647235675985991	5.9881356548374406e-06	0.9991152734708524
hsa-miR-4442	0.00010216767642918298	0.01075465648175765	3.365193859354999e-07	0.9891428393224273
hsa-miR-4443	0.03130993951665289	0.05028235217149481	0.0002117070234128812	0.9181960012884394
hsa-miR-4444	4.9736928768719416e-05	0.026166581295203925	0.00022836327351326375	0.973555318502514
hsa-miR-4445-3p	6.562037873487838e-05	0.033363462208024386	0.00021831346295608805	0.9663526039502847
hsa-miR-4445-5p	2.096836298863753e-05	0.026501952156362113	9.935015894731606e-05	0.973377729321702
hsa-miR-4446-3p	0.0006962712730903739	0.49057064296781444	0.000235487677597796	0.5084975980814974
hsa-miR-4446-5p	8.984787088489378e-06	0.10226663386244579	4.69209642355256e-05	0.8976774603862301
hsa-miR-4447	2.730152478965841e-06	0.0017903700262497484	0.00019340603882262933	0.9980134937824486
hsa-miR-4448	0.0011079747229680388	0.4074113084980552	0.0023477566808062403	0.5891329600981705
hsa-miR-4449	0.002019128096950684	0.2078974577891854	3.4410960681720503e-07	0.7900830700042571
hsa-miR-4450	0.0004257290215412602	0.0002335396673540634	0.0009038200321219912	0.9984369112789827
hsa-miR-4451	4.35937079749721e-06	0.018059035268675746	0.00015023149195547505	0.9817863738685713
hsa-miR-4452	1.9877766650066513e-05	0.0025912992316312225	0.0007539138736829141	0.9966349091280358
hsa-miR-4453	5.7349456661943926e-06	0.0072945604554687515	8.148998125915351e-05	0.9926182146176059
hsa-miR-4454	0.0005225178937263851	0.541649088518434	0.0009059983668746418	0.456922395220965
hsa-miR-4455	0.0001439486239242411	0.0031195434127137007	0.00015999621637672432	0.9965765117469852
hsa-miR-4456	0.0003733898594408596	0.0006830980088899472	1.8370921536208276e-05	0.998925141210133
hsa-miR-4457	1.1249678040799962e-06	0.04891531597147772	1.0264903489127302e-05	0.9510732941572291
hsa-miR-4458	2.434190561840497e-07	0.034632710580305544	0.00029337207858234036	0.965073673922056
hsa-miR-4462	8.227777126150641e-05	0.0022358025393692444	1.4355692616252733e-05	0.997667563996753
hsa-miR-4463	0.0015788333064099078	0.003357135976468841	0.00042613464062867353	0.9946378960764926
hsa-miR-4464	4.0734384060143865e-06	0.6072037116798027	0.0006913078444066321	0.3921009070373847
hsa-miR-4465	3.174879999647681e-08	0.0017639914156825903	0.0001908991179301054	0.9980450777175873
hsa-miR-4466	7.741975783908703e-05	0.03305618464498553	0.0001962720989820422	0.9666701234981933
hsa-miR-4467	0.006595244036691849	0.14655077703291078	0.0021975649761390432	0.8446564139542583
hsa-miR-4468	3.432950271193445e-05	0.0008892111293856823	4.824672862524103e-05	0.9990282126392771
hsa-miR-4469	5.644128203711433e-05	0.0018788944387483446	0.00046678504032675284	0.9975978792388878
hsa-miR-4470	0.00010345821644840492	0.28713901694750543	5.033623204010939e-05	0.7127071886040061
hsa-miR-4471	1.324556076319035e-05	0.05160575554757973	0.00022627013914136218	0.9481547287525158
hsa-miR-4472	5.944021130580107e-05	0.0033998064779929486	0.0001190056773153512	0.9964217476333859
hsa-miR-4473	2.3352083490423853e-07	0.5147835540041139	0.002864287107717848	0.4823519253673334
hsa-miR-4474-3p	7.586717015431021e-08	0.12390225268942832	0.00010363025247481808	0.8759940411909267
hsa-miR-4474-5p	0.00022258184372043154	0.2553257837833904	0.0010766719451758846	0.7433749624277133
hsa-miR-4475	0.00021496583841164842	0.0016532570661587666	8.776961412679338e-05	0.9980440074813028
hsa-miR-4476	0.0002179452876846663	0.01947673434550803	0.0019020181936034552	0.9784033021732038
hsa-miR-4477a	0.00018681342988559994	0.26154833156608914	0.00018532536940783225	0.7380795296346174
hsa-miR-4477b	1.3461254680658057e-05	0.4081412286629036	1.523676452890323e-05	0.5918300733178868
hsa-miR-4478	0.0006143510738538917	0.008639765614867184	7.325357275837746e-08	0.9907458100577062
hsa-miR-4479	0.00035519934819496375	0.2440368636614601	2.3219423774634263e-05	0.7555847175665703
hsa-miR-448	0.00011834461452719851	0.030274416281477815	0.0008938166388606754	0.9687134224651344
hsa-miR-4480	0.00013831319078854546	0.09529565263805166	3.0065208592118707e-05	0.9045359689625676
hsa-miR-4481	2.5691119972302497e-05	0.0015715055803048675	6.178590292955425e-06	0.9983966247094298
hsa-miR-4482-3p	0.0015024367861449254	0.07825887203971467	8.695017813705923e-06	0.9202299961563267
hsa-miR-4482-5p	0.00011966722288413372	0.03414599348540952	5.752075801089431e-05	0.9656768185336955
hsa-miR-4483	3.6384092922124614e-05	0.00011691092930075044	0.0001651576390821224	0.999681547338695
hsa-miR-4484	1.850714923394011e-06	0.5451444045595223	0.0004845919356465991	0.45436915278990775
hsa-miR-4485-3p	0.0003937479106240215	0.5902968911586091	0.0003034861332965345	0.4090058747974704
hsa-miR-4485-5p	0.00015355316590821063	0.02856818404526763	0.0004802957614413189	0.9707979670273827
hsa-miR-4486	0.00015507786117104294	0.016843577490863453	6.110752322100827e-07	0.9830007335727333
hsa-miR-4487	0.0002734332909628729	0.012215897386107994	5.47602506183584e-05	0.9874559090723107
hsa-miR-4488	0.005249560044708104	0.03226693270729545	0.0012680758881300062	0.9612154313598664
hsa-miR-4489	0.0018073301208272818	0.11937526415865139	0.00010689350233840425	0.878710512218183
hsa-miR-4490	9.596687843978067e-06	0.010478909272210572	0.00010492552017682172	0.9894065685197686
hsa-miR-4491	3.827467980657848e-05	0.3608807737899825	3.4710613650244366e-05	0.6390462409165607
hsa-miR-4492	5.07952576580575e-05	0.022382990071236775	5.727597133474815e-05	0.9775089386997704
hsa-miR-4493	7.242716283769535e-07	0.008524306259854222	7.481999845323094e-05	0.9914001494700642
hsa-miR-4494	0.00012919813539491933	0.023857450188054418	6.454458892526956e-05	0.9759488070876254
hsa-miR-4496	0.00011357072357218775	0.024526011307475986	7.194716421482928e-06	0.9753532232525305
hsa-miR-4497	0.0014116073626642019	0.015356361299461545	0.0006737826031410307	0.9825582487347333
hsa-miR-4498	0.00047233867068651754	0.11680062469211804	0.0002076802237123849	0.882519356413483
hsa-miR-4499	1.3257205936458704e-05	0.011288705449143456	3.240610710616171e-05	0.988665631237814
hsa-miR-449a	1.4322647000586104e-05	0.10060570480823482	2.691182153840915e-05	0.8993530607232263
hsa-miR-449b-3p	6.299429665347196e-05	0.033098744405197306	0.00017270663322706116	0.9666655546649221
hsa-miR-449b-5p	0.0003845141049047228	0.004355840106839354	0.00011685084913193526	0.9951427949391239
hsa-miR-449c-3p	2.7243631715428902e-05	0.017374360962899862	3.7669579383011894e-06	0.9825946284474465
hsa-miR-449c-5p	0.0013380247038321856	0.1046215341853514	0.002603716322730399	0.8914367247880859
hsa-miR-4500	1.1594388359034216e-05	0.26232706036262227	5.505499424311464e-05	0.7376062902547756
hsa-miR-4501	9.027813556629115e-05	0.0005788626932995416	3.5607329487054604e-06	0.9993272984381856
hsa-miR-4502	1.5684516901972876e-05	0.0008157543001463528	0.0006142876318341386	0.9985542735511175
hsa-miR-4503	0.0003279624146210048	0.08975612799026014	0.0015248062336998128	0.908391103361419
hsa-miR-4504	0.00044668172490722446	0.329526881059894	0.001133720363025473	0.6688927168521733
hsa-miR-4505	0.0001301104454285777	0.03857190736903049	0.00022387949371193992	0.961074102691829
hsa-miR-4506	3.943016137710082e-05	0.0006406728140485932	2.7916247314542508e-05	0.9992919807772598
hsa-miR-4507	0.0014409325279656573	0.08875283459987593	5.516912184531208e-05	0.9097510637503131
hsa-miR-4508	7.374767436987212e-05	0.12999072938222028	6.454219958064978e-05	0.8698709807438292
hsa-miR-4509	0.00023067296493451423	0.0010344352226443385	9.622684405175585e-07	0.9987339295439807
hsa-miR-450a-1-3p	0.0007741880587294655	0.11088138434843356	0.0004145777167121125	0.8879298498761248
hsa-miR-450a-2-3p	0.00555820800724002	0.028817513303175724	0.0012773510078563186	0.9643469276817279
hsa-miR-450a-5p	0.0013692692461063328	0.5641671965474588	0.0008224172285074011	0.43364111697792745
hsa-miR-450b-3p	7.684476265597727e-05	0.16029194561239582	0.0005529281557779454	0.8390782814691703
hsa-miR-450b-5p	0.0005600020390827168	0.6670632558066889	6.326379301995395e-05	0.3323134783612084
hsa-miR-4510	0.00011501707400059892	0.21669914961463876	0.00028801665529877855	0.782897816656062
hsa-miR-4511	0.0004544604539385463	0.416563612376873	3.1004721386037646e-05	0.5829509224478026
hsa-miR-4512	7.836427058324178e-05	0.06891607478095191	2.7736072835831933e-05	0.930977824875629
hsa-miR-4513	2.0566243225877874e-05	0.11683381749038016	3.2241950528996225e-07	0.8831452938468886
hsa-miR-4514	0.0006597321453227066	0.002022579764785672	0.0011633127693724905	0.9961543753205192
hsa-miR-4515	4.166654321408489e-06	0.020056467724947527	1.7574485095487967e-06	0.9799376081722214
hsa-miR-4516	0.0022000527265158554	0.03338132629869183	0.00019299103137288093	0.9642256299434195
hsa-miR-4517	0.0003122394886869173	0.3206761378900369	0.0001901675363881318	0.678821455084888
hsa-miR-4518	0.00015249552820901938	0.38364825294072064	0.0006450177721537084	0.6155542337589167
hsa-miR-4519	2.3543828738756655e-06	0.027140683353771084	4.163420571812893e-06	0.9728527988427831
hsa-miR-451a	0.00012977848601802497	0.5123134280387273	0.0013256965586345858	0.48623109691662014
hsa-miR-451b	5.539053529585865e-06	0.5525027586700857	0.0038302806783814336	0.44366142159800326
hsa-miR-452-3p	0.0007014456302060311	0.0028679361345532533	1.600620913601767e-05	0.9964146120261046
hsa-miR-452-5p	3.9783824384512e-05	0.6954756993629224	8.784299455103428e-05	0.304396673818142
hsa-miR-4520-2-3p	3.818947281389057e-05	0.009402534200061291	8.51799467640964e-05	0.9904740963803608
hsa-miR-4520-3p	0.00032271132790514986	0.05204214178031833	1.5749106691769829e-06	0.9476335719811074
hsa-miR-4520-5p	9.8376536252294e-05	0.0021147797240135906	5.7332159982983905e-05	0.9977295115797511
hsa-miR-4521	0.0001722466369288443	0.5801654080163794	0.0004921451207243209	0.41917020022596735
hsa-miR-4522	0.00018143363929453373	0.14488436151149028	4.079595293242038e-06	0.854930125253922
hsa-miR-4523	2.944388846501159e-06	0.3826571648475859	5.9875343294245914e-05	0.6172800154202733
hsa-miR-4524a-3p	6.922189288374096e-05	0.002419081333925243	3.1634657332660636e-05	0.9974800621158585
hsa-miR-4524a-5p	0.00017295049640662222	0.0011239327754161035	6.6333601055578545e-06	0.9986964833680717
hsa-miR-4524b-3p	0.0004712691952910459	0.0016358248137233826	0.0007282365014575709	0.9971646694895281
hsa-miR-4524b-5p	4.2713202696081723e-05	0.002513723295439597	9.428453163232189e-05	0.9973492789702321
hsa-miR-4525	0.00045333757413956066	0.2800619805500133	8.441093836111945e-05	0.719400270937486
hsa-miR-4526	0.0010042797775818416	0.026307886414645393	2.21721528637424e-05	0.9726656616549091
hsa-miR-4527	0.00017891629466682931	0.00019873116647999714	5.858905817901436e-05	0.9995637634806741
hsa-miR-4529-3p	0.00018304017068248587	0.003370677554819339	9.367389242493935e-05	0.9963526083820733
hsa-miR-4529-5p	1.0530786928926022e-06	0.25550000809103157	6.953106110095746e-05	0.7444294077691747
hsa-miR-4530	3.662262651004889e-05	0.0012528025743206155	3.509014968139473e-05	0.9986754846494881
hsa-miR-4531	5.375746617011235e-05	0.3439520461387477	0.0019207507641162904	0.6540734456309658
hsa-miR-4533	3.4458923864279914e-06	0.07959653365711988	1.8136399053763267e-05	0.92038188405144
hsa-miR-4534	1.2006727217486985e-05	0.005345554374262923	5.8893311178840684e-05	0.9945835455873407
hsa-miR-4535	0.00013755685353825393	0.0013813857445282936	4.5797485139133593e-05	0.9984352599167943
hsa-miR-4536-3p	4.6592483393765714e-05	0.5985025520414309	0.00023233564689798686	0.40121851982827744
hsa-miR-4536-5p	0.00011963107750901806	0.4686660301749055	0.0004932749262537336	0.5307210638213318
hsa-miR-4537	4.559249267284156e-05	0.020571394855362937	0.00010980145609775501	0.9792732111958664
hsa-miR-4538	2.3443088053013962e-05	0.01690178850482427	6.588946668579587e-06	0.9830681794604542
hsa-miR-4539	0.0008239408994432688	0.10269973157691079	9.311243315286346e-08	0.8964762344112128
hsa-miR-454-3p	0.0009984215210700796	0.4199098614124648	0.00400694256949358	0.5750847744969715
hsa-miR-454-5p	0.0013494775457278444	0.6119546103146823	1.6294993034700995e-05	0.38667961714655497
hsa-miR-4540	8.466924220366657e-05	0.0009641588214656156	4.59879951220272e-05	0.9989051839412088
hsa-miR-455-3p	9.121319984013678e-05	0.11374758671509379	0.00023395324746016454	0.885927246837606
hsa-miR-455-5p	9.351003571299482e-05	0.673967339805532	7.900941581108171e-05	0.3258601407429439
hsa-miR-4632-3p	0.0007624454413446291	0.20943679801002152	0.00046216327296120125	0.7893385932756728
hsa-miR-4632-5p	0.00021831401590378897	0.020083476924524897	2.4393542599507136e-05	0.9796738155169717
hsa-miR-4633-3p	0.00020649194432182424	0.0009945686797098322	8.653604937834034e-05	0.99871240332659
hsa-miR-4633-5p	0.00024024434434189793	0.00029118578583267607	6.184910090053494e-05	0.9994067207689249
hsa-miR-4634	0.0002360466914976887	0.0013419188106296401	1.346616819764426e-05	0.9984085683296751
hsa-miR-4635	2.9503183261525193e-05	0.3957662450598439	0.000589070770257197	0.6036151809866375
hsa-miR-4636	8.473861851284668e-05	0.09488917150882877	6.541974389460987e-05	0.9049606701287637
hsa-miR-4637	5.703057380378876e-05	0.12125758380260386	0.0010033935788694216	0.8776819920447229
hsa-miR-4638-3p	4.14989439864268e-05	0.03132459870405182	0.0006685501845269423	0.9679653521674348
hsa-miR-4638-5p	0.0003224158360285947	0.08437720956814537	4.003484076601487e-05	0.91526033975506
hsa-miR-4639-3p	0.0006718555662164204	0.19766341707226814	0.0005152342154977386	0.8011494931460177
hsa-miR-4639-5p	2.0758599016723807e-06	0.04961963443810629	0.00010712813716677835	0.9502711615648253
hsa-miR-4640-3p	7.700861626093884e-05	0.021450890944362606	0.00039568885701580164	0.9780764115823607
hsa-miR-4640-5p	2.5114095470173248e-05	0.005515215314389091	6.877491531504509e-05	0.9943908956748256
hsa-miR-4641	0.00012998695537273702	0.0056653003304404535	4.857830320672009e-06	0.9941998548838661
hsa-miR-4642	0.0002686337283091238	0.057261045681529316	0.0025823592775443796	0.9398879613126172
hsa-miR-4643	9.055028197678851e-05	0.00041279328159667654	7.281075791186288e-05	0.9994238456785147
hsa-miR-4644	0.003306439214916781	0.051336905639827984	4.826455417086217e-08	0.9453566068807011
hsa-miR-4645-3p	2.098137160119459e-06	0.6877090681744594	5.4128697540918534e-05	0.31223470499083955
hsa-miR-4645-5p	0.0003997999833041781	0.15954560101189857	5.048038837179474e-06	0.8400495509659601
hsa-miR-4646-3p	0.004471410082283311	0.12533903590785145	0.0008156548460538903	0.8693738991638114
hsa-miR-4646-5p	0.002309736296557165	0.5689448341917265	1.3786422239975179e-06	0.4287440508694924
hsa-miR-4647	0.0013354323728199107	0.3286807678340866	7.034013957237229e-06	0.6699767657791362
hsa-miR-4648	3.873525791358879e-05	0.004623371377923518	2.2892232201090565e-07	0.995337664441841
hsa-miR-4649-3p	0.00018069327290981297	0.0040548185624495105	0.00013161810163343212	0.9956328700630072
hsa-miR-4649-5p	5.985748809519873e-06	0.001222066500340784	0.00010357483956316811	0.9986683729112865
hsa-miR-4650-3p	8.332201098207832e-05	0.0018000039287053573	8.511551508772594e-05	0.998031558545225
hsa-miR-4650-5p	1.0364394413034357e-05	0.002023603379202244	4.186897023251218e-07	0.9979656135366823
hsa-miR-4651	6.832611975519901e-06	0.029465576120646365	6.456332892021659e-07	0.9705269456340889
hsa-miR-4652-3p	2.652879649966447e-05	0.004082315137381372	1.686755540575019e-05	0.9958742885107132
hsa-miR-4653-3p	0.00031359148585042613	0.00310307993572849	0.0005076159548596201	0.9960757126235614
hsa-miR-4653-5p	0.00013441506244003508	0.005399013003112167	3.299210088037827e-07	0.994466242013439
hsa-miR-4654	0.0006251649098848386	0.1031433849717557	7.823063999944149e-05	0.89615321947836
hsa-miR-4655-3p	2.2292550662414817e-06	0.00168634027812735	2.8777242343359806e-05	0.9982826532244632
hsa-miR-4655-5p	0.0008035816590585934	0.025569434542753355	1.3585672132922537e-05	0.9736133981260551
hsa-miR-4656	1.1937605025116473e-05	0.00020567960181617297	2.5998747298161277e-06	0.9997797829184288
hsa-miR-4657	0.00032874233753450304	0.1257207856276588	5.2786027218810355e-05	0.8738976860075879
hsa-miR-4658	7.077149872967639e-07	0.05232509894132688	5.256095100491108e-05	0.9476216323926809
hsa-miR-4659a-3p	0.0031589445703411466	0.33983702075561406	0.0007766798224817771	0.656227354851563
hsa-miR-4659a-5p	0.0019284787240165858	0.3462682156179593	0.0001688400975105462	0.6516344655605135
hsa-miR-4659b-3p	0.0076214398404551445	0.48615453098615213	0.0001238336620394814	0.5061001955113533
hsa-miR-4659b-5p	0.0040295791693818715	0.34400826143590135	0.0007112618667340123	0.6512508975279828
hsa-miR-466	4.6600956588974497e-05	0.0016291930851695677	0.0002468146068571616	0.9980773913513843
hsa-miR-4660	0.0037779819193776228	0.06517773510015452	0.0005886590851650447	0.9304556238953028
hsa-miR-4661-3p	3.8044290377031196e-06	0.009601442855924753	1.4560990422999717e-06	0.9903932966159953
hsa-miR-4661-5p	0.0001194565878025049	0.26992942949626264	0.0017407548161525615	0.7282103590997823
hsa-miR-4662a-3p	2.4272402678178835e-06	0.37242713561564866	0.00033963492267227263	0.6272308022214114
hsa-miR-4662a-5p	0.0005388126733405284	0.4110722866894349	0.000212724867457648	0.5881761757697668
hsa-miR-4662b	0.00030889966101096136	0.13303464272956303	2.5878939483237552e-05	0.8666305786699428
hsa-miR-4663	0.00036514695980051576	0.014328305795388251	0.0001964556694376511	0.9851100915753735
hsa-miR-4664-3p	0.00023429454993159447	0.1951316000114149	0.002292867998930968	0.8023412374397225
hsa-miR-4664-5p	5.521665713874997e-06	0.09501851741702604	0.0009721547579884407	0.9040038061592716
hsa-miR-4665-3p	0.00025834108988411603	0.0004251417762086401	8.909639788145128e-06	0.9993076074941191
hsa-miR-4665-5p	0.00010531158811710601	0.19298157931789708	0.0001329908192085062	0.8067801182747772
hsa-miR-4666a-3p	5.572100299504949e-05	0.000873145838259644	0.0004477282173748074	0.9986234049413706
hsa-miR-4666a-5p	0.00030456658996859745	0.006942924471112384	4.862212780251569e-07	0.992752022717641
hsa-miR-4666b	5.7998501233146605e-05	0.0015105849054447527	6.938665991636706e-06	0.9984244779273305
hsa-miR-4667-3p	1.3777333160794774e-06	0.017953699809839997	0.0003760127080063746	0.9816689097488376
hsa-miR-4667-5p	6.258441708517388e-05	0.10419378989280766	0.00048625843252006706	0.8952573672575871
hsa-miR-4668-3p	1.7205469717119726e-06	0.14410555838612493	8.362579248312302e-06	0.8558843584876551
hsa-miR-4668-5p	0.0003592041866331055	0.045839801666398734	0.00016170433710175033	0.9536392898098663
hsa-miR-4669	0.0002547447732330818	0.23704307925343115	0.0010509564263127698	0.761651219547023
hsa-miR-4670-3p	3.833073445533954e-05	0.1009972919177674	3.5150223430907876e-06	0.8989608623254343
hsa-miR-4670-5p	7.969743896913014e-05	0.01838483835196476	7.903992275290809e-05	0.9814564242863132
hsa-miR-4671-3p	0.00010295993914917775	0.02990417012456037	4.0613714208041563e-05	0.9699522562220824
hsa-miR-4671-5p	5.294322080005407e-07	0.169745071927408	6.573856245506573e-05	0.8301886600779289
hsa-miR-4672	0.0012621128780007627	0.375779339766167	0.0003128408388823944	0.6226457065169498
hsa-miR-4673	1.5598457085562063e-05	0.007960382740256724	0.00012833125633107963	0.9918956875463266
hsa-miR-4674	1.4386757286008826e-05	0.004971592871436813	7.609633438336162e-06	0.9950064107378388
hsa-miR-4675	9.135445793445753e-05	0.00041516826550917454	7.985104812281688e-05	0.9994136262284337
hsa-miR-4676-3p	1.4060438934533651e-06	0.0756832740366354	4.857222031051982e-05	0.9242667476991606
hsa-miR-4676-5p	0.0006946867203537398	0.09316655466214792	3.181717548640216e-05	0.906106941442012
hsa-miR-4677-3p	0.00016045860391990783	0.5247700326083857	1.3949668777849894e-05	0.4750555591189164
hsa-miR-4677-5p	5.4216351759224165e-06	0.539876701139659	0.00039480200530711193	0.45972307521985795
hsa-miR-4678	0.0003905550424765802	0.12094239200363688	0.0010484861869425974	0.8776185667669439
hsa-miR-4679	1.3130537234117793e-05	0.20423900984439286	0.0004308241454167417	0.7953170354729563
hsa-miR-4680-3p	8.707157698606896e-05	0.2790546360350282	5.582161922809738e-05	0.7208024707687577
hsa-miR-4680-5p	2.536794554115098e-06	0.41990219487836333	9.257005022879145e-05	0.5800026982768538
hsa-miR-4681	0.00029288372683882293	0.009265454816206106	9.43219670692294e-05	0.9903473394898858
hsa-miR-4682	0.00038584846440784014	0.003776721128312367	4.680818367611675e-05	0.9957906222236037
hsa-miR-4683	0.0002645087084037718	0.05255920542923891	9.20923143653999e-09	0.9471762766531259
hsa-miR-4684-3p	0.00015141556693633096	0.20448314258201905	1.6104398526433263e-05	0.7953493374525182
hsa-miR-4684-5p	0.00016087460946432683	0.011208028015739368	4.406792162886779e-06	0.9886266905826334
hsa-miR-4685-3p	0.002338033686352453	0.39505573623585083	0.004192397488695694	0.598413832589101
hsa-miR-4685-5p	0.00026668497077307336	0.0029412053996070633	1.1928630816637026e-05	0.9967801809988032
hsa-miR-4686	8.929623957028794e-06	0.0028490189970693863	0.00012543922163700663	0.9970166121573365
hsa-miR-4687-3p	0.0007798257764896087	0.04669813752592326	6.87837842304989e-05	0.9524532529133567
hsa-miR-4687-5p	6.913177371135156e-05	0.052696522282492705	0.0034492457036261236	0.9437851002401698
hsa-miR-4688	0.00015790410763801826	0.01412845913662594	0.00027408723933579544	0.9854395495164003
hsa-miR-4689	2.5892020537470067e-06	0.008593480302549396	0.0001037310117004677	0.9913001994836964
hsa-miR-4690-3p	0.00044310161760159015	0.2589845608353671	3.396827833923236e-05	0.7405383692686921
hsa-miR-4690-5p	4.3361485456686024e-07	0.004358830955459776	4.3967361768647185e-05	0.995596768067917
hsa-miR-4691-3p	0.00015942718311966132	0.013852748962337907	0.00022148088976617483	0.9857663429647762
hsa-miR-4691-5p	0.0002665341642266144	0.0009326967128072164	0.0005472664340253726	0.9982535026889409
hsa-miR-4692	8.631675742890198e-05	0.0008222584564151469	1.3773315528454081e-05	0.9990776514706274
hsa-miR-4693-3p	0.00014189412933392705	0.0006678738907538537	4.2184163624538636e-05	0.9991480478162876
hsa-miR-4693-5p	0.00019598428779880861	0.0023645596595722723	7.117537381058318e-05	0.9973682806788183
hsa-miR-4694-3p	0.00017379056492318522	0.13676162767327532	8.713428937577118e-05	0.8629774474724258
hsa-miR-4695-3p	0.0006343397950902563	0.16339472442011532	0.0013162207107190905	0.8346547150740754
hsa-miR-4695-5p	0.0004729068084237532	0.03266315311203969	0.0006598027841610766	0.9662041372953755
hsa-miR-4697-3p	0.000170209519866656	0.007611676673858109	7.1090756087989e-06	0.9922110047306664
hsa-miR-4697-5p	6.694141514950307e-07	0.1187183013128974	0.00026143717464923875	0.8810195920983018
hsa-miR-4698	3.4549612330852605e-06	0.05064352054699497	5.505199588646672e-06	0.9493475192921834
hsa-miR-4699-3p	1.058777796560124e-05	0.006371918589223072	3.476978002323451e-05	0.993582723852788
hsa-miR-4699-5p	0.00012906091285039368	0.0212548850112416	2.195338742687458e-05	0.9785941006884811
hsa-miR-4700-3p	7.945142910080834e-06	0.03549947045913871	0.0001071972678499011	0.9643853871301014
hsa-miR-4700-5p	0.0003030781495366867	0.06083766183657284	2.3679182236842776e-06	0.9388568920956667
hsa-miR-4701-3p	0.00028792590858570924	0.013138438293205526	3.356185517656628e-05	0.9865400739430322
hsa-miR-4701-5p	0.0009101044237828765	0.15891522515203677	0.00016722140469762315	0.8400074490194827
hsa-miR-4703-3p	2.315747290753121e-05	0.19176206115985628	0.00021517869922534235	0.8079996026680109
hsa-miR-4703-5p	9.13464524331888e-05	0.021720138527883015	0.00015676858044722983	0.9780317464392365
hsa-miR-4704-5p	0.00012569048656820556	0.0008404375425295373	0.00015420581030894717	0.9988796661605933
hsa-miR-4705	0.00013058012365477182	0.07874132905578146	0.00036367698862107005	0.9207644138319426
hsa-miR-4706	1.1702641916111743e-05	0.0061593636482860405	0.00028640512226137777	0.9935425285875366
hsa-miR-4707-3p	0.0029119681548064325	0.0699744228314756	0.0007610918100997298	0.9263525172036182
hsa-miR-4707-5p	0.010225563957316075	0.10087274879604341	6.474337987752351e-05	0.8888369438667629
hsa-miR-4708-3p	2.514087259767186e-06	0.012793775079916681	0.0007568081210632533	0.9864469027117603
hsa-miR-4708-5p	1.9866943279217377e-06	0.006006611157222612	0.00013228375734138128	0.9938591183911082
hsa-miR-4709-3p	1.5152323157782001e-05	0.06645782735254584	4.854652015131433e-07	0.933526534859095
hsa-miR-4709-5p	0.00010494787229053551	0.14372678491316096	0.00017105756281424352	0.8559972096517342
hsa-miR-4710	8.649077901737595e-06	0.012978630833831033	3.439759567451297e-06	0.9870092803286998
hsa-miR-4711-3p	4.3659430988165204e-05	0.04210371514714473	2.6826077741909478e-05	0.9578257993441252
hsa-miR-4711-5p	6.680635116813547e-05	0.0008444986142261394	0.0002069740072893395	0.9988817210273163
hsa-miR-4712-3p	0.0003561109697058066	0.004713207241955656	0.0003447159302589091	0.9945859658580797
hsa-miR-4712-5p	8.427041351130748e-05	0.047735079158308005	9.817776476347999e-05	0.9520824726634172
hsa-miR-4713-3p	0.00012978971751264392	0.0009296255082817095	5.8286126229197956e-05	0.9988822986479764
hsa-miR-4713-5p	3.82761254157013e-05	0.0105952552712057	0.00044301498685672344	0.9889234536165218
hsa-miR-4714-3p	0.00040739882797224036	0.5039657755316431	1.5981378546156594e-05	0.49561084426183855
hsa-miR-4714-5p	2.203647295707953e-05	0.34917038343822715	0.0019082685246793259	0.6488993115641365
hsa-miR-4715-3p	0.0001473908640477625	0.010812547685996621	6.125294049994745e-06	0.9890339361559056
hsa-miR-4715-5p	1.4016259998853614e-05	0.04966568713242144	0.0007325932723979918	0.9495877033351818
hsa-miR-4716-3p	0.0002844094983765669	0.005419447774861217	7.23808043502968e-05	0.994223761922412
hsa-miR-4716-5p	3.098638755794805e-07	0.0027661299018561145	0.00013462497160320462	0.9970989352626651
hsa-miR-4717-3p	0.00013281510680873598	0.025248358442376374	0.0005892077493826657	0.9740296187014322
hsa-miR-4717-5p	2.0077766235194476e-05	0.0045213680926116315	2.2608712815237867e-06	0.9954562932698717
hsa-miR-4718	0.00010434916181317773	0.0017383628111359518	0.0004777312011540896	0.9976795568258968
hsa-miR-4719	5.811892273428454e-05	0.0071808272163203166	9.177813448399809e-05	0.9926692757264615
hsa-miR-4720-5p	0.00044995371502229106	0.09694725807892081	6.612857220107743e-05	0.9025366596338559
hsa-miR-4721	0.00010736185525470903	0.007470208840376009	1.8977094456879317e-06	0.9924205315949236
hsa-miR-4722-3p	0.00025103605621251305	0.003925049302107372	0.00034577954032166577	0.9954781351013584
hsa-miR-4722-5p	7.3772853788439e-06	0.011471287421577672	0.00021079039277714567	0.9883105449002663
hsa-miR-4723-3p	6.868037272331249e-05	0.11782436559465893	0.0005695216931798462	0.8815374323394379
hsa-miR-4723-5p	3.009963943822196e-07	0.05660422928781626	5.795692249493807e-05	0.9433375127932944
hsa-miR-4724-3p	2.1679523525456283e-05	0.06957509776122571	1.5489757080856272e-05	0.930387732958168
hsa-miR-4724-5p	0.0001762548188590046	0.0627002009049979	0.0005320495000260745	0.9365914947761171
hsa-miR-4725-3p	0.00019047425342364922	0.08019852713800947	6.838491641601355e-05	0.919542613692151
hsa-miR-4725-5p	3.371936096338647e-05	0.0013282634100720409	0.0005545871690137509	0.9980834300599508
hsa-miR-4726-3p	6.91213325699816e-05	0.006713321051840581	0.00013615751816763302	0.9930814000974217
hsa-miR-4726-5p	4.816279274716325e-05	0.02175217841161839	0.0009960541989664949	0.977203604596668
hsa-miR-4727-3p	0.0002107198983611624	0.011691839201872258	0.00013271802013981924	0.9879647228796268
hsa-miR-4727-5p	5.458853862446728e-05	0.007702905321255286	0.00031780220380233444	0.9919247039363178
hsa-miR-4728-3p	0.00013443814849203295	0.2703554957378659	0.002327457776273689	0.7271826083373684
hsa-miR-4728-5p	0.0001656588306693332	0.006916875891698074	0.0001452789709729165	0.9927721863066598
hsa-miR-4729	2.3276502407547136e-05	0.002779402282104542	2.165004557017348e-05	0.9971756711699177
hsa-miR-4730	7.27698155823736e-05	0.006793469819914207	3.0363239737072727e-05	0.9931033971247664
hsa-miR-4731-3p	1.9243541252672966e-06	0.022232947202652936	0.0007546819619668969	0.977010446481255
hsa-miR-4731-5p	0.0005449744397501725	0.06718537339590575	0.00030971209866817077	0.931959940065676
hsa-miR-4732-3p	0.0005664952337393496	0.3175169860902921	0.0030399946080291187	0.6788765240679394
hsa-miR-4732-5p	0.0027142600449664724	0.41138321536248557	0.0007291819727063539	0.5851733426198416
hsa-miR-4733-3p	4.214578525528557e-05	0.008496498605629097	0.0005676854587131251	0.9908936701504025
hsa-miR-4733-5p	0.00011396153429406216	0.05535896188927611	2.095763089859233e-05	0.9445061189455313
hsa-miR-4734	3.1125159667593124e-07	0.13066205033529354	0.00033177012273386897	0.869005868290376
hsa-miR-4735-3p	2.072205190929834e-05	0.01960827714563369	2.0825783033808205e-05	0.9803501750194231
hsa-miR-4735-5p	2.5612408007429664e-06	0.011800584173554883	7.284081902131903e-06	0.9881895705037421
hsa-miR-4736	0.0001311532104605465	0.006937601912498289	1.925377857453939e-06	0.9929293194991837
hsa-miR-4737	2.3787124579719707e-05	0.019678694250370242	0.000398624450995007	0.979898894174055
hsa-miR-4738-3p	0.0011950423925157023	0.07404262751426131	8.248925069599901e-06	0.9247540811681534
hsa-miR-4738-5p	8.977160304815814e-05	0.061225554371326305	2.537719259012003e-05	0.9386592968330354
hsa-miR-4739	3.331448579946429e-05	0.0016888104777172837	0.0008835689574276906	0.9973943060790555
hsa-miR-4740-5p	0.00011547070382224241	0.008535583452212907	0.0004760610531990216	0.9908728847907659
hsa-miR-4741	0.0011186701477593805	0.15032081839970757	0.0001803642305657674	0.8483801472219674
hsa-miR-4742-3p	0.006248880540275198	0.36827697774081647	0.00010014955604204436	0.6253739921628663
hsa-miR-4742-5p	0.0047023298733421676	0.03122854467373434	1.083682238740616e-05	0.964058288630536
hsa-miR-4743-3p	0.0017983416012694628	0.011041923772270637	0.00015144355746365062	0.9870082910689963
hsa-miR-4743-5p	6.920782495565101e-06	0.02169605679515644	0.0003708449304806301	0.9779261774918674
hsa-miR-4744	4.990705097374198e-05	0.23538446519421574	0.0008218003753879081	0.7637438273794226
hsa-miR-4745-3p	0.002983511427339872	0.09320615982100883	0.002610179465531175	0.9012001492861201
hsa-miR-4745-5p	0.002584483767035832	0.3455475771170951	0.00035190492254578835	0.6515160341933233
hsa-miR-4746-3p	0.00032239173707970456	0.0022097331928252104	3.5031700764652596e-06	0.9974643719000186
hsa-miR-4746-5p	0.000245832905185258	0.4290481246591187	0.0010955476871100497	0.569610494748586
hsa-miR-4747-3p	2.9569088497300965e-06	0.3594295521831739	0.00010188767913571242	0.6404656032288407
hsa-miR-4747-5p	0.0001432479600788337	0.3772304753734972	2.280505040620832e-06	0.6226239961613834
hsa-miR-4748	0.0001925132433425535	0.0930929214703898	0.0006012500420807096	0.9061133152441869
hsa-miR-4749-3p	0.0007453459191057532	0.45358607743925816	9.492102935255528e-05	0.5455736556122834
hsa-miR-4749-5p	0.00019599109382545117	0.08346188508329574	0.0005121716927641899	0.9158299521301146
hsa-miR-4750-3p	0.00029014170527942985	0.0031379676712985395	3.1920360715526235e-06	0.9965686985873504
hsa-miR-4750-5p	0.0010822521978069838	0.37006321592836255	2.98112791702988e-06	0.6288515507459135
hsa-miR-4751	0.0001745673040692451	0.004208082639689518	3.4532512110862506e-06	0.9956138968050302
hsa-miR-4752	0.00014587750103516232	0.008403099652884808	0.00019224083865431552	0.9912587820074257
hsa-miR-4753-3p	0.002262783439689301	0.5332887837817515	1.2529218205595386e-06	0.46444717985673867
hsa-miR-4753-5p	0.006201691832982906	0.4186646712174125	0.00020822554725177531	0.5749254114023529
hsa-miR-4754	0.0015264014764217726	0.26647610004151884	0.000656437720472326	0.731341060761587
hsa-miR-4755-3p	5.132501354366272e-05	0.11240139949085591	0.00012586017412404883	0.8874214153214764
hsa-miR-4755-5p	6.604967134091849e-05	0.49458479008516937	0.001985302292135227	0.5033638579513545
hsa-miR-4756-3p	2.6135024355668974e-05	0.001469848597168027	1.462677289534046e-07	0.9985038701107473
hsa-miR-4756-5p	0.0003010220512765937	0.0011130524361835483	5.758324021687266e-05	0.998528342272323
hsa-miR-4757-3p	0.00014593457615008908	0.01967006923964687	0.00010411794141689307	0.9800798782427861
hsa-miR-4757-5p	0.0005346059018523361	0.014821362474510873	4.242129241948453e-05	0.9846016103312173
hsa-miR-4758-3p	0.0014057397510706007	0.15667514567985621	2.4300643687693797e-07	0.8419188715626362
hsa-miR-4758-5p	9.095735194927729e-05	0.0018406649798877028	4.233734796606001e-05	0.998026040320197
hsa-miR-4761-3p	8.917324465959386e-06	0.09459570400158424	4.2780121513566936e-05	0.9053525985524362
hsa-miR-4761-5p	6.8134389388509745e-06	0.005959308931882257	0.0009199106749826207	0.9931139669541962
hsa-miR-4762-3p	1.2366638806223777e-05	0.27623189462097286	0.0013209076194638093	0.722434831120757
hsa-miR-4762-5p	0.0006421799140527588	0.47769006980684764	0.0006732901078780183	0.5209944601712216
hsa-miR-4763-3p	0.0001647944218831165	0.0022086930402190875	0.0004919206473365785	0.9971345918905613
hsa-miR-4763-5p	0.0016344029443277044	0.04765960452845332	0.002566385051287529	0.9481396074759314
hsa-miR-4764-3p	2.6099788712160333e-06	0.0007918453813579836	2.0808417328086427e-06	0.9992034637980379
hsa-miR-4764-5p	4.301326855990318e-05	0.010512147282664744	6.190965881237693e-05	0.989382929789963
hsa-miR-4765	0.00011477119562114767	0.17361160181185498	7.520666234296457e-05	0.8261984203301809
hsa-miR-4766-3p	0.00024804704525021687	0.24145496506642203	0.0014819231913461078	0.7568150646969817
hsa-miR-4766-5p	0.0008584585314741271	0.00919864474263578	4.973863634749017e-05	0.9898931580895426
hsa-miR-4767	0.002463944033628015	0.12871231812105363	4.962669171482715e-06	0.8688187751761469
hsa-miR-4768-3p	7.950086453895543e-06	0.0037974630834959004	1.6208329788511564e-05	0.9961783785002616
hsa-miR-4768-5p	7.33742109187202e-06	0.019380776628580825	1.1704269041937268e-05	0.9806001816812854
hsa-miR-4769-3p	0.00020687730630874479	0.0006172415376236506	3.7890972676385485e-05	0.9991379901833912
hsa-miR-4769-5p	5.064602764740588e-05	0.003673516988106056	5.4001600319692747e-05	0.9962218353839267
hsa-miR-4770	9.023053382308754e-06	0.0015177687417811576	4.460840815791883e-06	0.9984687473640208
hsa-miR-4771	2.2234078207786653e-05	0.002665272149552569	6.320239839505887e-05	0.9972492913738447
hsa-miR-4772-3p	7.607201237383344e-05	0.26929162303462245	8.512277418298932e-06	0.7306237926755854
hsa-miR-4772-5p	4.94809032908337e-05	0.3975347203181923	0.0016160757165330118	0.6007997230619838
hsa-miR-4773	0.00011591725265371407	0.03562131946516846	2.8207739121458634e-05	0.9642345555430563
hsa-miR-4774-3p	0.0005355189022140117	0.01145222807384654	0.0010607415231374854	0.986951511500802
hsa-miR-4774-5p	1.9134328235444247e-05	0.012361944559000748	6.299756169154619e-06	0.9876126213565947
hsa-miR-4775	5.562350325226647e-07	0.07101316376099169	0.0008381684664961889	0.9281481115374797
hsa-miR-4776-3p	0.0004397018754963244	0.00031615600406176774	7.037308404117332e-05	0.9991737690364008
hsa-miR-4776-5p	2.1967889761900078e-05	0.003707346468539233	7.034192324957443e-08	0.9962706152997757
hsa-miR-4777-3p	0.00025026644739828494	0.2741748008097878	0.00012742371619647402	0.7254475090266175
hsa-miR-4777-5p	0.00020684195546991733	0.05777994757777315	8.843378282607721e-07	0.9420123261289287
hsa-miR-4778-3p	0.00022554040757122274	0.0015069626061824735	1.2958697178952765e-05	0.9982545382890673
hsa-miR-4778-5p	0.0002972928657038896	0.0011344995129016968	5.488921224356849e-05	0.9985133184091509
hsa-miR-4779	0.0008891172136535758	0.050491941610251584	0.0002654727688766034	0.9483534684072182
hsa-miR-4780	0.00013060031415316746	0.0012162632612899944	3.7899013201963785e-05	0.9986152374113548
hsa-miR-4781-3p	0.00010651928280838144	0.5849684223544444	0.00025380189426076646	0.41467125646848657
hsa-miR-4781-5p	0.0003782067289389296	0.09713983777470396	7.816956781614387e-05	0.902403785928541
hsa-miR-4782-3p	0.00014129040913145693	0.013482864130777966	7.990187990129342e-05	0.9862959435801892
hsa-miR-4782-5p	6.159678663355266e-05	0.018539602189069516	2.3422476541954654e-05	0.981375378547755
hsa-miR-4783-3p	2.1750460505743236e-05	0.0036168021510631742	1.2359035923777065e-05	0.9963490883525072
hsa-miR-4783-5p	0.00013421245349517556	0.0026644994054406818	6.892111525296533e-05	0.9971323670258111
hsa-miR-4784	0.0007352090824583987	0.0031686679998352667	0.000576083860547091	0.9955200390571592
hsa-miR-4785	0.00025695169705416016	0.2491926011724622	0.00012415892976754973	0.7504262882007161
hsa-miR-4786-3p	0.00022625663964974743	0.005615346351639055	3.0814624259928486e-05	0.9941275823844513
hsa-miR-4786-5p	3.739955707068841e-06	0.06981480732123652	0.0013686989717379844	0.9288127537513184
hsa-miR-4787-3p	1.1962193182158543e-05	0.026715619146881957	0.0001839757752661061	0.9730884428846697
hsa-miR-4787-5p	2.7968673992828956e-05	0.06484551317558238	0.0001324969725997443	0.934994021177825
hsa-miR-4788	0.0002529212908033732	0.003193340202545408	0.001582484320030665	0.9949712541866206
hsa-miR-4789-3p	1.717859192568374e-05	0.32195162118017867	0.0003802355389698362	0.6776509646889257
hsa-miR-4790-3p	1.647915004848534e-05	0.004044857820668588	8.743857796063277e-05	0.9958512244513223
hsa-miR-4790-5p	0.00017074863526123877	0.0014370440101786582	2.1710536399948368e-05	0.9983704968181601
hsa-miR-4791	8.189777162663727e-05	0.571866377623098	2.4297013627886506e-05	0.42802742759164736
hsa-miR-4793-3p	2.5422680923856533e-06	0.003030480403272204	0.00020313704595933767	0.9967638402826761
hsa-miR-4793-5p	8.017349540161831e-05	0.004900207418603423	0.0002832893776713357	0.9947363297083236
hsa-miR-4794	6.752621369506458e-05	0.013031241695795523	7.788359738497307e-05	0.9868233484931244
hsa-miR-4795-3p	0.0008022079384250219	0.06566575121930428	8.968187753735505e-05	0.9334423589647333
hsa-miR-4795-5p	0.0003052284705953663	0.03315084643275174	0.0002640316332954749	0.9662798934633574
hsa-miR-4796-3p	3.9027495439447136e-05	0.05953906652652155	0.00018426182848280272	0.9402376441495562
hsa-miR-4796-5p	0.0003653062064307771	0.14870153015735876	0.000498998079871946	0.8504341655563384
hsa-miR-4797-3p	2.5015516099255234e-05	0.2531077318519418	0.0001889232806526476	0.7466783293513063
hsa-miR-4797-5p	7.508835560397064e-07	0.22266714504561314	0.001118175629559678	0.7762139284412711
hsa-miR-4798-3p	0.00018432850177895133	0.0009281612237396404	3.1930570132636076e-05	0.9988555797043487
hsa-miR-4798-5p	0.00040407253783493523	0.06731026693129318	0.00016913379954506513	0.9321165267313268
hsa-miR-4799-3p	3.329978029823517e-05	0.07787154132761336	0.0003515762830291615	0.9217435826090592
hsa-miR-4799-5p	2.0532733256775745e-05	0.108066824273557	4.834720840480371e-05	0.8918642957847814
hsa-miR-4800-3p	8.217746883586352e-05	0.0240290217236816	4.234214627995936e-06	0.9758845665928545
hsa-miR-4800-5p	0.00025363118269786686	0.0047479744523494325	0.000226479076287853	0.9947719152886647
hsa-miR-4801	0.00012937614521894999	0.0005554621570479252	0.0006917242175931269	0.9986234374801399
hsa-miR-4802-3p	1.3682357478007176e-08	0.45283606119331815	6.291955906955363e-07	0.5471632959287336
hsa-miR-4802-5p	2.2015876726188544e-05	0.7113710872878171	0.0004767439741145959	0.2881301528613423
hsa-miR-4804-3p	9.907445190617856e-05	0.48681121314011905	2.6002256136022574e-05	0.5130637101518387
hsa-miR-4804-5p	8.986106554455743e-06	0.11657330794346073	0.0002922745560020703	0.8831254313939827
hsa-miR-483-3p	0.002219908887455859	0.01842889183323474	0.00018006613684344653	0.979171133142466
hsa-miR-483-5p	0.004652090274125861	0.01761719373420875	0.00014558323504381565	0.9775851327566215
hsa-miR-484	0.0028367471451716084	0.6751137403616616	0.0005617557326801774	0.3214877567604866
hsa-miR-485-3p	0.004393192511423812	0.11286023090150357	0.0013691964097828759	0.8813773801772898
hsa-miR-485-5p	0.00021037606269023293	0.46430456616495425	0.0005589620713335496	0.534926095701022
hsa-miR-486-3p	1.2974422413965661e-05	0.13434060259406144	0.0012934624275960163	0.8643529605559286
hsa-miR-486-5p	0.005896427519266624	0.4506195346817809	0.003981486733107499	0.5395025510658449
hsa-miR-487a-3p	3.484788090738943e-05	0.3829644846066486	0.00010119412390193324	0.6168994733885421
hsa-miR-487a-5p	0.00020584856427953156	0.22434459430338452	0.0012880133848128497	0.774161543747523
hsa-miR-487b-3p	0.0011258816638786565	0.313781895315112	0.0009505582771129348	0.6841416647438964
hsa-miR-487b-5p	0.00028643065418517154	0.00807219344128016	0.000382908334239544	0.9912584675702951
hsa-miR-488-3p	2.731796159118233e-05	0.058572346001896085	3.300044471581912e-07	0.9414000060320655
hsa-miR-489-3p	4.925355414401827e-06	0.0076606336275357005	0.00012368088256617572	0.9922107601344837
hsa-miR-490-3p	5.1012643339346055e-05	0.25549258858148344	0.0012652350247121984	0.7431911637504649
hsa-miR-490-5p	3.320723420468176e-05	0.08957387566890566	0.00039597333066097656	0.9099969437662287
hsa-miR-491-3p	8.626473044032284e-05	0.2632971844471671	0.00020231725876887773	0.7364142335636237
hsa-miR-491-5p	9.31553560016169e-05	0.20561369185973088	0.0009567403335377276	0.7933364124507297
hsa-miR-492	6.372371643896843e-05	0.0003535906127143822	3.746040614052878e-05	0.9995452252647062
hsa-miR-493-3p	1.3938100241295578e-05	0.5225015796019834	5.905172711899781e-05	0.47742543057065623
hsa-miR-493-5p	0.0018762889938228773	0.41749654729985164	0.002078817068647709	0.5785483466376776
hsa-miR-494-3p	0.00022644183656144213	0.49081176128905857	8.203963370568137e-05	0.5088797572406742
hsa-miR-494-5p	7.536461264142277e-06	0.004183686420941159	0.00046864273139037623	0.9953401343864042
hsa-miR-495-3p	0.0001810239733291277	0.4914533842542313	0.0001421566597895158	0.5082234351126501
hsa-miR-495-5p	0.0005980752668598609	0.04626921066784985	0.00021531253438545941	0.9529174015309048
hsa-miR-496	0.0006266346305436553	0.18858661415571704	0.0002295214579987439	0.8105572297557405
hsa-miR-497-3p	1.3444380587940061e-05	0.6143554419255841	0.0012768837001378996	0.38435422999369
hsa-miR-497-5p	0.00013785021487009537	0.5672474478675038	8.804423863232687e-05	0.4325266576789938
hsa-miR-498-3p	0.0003448455495421412	0.0006337794210766685	0.000178829130759187	0.9988425458986221
hsa-miR-498-5p	4.3144599490185045e-05	0.0016986209206680514	0.00010425888042654847	0.9981539755994153
hsa-miR-4999-3p	0.0006270387768210642	0.19887714704187034	0.0006937499494102671	0.7998020642318983
hsa-miR-4999-5p	2.5838636776448498e-08	0.25209773411884906	0.00015074782195871025	0.7477514922205556
hsa-miR-499a-3p	9.861728231837919e-05	0.03545701653618569	3.8072848042038553e-06	0.9644405588966917
hsa-miR-499a-5p	4.558364074898882e-06	0.6155076286736355	0.00025178082755441985	0.38423603213473506
hsa-miR-499b-3p	0.001260646180241899	0.02581587003817356	2.8837373812220627e-05	0.9728946464077722
hsa-miR-499b-5p	0.00023167449714782626	0.0931220297922899	1.966342725075517e-06	0.9066443293678372
hsa-miR-5000-3p	4.077793414430889e-05	0.26743806782166907	0.0004354520393439463	0.7320857022048427
hsa-miR-5000-5p	0.00014347929500690214	0.08339495598712823	1.2954653796038737e-06	0.9164602692524854
hsa-miR-5001-3p	1.570428183157636e-05	0.43051872035401395	0.003308349107698234	0.5661572262564563
hsa-miR-5001-5p	0.0002205057974208894	0.08746967980043044	4.2546072440387194e-05	0.9122672683297083
hsa-miR-5002-3p	5.899962061286686e-07	0.0010454726282234008	9.7032639287924e-06	0.9989442341116417
hsa-miR-5002-5p	6.377372411432196e-06	0.00017896266885837647	1.893716321679571e-05	0.9997957227955133
hsa-miR-5003-3p	0.0013145006864203367	0.1980950151618347	0.0003498633881584765	0.8002406207635865
hsa-miR-5003-5p	0.00038605907061378295	0.04789192523452838	0.00015445601696870964	0.9515675596778892
hsa-miR-5004-3p	7.953792291471457e-06	0.0688251554492968	9.952869175202933e-07	0.9311658954714942
hsa-miR-5004-5p	0.00011335727008836168	0.0016654286451898929	3.94480471963594e-05	0.9981817660375254
hsa-miR-5006-3p	0.00018403838292764026	0.24932028414723786	0.001684459618298165	0.7488112178515363
hsa-miR-5006-5p	7.698583211769057e-05	0.01936609326936044	1.9701735269798392e-05	0.9805372191632521
hsa-miR-5007-5p	0.0005341762563626271	0.0012540265938218787	2.3355309158924483e-05	0.9981884418406565
hsa-miR-5008-3p	0.0006455333055600029	0.0006110772412390904	1.5105425507753646e-05	0.9987282840276932
hsa-miR-5008-5p	0.0010137548704378494	0.018935829035903354	0.0008987695840231142	0.9791516465096356
hsa-miR-5009-3p	0.00017307799507647567	0.04790265097755206	7.032358692164362e-05	0.9518539474404498
hsa-miR-5009-5p	0.0006016220040154807	0.5360134433160721	4.445139370117475e-05	0.4633404832862111
hsa-miR-500a-3p	0.005062965493908809	0.45676814166757834	1.8358201039396776e-05	0.5381505346374733
hsa-miR-500a-5p	0.0008930594499148568	0.6461319262825052	0.00016524505148516328	0.35280976921609475
hsa-miR-500b-3p	2.5501322513638995e-06	0.03536425323313466	5.401286318722522e-06	0.9646277953482951
hsa-miR-500b-5p	0.0008864852256375847	0.6531266109922568	0.0002364947038429684	0.34575040907826277
hsa-miR-501-3p	0.008218268393475357	0.17229433999968444	0.0006238049173156976	0.8188635866895245
hsa-miR-501-5p	0.004468994952395998	0.4220189530550978	0.0007178073584618032	0.5727942446340445
hsa-miR-5010-3p	0.0008055026167364652	0.48689325053025123	1.6269150396431893e-08	0.5123012305838619
hsa-miR-5010-5p	0.0005653259633033245	0.0927267519880343	0.0022772718046578776	0.9044306502440045
hsa-miR-5011-3p	3.6929160316942594e-05	0.00013759782841177447	0.0001322207409781085	0.9996932522702932
hsa-miR-502-3p	0.0035449112463436456	0.5372017126924791	4.2690267453631324e-05	0.4592106857937237
hsa-miR-502-5p	1.4139195887589953e-05	0.5059986028359478	0.00024160933678648224	0.4937456486313782
hsa-miR-503-3p	0.0034171437165047237	0.009129661089908358	0.00035132602713066854	0.9871018691664564
hsa-miR-503-5p	0.03127214489096697	0.27145814927252787	0.00022922048746707805	0.6970404853490381
hsa-miR-504-3p	5.0037015065356056e-05	0.0013609132897358758	1.5940345882778988e-05	0.9985731093493161
hsa-miR-504-5p	3.2722559469368764e-05	0.39333002173489423	0.00014965689881662404	0.6064875988068198
hsa-miR-5047	0.0006102558811417698	0.000980739604857539	8.481837091603725e-05	0.9983241861430847
hsa-miR-505-3p	4.931308365535738e-05	0.5893476784604217	0.002351327689989576	0.4082516807659335
hsa-miR-505-5p	0.005268813184489501	0.5737271485483981	0.0003488959878468985	0.4206551422792654
hsa-miR-506-3p	4.077813332461964e-05	0.08567424178394527	3.520710870515434e-05	0.914249772974025
hsa-miR-506-5p	9.767687323016951e-07	0.24663347955117013	0.0001945320370644507	0.7531710116430331
hsa-miR-507	0.0001735114275817994	0.35250660839389925	0.000973716340648194	0.6463461638378707
hsa-miR-508-3p	1.2048217661026234e-05	0.09262546824976585	7.05562827949706e-05	0.9072919272497781
hsa-miR-508-5p	0.0009189608618958322	0.029129539728109388	9.796260083878446e-05	0.969853536809156
hsa-miR-5087	4.402559965844699e-05	0.0534420706326637	0.0007005652636156192	0.9458133385040622
hsa-miR-5088-3p	0.00011302094019660443	0.018246513661460254	0.0009150952919971549	0.9807253701063461
hsa-miR-5088-5p	0.0003239656177365244	0.01788573193206159	2.9851630624336784e-05	0.9817604508195775
hsa-miR-5089-3p	3.5788513195078033e-06	0.008542163200953266	3.121634705259779e-07	0.9914539457842567
hsa-miR-5089-5p	0.00020878069322225249	0.007836148520632222	4.501593459044074e-05	0.991910054851555
hsa-miR-509-3-5p	0.00013208141295068963	0.29442885835105725	0.0009134387169770497	0.704525621519015
hsa-miR-509-3p	9.656838756963927e-05	0.20686989413461435	0.00017208127057002654	0.7928614562072459
hsa-miR-509-5p	9.721786099621442e-05	0.317025982812644	0.0002207202852598717	0.6826560790411
hsa-miR-5090	0.0046906896533967435	0.080832278010833	0.00027203876926206827	0.9142049935665083
hsa-miR-5091	0.0004803991759474958	0.12016549859931015	3.176793101493811e-05	0.8793223342937274
hsa-miR-5092	3.810043082880441e-05	0.02570688398749608	0.0003300677785596042	0.9739249478031154
hsa-miR-5093	0.0001456934783768478	0.000873707568080849	3.9422676198447696e-05	0.9989411762773439
hsa-miR-5094	0.0010374826015429029	0.4344586403574461	0.000394697796319176	0.5641091792446918
hsa-miR-510-3p	3.119441044021892e-05	0.0019627678707079357	9.564452784879862e-06	0.997996473266067
hsa-miR-510-5p	2.7000709315028922e-05	0.03650896897353498	4.7829691309326386e-05	0.9634162006258407
hsa-miR-5100	0.016877936849642457	0.36494274796461357	0.0005728345428625064	0.6176064806428815
hsa-miR-511-3p	2.4189714256470465e-05	0.40081868086667855	0.0003912491160767992	0.5987658803029882
hsa-miR-511-5p	8.697766611366763e-05	0.2049643154671445	0.00015077286488575768	0.7947979340018562
hsa-miR-512-3p	0.0002306739616906667	0.0035516230498483384	0.00010222122500482254	0.9961154817634562
hsa-miR-512-5p	6.680635874970441e-07	0.0016809092592201817	4.595538562127784e-06	0.9983138271386303
hsa-miR-513a-3p	4.4056554849525286e-05	0.04290892591025286	0.0004243873266820653	0.9566226302082155
hsa-miR-513a-5p	0.0004302319936166689	0.006616330199703985	0.00014538042655980516	0.9928080573801196
hsa-miR-513b-3p	0.00011990353011437343	0.0009388682061566687	0.00015031900546210822	0.9987909092582669
hsa-miR-513b-5p	9.719869711633011e-06	0.017376695781759193	7.082024260696872e-05	0.9825427641059222
hsa-miR-513c-3p	6.483221856359389e-05	0.023535410316561003	0.00016058519551925498	0.9762391722693562
hsa-miR-513c-5p	0.0004360227033505001	0.005328252847648301	0.0005234859952936395	0.9937122384537075
hsa-miR-514a-3p	2.480743916643121e-05	0.22672628288461247	0.0009014276108063372	0.7723474820654148
hsa-miR-514a-5p	1.3413430308024134e-05	0.07683711266076593	3.669538522876546e-07	0.9231491069550737
hsa-miR-514b-3p	0.00019235530607512757	0.20471459374957376	0.000681629479042972	0.7944114214653082
hsa-miR-514b-5p	0.000575697013141675	0.018944707634349345	2.6203097320423516e-05	0.9804533922551886
hsa-miR-515-3p	0.00011145301854046856	0.0021574694478122295	1.0557284788100736e-05	0.9977205202488593
hsa-miR-515-5p	9.466699357074292e-05	0.006351273834556216	1.267393528945135e-05	0.9935413852365836
hsa-miR-516a-3p	0.00022401602430911983	0.0007028982130698226	1.988536360631716e-05	0.9990532003990148
hsa-miR-516a-5p	1.6998114712432e-07	0.024664223823849165	0.000358249451616148	0.9749773567433876
hsa-miR-516b-3p	0.00022401602430911983	0.0007028982130698226	1.988536360631716e-05	0.9990532003990148
hsa-miR-516b-5p	0.0001171812590598625	0.041242174806637465	0.000587371988684565	0.9580532719456182
hsa-miR-517-5p	0.00011900803871189561	0.010437392130512799	2.9595139618615338e-05	0.9894140046911567
hsa-miR-517a-3p	0.0015555466146425275	0.02081128333260784	0.00013190742056919634	0.9775012626321804
hsa-miR-517b-3p	0.0015555466146425275	0.02081128333260784	0.00013190742056919634	0.9775012626321804
hsa-miR-517c-3p	2.560696872892299e-06	0.007588723217197602	0.0002633167701115591	0.9921453993158179
hsa-miR-5187-3p	3.339686231853889e-05	0.19968346028254896	0.000776035750446761	0.7995071071046858
hsa-miR-5187-5p	0.00025857038346182345	0.14334312959658466	0.0017234882530315768	0.854674811766922
hsa-miR-5188	0.00011581640487171033	0.09972153993643168	0.0003285152962128252	0.8998341283624838
hsa-miR-5189-3p	0.0008208356970464209	0.06746645661650164	0.00348434238159773	0.9282283653048542
hsa-miR-5189-5p	0.0003851808700316292	0.4774012707567083	0.00176300756239289	0.5204505408108673
hsa-miR-518a-3p	0.0001265444463853991	0.0024071132902171986	7.829875017079814e-06	0.9974585123883802
hsa-miR-518a-5p	1.4930957437311811e-06	0.0025001303516886415	1.771368432441354e-06	0.9974966051841352
hsa-miR-518b	4.981492217047404e-05	0.0021831232787637308	2.9031929629958906e-05	0.9977380298694358
hsa-miR-518c-3p	8.976747379186301e-05	0.07633025467067787	0.00022954714248256945	0.9233504307130477
hsa-miR-518c-5p	9.718794693045744e-05	0.006306313067462618	9.051929330264749e-05	0.9935059796923043
hsa-miR-518d-3p	1.4401792480889113e-05	0.0066912330908278595	2.6486439906598006e-05	0.9932678786767847
hsa-miR-518d-5p	2.1409530901937654e-05	0.042807956978441954	5.740854921126827e-05	0.9571132249414449
hsa-miR-518e-3p	4.842866861203688e-06	0.010083026940561799	9.143310676174479e-07	0.9899112158615094
hsa-miR-518e-5p	0.0004946701303429452	0.013997986550552493	0.00041739144906161567	0.9850899518700429
hsa-miR-518f-3p	4.212507757564306e-05	0.0678734778124402	8.664617594689365e-05	0.9319977509340374
hsa-miR-518f-5p	6.74017086740442e-05	0.04615454098475466	3.2607350683740904e-05	0.9537454499558876
hsa-miR-5190	0.00026951668068771455	0.007647520265485818	6.380204658057814e-05	0.9920191610072459
hsa-miR-5191	0.00039833592892504733	0.0027004831860108023	0.00011448194612506716	0.9967866989389391
hsa-miR-5192	4.186920962515986e-05	0.06390708709849527	0.00013406630372435612	0.9359169773881553
hsa-miR-5193	0.0028500479219814444	0.36766601195452486	0.00019332558435595045	0.6292906145391378
hsa-miR-5194	2.98133385466122e-05	0.0014465100968209445	2.0007999524486087e-05	0.998503668565108
hsa-miR-5195-3p	0.0002792316579125402	0.0022654312824750738	0.00020289996104722182	0.9972524370985653
hsa-miR-5195-5p	1.150816335862567e-05	0.2502555315499297	2.36127817744481e-05	0.7497093475049372
hsa-miR-5196-3p	0.0007866723521930396	0.03428336497983931	0.0015461303855810657	0.9633838322823866
hsa-miR-5196-5p	0.00010621132946876319	0.0016293320227850953	1.70573953140361e-05	0.9982473992524321
hsa-miR-5197-5p	1.9109647572760958e-05	0.004507089516046909	3.245316708590142e-05	0.9954413476692945
hsa-miR-519a-2-5p	0.0002892672166208668	0.007047671849049593	0.0005407583333260788	0.9921223026010035
hsa-miR-519a-3p	0.0001473664216875564	0.013588430352033064	4.89091677065018e-07	0.9862637141346023
hsa-miR-519a-5p	0.0004194261851167905	0.01589112014770137	0.0007629326429689505	0.9829265210242129
hsa-miR-519b-3p	0.0004072722760896286	0.005131501717672929	2.1774327504886085e-06	0.994459048573487
hsa-miR-519b-5p	0.0004946701303429452	0.013997986550552493	0.00041739144906161567	0.9850899518700429
hsa-miR-519c-3p	0.00029051826865209756	0.030413999145173967	1.4002180218198338e-05	0.9692814804059557
hsa-miR-519c-5p	0.0004946701303429452	0.013997986550552493	0.00041739144906161567	0.9850899518700429
hsa-miR-519d-3p	0.0003001054959172209	0.0265747471182159	0.00016874068325334104	0.9729564067026136
hsa-miR-519d-5p	0.0002744390481361789	0.004848035196583679	1.6474387919986676e-06	0.994875878316488
hsa-miR-519e-3p	0.00020021802772343563	0.0033917563852106677	0.00023326749553241737	0.9961747580915334
hsa-miR-519e-5p	8.602307240305565e-05	0.00039998864111874733	3.881199058225781e-05	0.999475176295896
hsa-miR-520a-3p	6.443284406572287e-05	0.009868675023168842	1.9850934782222797e-05	0.9900470411979833
hsa-miR-520a-5p	0.00015957094544861495	0.021413566860144517	0.00021956162888621639	0.9782073005655206
hsa-miR-520b-3p	0.000561290921985036	0.02898762580473025	7.663145986792033e-06	0.970443420127298
hsa-miR-520b-5p	0.0002892672166208668	0.007047671849049593	0.0005407583333260788	0.9921223026010035
hsa-miR-520c-3p	0.000561290921985036	0.02898762580473025	7.663145986792033e-06	0.970443420127298
hsa-miR-520c-5p	3.0724469658342864e-06	0.04275947247462946	7.886130083270199e-05	0.9571585937775721
hsa-miR-520d-3p	3.8388469691005794e-05	0.007394305917389574	0.00018506772996520796	0.9923822378829542
hsa-miR-520d-5p	0.0001004903079363254	0.0031244332701084406	2.755272354378864e-06	0.9967723211496009
hsa-miR-520e-3p	6.553244512283113e-05	0.006979779387432572	0.00021394895996232018	0.9927407392074823
hsa-miR-520e-5p	6.249443266647039e-05	0.00027249634837269067	0.0001759428199258271	0.999489066399035
hsa-miR-520f-3p	3.519211059176446e-05	0.05861122292071068	1.178575304101111e-05	0.9413417992156565
hsa-miR-520f-5p	5.666939955760594e-05	0.0020402550329896947	0.00012661282766094866	0.9977764627397917
hsa-miR-520g-3p	0.00045791517133910884	0.009034113069290294	7.801732233004897e-05	0.9904299544370405
hsa-miR-520g-5p	1.163957532949644e-05	0.015688821607431836	2.167246685648764e-05	0.9842778663503823
hsa-miR-520h	0.00020415316681887408	0.02095374368237626	0.00028965140838533595	0.9785524517424196
hsa-miR-521	9.35955654746043e-05	0.010397466828861104	0.00018656809859116897	0.9893223695070731
hsa-miR-522-3p	5.9723020322475017e-05	0.012542907549752286	0.0007536592481822535	0.986643710181743
hsa-miR-522-5p	0.0004946701303429452	0.013997986550552493	0.00041739144906161567	0.9850899518700429
hsa-miR-523-3p	0.0004104971703210083	0.009029437809689735	0.00029134735635502016	0.9902687176636342
hsa-miR-523-5p	0.0004946701303429452	0.013997986550552493	0.00041739144906161567	0.9850899518700429
hsa-miR-524-3p	5.8168388800575986e-05	0.0001649340834317945	0.0005016573921140022	0.9992752401356536
hsa-miR-524-5p	0.0002766985236776024	0.002936495806136822	4.7104227196287386e-05	0.9967397014429893
hsa-miR-525-3p	5.687182538489366e-06	0.0021531518937395505	0.0009274761416638244	0.9969136847820582
hsa-miR-525-5p	1.633788426067047e-05	0.006680449350961322	0.00016523261006801796	0.99313798015471
hsa-miR-526a-3p	0.0006126559032075823	0.007422365880364284	5.401250560961168e-05	0.9919109657108185
hsa-miR-526a-5p	2.1409530901937654e-05	0.042807956978441954	5.740854921126827e-05	0.9571132249414449
hsa-miR-526b-3p	0.00014847544029559728	0.021021904090778178	0.00014314384473531342	0.978686476624191
hsa-miR-526b-5p	0.0005633641893317006	0.03320500342870518	2.9745416326496116e-05	0.9662018869656367
hsa-miR-527	2.045319202025549e-05	0.0018073009958678046	1.4412347148444077e-05	0.9981578334649636
hsa-miR-532-3p	2.710247172825474e-05	0.6866583578880483	0.0010102714351487058	0.3123042682050747
hsa-miR-532-5p	0.00015309340001705787	0.1895526710434409	0.0007288951159727587	0.8095653404405693
hsa-miR-539-3p	0.0002172592864228133	0.41322530129810175	0.0005633699578521662	0.5859940694576233
hsa-miR-539-5p	5.368097940923348e-05	0.4574922455432149	6.880968680952539e-05	0.5423852637905663
hsa-miR-541-3p	0.00028056315863109345	0.030445572940918268	0.00018647151441997524	0.9690873923860306
hsa-miR-541-5p	9.573588666364016e-05	0.0109013351610017	3.697188758487834e-05	0.9889659570647498
hsa-miR-542-3p	0.00023562865826486646	0.6499716441741942	0.0007841883667529998	0.349008538800788
hsa-miR-542-5p	0.001995633832155716	0.589329164293316	0.0007024055706581361	0.40797279630387007
hsa-miR-543	0.007844703522265555	0.17088210038441282	0.008433053242393256	0.8128401428509283
hsa-miR-544a	7.596185457476466e-05	0.4135476168358082	0.0006189269204049275	0.5857574943892122
hsa-miR-544b	0.0013297348943699173	0.034679358162464057	0.00011195795758310942	0.9638789489855829
hsa-miR-545-3p	3.3177588857199416e-06	0.6594623260809287	0.0012106976253589818	0.33932365853482666
hsa-miR-545-5p	8.575987300061444e-06	0.6551997635373811	0.0014613180698734242	0.34333034240544535
hsa-miR-548a-3p	0.00022489583188706395	0.5561129760700012	1.895699165270898e-05	0.44364317110645896
hsa-miR-548a-5p	2.0703062844963882e-06	0.3132220600370679	0.0002721444451230025	0.6865037252115247
hsa-miR-548aa	0.00011168727896261443	0.4445821155861759	0.0001111844027651313	0.5551950127320965
hsa-miR-548ab	0.001322152499634015	0.01982349017637833	0.0003271268436330363	0.9785272304803547
hsa-miR-548ac	5.328301500216168e-05	0.46374627979241456	0.0006034041312070111	0.5355970330613762
hsa-miR-548ad-3p	6.195086693410196e-07	0.002441499325383393	0.00028754712504283826	0.9972703340409045
hsa-miR-548ad-5p	0.0006222818479243928	0.04965297446034088	9.472841530843284e-05	0.9496300152764263
hsa-miR-548ae-3p	0.000185041293002873	0.03424966281807476	0.0002020494536107752	0.9653632464353117
hsa-miR-548ae-5p	0.0005237895193255081	0.03818452171648529	8.851654998466891e-06	0.9612828371091908
hsa-miR-548ag	2.4719492416586214e-05	0.5318698810919251	0.00019072597443630605	0.4679146734412219
hsa-miR-548ah-3p	0.0001617997912965898	0.39708261114062476	9.139312766242769e-06	0.6027464497553123
hsa-miR-548ah-5p	1.8943167697212373e-05	0.10358813073354962	0.00025884823629037924	0.8961340778624628
hsa-miR-548ai	1.8664286692335822e-05	0.05212456452834386	0.0005351716148377225	0.9473215995701261
hsa-miR-548aj-3p	2.3877670093915376e-05	0.028509984003638623	0.0003200296244035904	0.9711461087018639
hsa-miR-548aj-5p	9.426043458222213e-05	0.06693244053154258	0.0007109685731676262	0.9322623304607076
hsa-miR-548ak	6.683108424138845e-05	0.6025554402559905	0.001050932585286918	0.3963267960744811
hsa-miR-548al	0.000413122136586886	0.12003960984122093	0.00022091930208636485	0.8793263487201057
hsa-miR-548am-3p	4.459045247329635e-06	0.5083574968097155	2.4127792357686846e-05	0.4916139163526794
hsa-miR-548am-5p	0.000993556701121028	0.311650086555517	0.0005169941933515857	0.6868393625500103
hsa-miR-548an	0.0005381336229800846	0.027543871884082763	0.00023789362212066814	0.9716801008708165
hsa-miR-548ao-3p	3.4561396341318536e-06	0.023358306057757194	2.5710095134106802e-05	0.9766125277074745
hsa-miR-548ao-5p	2.8791315718670542e-06	0.05653864040726766	0.0008767727640776087	0.9425817076970828
hsa-miR-548ap-3p	8.312588226557028e-05	0.18533333364783616	1.6348551749110698e-05	0.8145671919181492
hsa-miR-548ap-5p	4.7121174976579265e-06	0.239971604956129	2.2993748889945796e-05	0.7600006891774834
hsa-miR-548aq-3p	1.9902634501589345e-05	0.7262591108320705	5.52102268512872e-05	0.2736657763065767
hsa-miR-548aq-5p	0.0014334616691237924	0.16491902393112978	0.0014524548119782855	0.8321950595877682
hsa-miR-548ar-3p	3.395344537881423e-05	0.26525493451426646	1.0733889077763981e-05	0.7347003781512769
hsa-miR-548ar-5p	0.00010380337592448296	0.05649369125665667	0.0007963844293219202	0.942606120938097
hsa-miR-548as-3p	7.350120934639372e-06	0.35900260372349235	0.0004488065642147484	0.6405412395913582
hsa-miR-548as-5p	1.7856088346856121e-07	0.03666296271262073	4.975817187818119e-05	0.9632871005546176
hsa-miR-548at-3p	0.00017894135906849028	0.0881051753566569	0.00023271556410018007	0.9114831677201743
hsa-miR-548at-5p	0.003916402346520928	0.08840542506024181	2.9908732873032545e-06	0.90767518171995
hsa-miR-548au-3p	1.5451747802597973e-05	0.031646066631078336	0.0003267817040878163	0.9680116999170312
hsa-miR-548au-5p	0.0012855724040380127	0.22438608527812606	0.0008923352145220442	0.7734360071033138
hsa-miR-548av-3p	4.711017740603665e-06	0.19130553827837163	0.00012273670316826843	0.8085670140007195
hsa-miR-548av-5p	5.839860541816668e-07	0.011452084802985284	0.00017586741956605756	0.9883714637913945
hsa-miR-548aw	2.4124317801585844e-05	0.44946062116705576	0.0013054026613470505	0.5492098518537957
hsa-miR-548ax	6.507992219690611e-05	0.4647725407884835	0.0005058085801800048	0.5346565707091396
hsa-miR-548ay-3p	0.0025833514874387237	0.5467459750978771	9.524842470942456e-07	0.45066972093043706
hsa-miR-548ay-5p	0.0005326797221170153	0.034081857812342714	1.0831891241057456e-05	0.9653746305742992
hsa-miR-548az-3p	7.373278683709224e-05	0.09568666315511576	0.00020849010176475375	0.9040311139562824
hsa-miR-548az-5p	0.0008386888245996447	0.030976832654161637	1.6487476570003306e-05	0.9681679910446687
hsa-miR-548b-3p	5.669244394310724e-07	0.6058567427173933	0.0004548053635737878	0.3936878849945934
hsa-miR-548b-5p	0.0034080747768783634	0.03560741671102647	0.00011019026471828164	0.9608743182473768
hsa-miR-548ba	1.4761307626318243e-05	0.38616092433191085	3.901796776901214e-05	0.6137852963926939
hsa-miR-548bb-3p	7.58517618650965e-06	0.02603955739925084	2.569472240810724e-07	0.9739526004773386
hsa-miR-548bb-5p	3.609546130778834e-05	0.01805089260507615	8.697820847988122e-05	0.9818260337251362
hsa-miR-548bc	1.1144362267612868e-07	0.7120170466221474	7.529829348326717e-05	0.28790754364074655
hsa-miR-548c-3p	1.6686799178940646e-06	0.22761706058055522	2.2715618875691036e-05	0.7723585551206512
hsa-miR-548c-5p	0.0007914260141328264	0.3883009178665555	0.0006235229936791296	0.6102841331256325
hsa-miR-548d-3p	0.00014653827985490977	0.3755489894732523	9.610436647878693e-05	0.624208367880414
hsa-miR-548d-5p	0.00033365577560408804	0.14788736469010644	4.515743324801009e-06	0.8517744637909647
hsa-miR-548e-3p	0.00031830824726739417	0.6655314382316362	0.0007905422945053536	0.3333597112265912
hsa-miR-548e-5p	1.3534985708270618e-05	0.707084265100054	0.0010598225308657667	0.2918423773833721
hsa-miR-548f-3p	2.5113069712274026e-08	0.8391282985193484	2.692437084096613e-06	0.16086898393049767
hsa-miR-548f-5p	0.00012959360663039466	0.02691009502832624	0.0012426289805817425	0.9717176823844615
hsa-miR-548g-3p	0.00029065246488273796	0.21557518927420327	1.5776652829068134e-05	0.784118381608085
hsa-miR-548g-5p	9.061797709477338e-05	0.07423599310147465	0.0006826958196912456	0.9249906931017393
hsa-miR-548h-3p	0.0008982626171861274	0.426537965194129	9.741612181125179e-05	0.5724663560668736
hsa-miR-548h-5p	0.00013852901241454045	0.027036499556610468	0.001212794795755996	0.9716121766352189
hsa-miR-548i	8.73196253707421e-05	0.17364768645762746	0.0008308832132624005	0.8254341107037394
hsa-miR-548j-3p	0.00032764849739649996	0.7175559294273233	1.0327975039698052e-05	0.2821060941002405
hsa-miR-548j-5p	8.410523124541074e-05	0.5588807500204903	3.729188454285906e-05	0.4409978528637214
hsa-miR-548k	5.756367156170648e-05	0.380146728385996	3.678910772129357e-05	0.6197589188347209
hsa-miR-548l	1.3146379126107718e-05	0.3081449297521737	8.3023354129332e-05	0.6917589005145708
hsa-miR-548m	1.0381261881931137e-07	0.0028172140893568953	8.495724725526992e-07	0.9971818325255518
hsa-miR-548n	8.44641816221891e-05	0.49383926619966373	4.926517988395527e-05	0.5060270044388302
hsa-miR-548o-3p	4.181487527078607e-05	0.5858407911418684	0.00018836903483624814	0.4139290249480245
hsa-miR-548o-5p	0.0007893457766889562	0.3893255177631541	0.000627297761058886	0.609257838699098
hsa-miR-548p	0.00016588709719346948	0.41310876837680394	3.3625009519018954e-06	0.5867219820250508
hsa-miR-548q	0.006398929872184476	0.07207163535344582	0.0005093991002612145	0.9210200356741085
hsa-miR-548s	3.5858080969782707e-06	0.07102631150815546	5.103570849372684e-05	0.9289190669752538
hsa-miR-548t-3p	0.00011923666603369668	0.44204562665723723	0.00012202620502927554	0.5577131104716999
hsa-miR-548t-5p	0.0003628621985328534	0.03027395481350357	1.1357828201734183e-05	0.9693518251597618
hsa-miR-548u	1.138140517113067e-05	0.7799781271144578	7.388994199413088e-05	0.21993660153837694
hsa-miR-548v	3.086958079461483e-06	0.018077997771164284	3.3720715768383035e-06	0.9819155431991794
hsa-miR-548w	1.414226528178344e-05	0.6550618675262693	0.00024412319675595713	0.344679867011693
hsa-miR-548x-3p	0.0001999333045534901	0.07124906863339271	3.039706439957064e-05	0.9285206009976542
hsa-miR-548x-5p	9.41555279176542e-05	0.06490086288423394	0.0007169382566624658	0.934288043331186
hsa-miR-548y	2.221208275963105e-05	0.4713538540576028	0.001044644674795518	0.5275792891848421
hsa-miR-548z	0.0009052132098549084	0.42692487438184185	9.226293255899345e-05	0.5720776494757441
hsa-miR-549a-3p	7.270575784438808e-05	0.11331944145334666	1.373832578556629e-05	0.8865941144630234
hsa-miR-549a-5p	0.0006160994819574611	0.0268682730242069	0.0001528977923280204	0.9723627297015077
hsa-miR-550a-3-5p	1.5786988866090088e-05	0.20606775909051353	0.0019644292505400173	0.7919520246700804
hsa-miR-550a-3p	0.0015079864142597105	0.540387347208259	5.570709501922003e-06	0.45809909566797935
hsa-miR-550a-5p	0.0024617575571023345	0.2384690272100894	0.0002816875738670921	0.7587875276589411
hsa-miR-550b-2-5p	0.0009416124380616571	0.1524093955802994	0.0004907401225385031	0.8461582518591005
hsa-miR-550b-3p	0.00029364095161338934	0.4925980326020388	3.9721358049614556e-06	0.5071043543105429
hsa-miR-551a	0.000239897694226149	0.46585764630594345	0.00021706725815446245	0.5336853887416759
hsa-miR-551b-3p	4.26553630199244e-06	0.6480760258795227	0.0007789836042417269	0.3511407249799334
hsa-miR-551b-5p	9.218367469075092e-05	0.012861656919455792	1.2579448179408183e-05	0.987033579957674
hsa-miR-552-3p	2.5502563661346148e-05	0.3136261389185794	2.158801902709196e-08	0.6863483369297404
hsa-miR-552-5p	3.308854095356712e-05	0.21986983411140326	6.434557563670109e-05	0.7800327317720065
hsa-miR-554	6.805767545060517e-05	0.00036010022593597736	1.273553329464532e-05	0.9995591065653187
hsa-miR-556-3p	3.1307753168009456e-05	0.5055101689825132	3.9508008006491115e-05	0.4944190152563124
hsa-miR-556-5p	6.571606524602097e-06	0.6837844537453569	5.490708103768586e-06	0.3162034839400147
hsa-miR-557	3.4199230513349066e-05	0.0004681571693344287	0.00014787939345695572	0.9993497642066952
hsa-miR-5571-3p	5.402520724107266e-08	0.034981443910853414	2.7926715621665845e-05	0.9649905753483177
hsa-miR-5571-5p	1.2226173550344387e-05	0.000777330151045466	0.00010981885387375592	0.9991006248215305
hsa-miR-5572	5.106110205683307e-06	0.0018415239516680212	3.6180483752902203e-06	0.998149751889751
hsa-miR-5579-3p	0.00016780435806727217	0.01808179345706365	2.5285623860364917e-05	0.9817251165610088
hsa-miR-5579-5p	8.754752757255908e-05	0.12214112401028962	3.6378568746663947e-06	0.8777676906052632
hsa-miR-558	0.00018267078419960004	0.000785286647488708	2.0108662474155676e-05	0.9990119339058375
hsa-miR-5580-3p	0.00019179910545191956	0.11096056329125889	0.0005533464770205535	0.8882942911262686
hsa-miR-5581-3p	0.0004395813895174357	0.60361419924458	0.0011389876825411468	0.39480723168336146
hsa-miR-5581-5p	0.00022275218627716237	0.15432245382926613	0.0008056025218651869	0.8446491914625914
hsa-miR-5582-3p	1.6466721344007632e-05	0.25787499670920544	0.0010047657705565523	0.741103770798894
hsa-miR-5582-5p	0.00016266174121730965	0.022062430546002373	0.0001905348853211199	0.9775843728274591
hsa-miR-5583-3p	0.00012075786789622857	0.10800317797083184	0.00025693948144213006	0.8916191246798297
hsa-miR-5583-5p	0.00021424515872261202	0.05478843074604992	5.7594329721234614e-05	0.9449397297655062
hsa-miR-5584-3p	3.797618379244122e-09	0.01928170722659415	5.0018696045202596e-05	0.9806682702797423
hsa-miR-5584-5p	0.0006525738549232671	0.08266498526403702	0.00024445845071172296	0.916437982430328
hsa-miR-5585-3p	0.0007325927314636114	0.08483521583977757	0.00030860435479650964	0.9141235870739622
hsa-miR-5585-5p	4.2015465312365926e-05	0.004996193416701259	0.0007191756026856172	0.9942426155153008
hsa-miR-5586-3p	5.295699041520451e-05	0.4720269722571331	0.0009631082991032486	0.5269569624533486
hsa-miR-5586-5p	4.338929452504474e-05	0.44051702717095925	4.2061683217881205e-05	0.5593975218512978
hsa-miR-5587-3p	0.00011828455792407513	0.019546142301862465	0.00033481201494314837	0.9800007611252703
hsa-miR-5587-5p	4.2151215279521305e-05	0.04153027267895084	6.9166637510144e-05	0.9583584094682595
hsa-miR-5588-3p	0.0005658864598200459	0.28673624814357834	0.00014112085549556851	0.712556744541106
hsa-miR-5588-5p	1.587846315485432e-05	0.20299260339769795	6.406974184997017e-05	0.7969274483972972
hsa-miR-5589-3p	0.0006454364477798274	0.0018912884835183491	7.540555024717065e-05	0.9973878695184546
hsa-miR-5589-5p	5.313466744214247e-07	0.015175695872088375	0.00029227566758655325	0.9845314971136507
hsa-miR-559	0.0009612950523245237	0.09031366380424474	0.0002047241546854622	0.9085203169887452
hsa-miR-5590-3p	3.7164105138324674e-05	0.0011488301576224255	2.3225478074106363e-05	0.9987907802591652
hsa-miR-5591-3p	1.373686208461078e-05	0.022879963646692692	8.912450506266352e-05	0.9770171749861599
hsa-miR-5591-5p	2.2723277899083986e-05	0.0003861052507817396	0.00012818845794088996	0.9994629830133783
hsa-miR-561-3p	7.553910473859896e-05	0.00612909868581488	4.828481312938837e-05	0.9937470773963171
hsa-miR-561-5p	0.00030442883246757597	0.042010890040870094	0.00029907317953977336	0.9573856079471226
hsa-miR-562	9.993587618166209e-05	0.018719613738964472	9.604678869601354e-06	0.9811708457059843
hsa-miR-564	0.00011277788282049068	0.0022101342669190987	0.00010236808630750264	0.997574719763953
hsa-miR-567	0.00017740409772352305	0.03340726546359319	0.000257022431151346	0.9661583080075319
hsa-miR-5680	9.664992127333295e-10	0.1769651594584579	2.4908198063699203e-05	0.8230099313769792
hsa-miR-5681b	0.0001836059808726499	0.0015323517143918982	3.9379278434216835e-05	0.9982446630263012
hsa-miR-5683	2.690733901901988e-05	0.4571453914836476	4.045467132640684e-05	0.542787246506007
hsa-miR-5684	0.0011475655945131038	0.21059578339539725	2.935919502955899e-09	0.7882566480741702
hsa-miR-5685	8.209055796909437e-05	0.005838451414889023	3.140400311021213e-05	0.9940480540240316
hsa-miR-5687	0.00038976031884511395	0.0006646677192113188	0.00016602570899422854	0.9987795462529493
hsa-miR-5689	0.0002417925127074374	0.002276335646178475	0.00010306137343800966	0.9973788104676761
hsa-miR-569	8.79266172437957e-05	0.0009497560662783432	2.607677747702866e-05	0.998936240539001
hsa-miR-5690	0.00012253987818171275	0.3714285689280531	0.0005389182903496107	0.6279099729034157
hsa-miR-5691	0.00020630035574932204	0.0010061705068530541	4.766731089927999e-05	0.9987398618264983
hsa-miR-5692a	0.00024010777606227215	0.020420125287695226	2.279059643734875e-05	0.9793169763398052
hsa-miR-5692b	0.0003291696395499075	0.09354305550464215	1.0576589505630657e-07	0.9061276690899128
hsa-miR-5692c	6.712692640339771e-05	0.16866268107875848	0.00018275089451173966	0.8310874411003264
hsa-miR-5693	0.00022265966925323627	0.09980158460215204	2.9006405111975083e-05	0.8999467493234827
hsa-miR-5694	9.519101749777083e-05	0.02493111109981989	0.00014118242261143506	0.9748325154600708
hsa-miR-5695	1.7264946807817738e-05	0.6247923182999674	0.0004254125051903329	0.3747650042480344
hsa-miR-5696	8.253002958135773e-05	0.3789964301131998	7.368128016502935e-06	0.6209136717292024
hsa-miR-5697	1.1072645113426304e-06	0.04125985091814829	0.0004443084251561365	0.9582947333921843
hsa-miR-5698	0.00040250928958049706	0.05114547811033803	0.0025301043830522835	0.9459219082170292
hsa-miR-5699-3p	3.6799344912232635e-06	0.006922432110798085	0.0005127081072502916	0.9925611798474604
hsa-miR-5699-5p	6.980889926201555e-05	0.002394390112234017	8.656434897184051e-05	0.9974492366395321
hsa-miR-570-3p	0.00013023958273794626	0.24505769953095477	1.613796126516409e-05	0.7547959229250422
hsa-miR-570-5p	1.8424192227462563e-05	0.052119886991889915	0.0005367482238210745	0.9473249405920615
hsa-miR-5701	3.896338732161432e-05	0.34470271784396256	0.0006280954794828974	0.6546302232892329
hsa-miR-5702	7.623427972632088e-05	0.00947007464709091	2.1566602430699547e-06	0.9904515344129396
hsa-miR-5703	1.41353605539054e-05	0.0030801448742433903	0.00012011184388599424	0.9967856079213167
hsa-miR-5704	2.3029803557136147e-05	0.0009412088599229932	1.3438529945547115e-05	0.9990223228065743
hsa-miR-5705	0.0001085349202675769	0.0006798327051594784	0.000259075950344433	0.9989525564242284
hsa-miR-5706	1.1034595449317389e-06	0.045771745854741655	5.250381520723488e-06	0.9542219003041926
hsa-miR-5708	3.935955111395112e-07	0.004507172035749049	0.0005011074273157681	0.994991326941424
hsa-miR-571	0.00030564067959363227	0.0009721803223068542	0.0004282092383323161	0.9982939697597673
hsa-miR-572	1.1805200972065114e-06	0.001358477634356729	6.205480822221496e-05	0.9985782870373239
hsa-miR-573	1.5428541103987986e-06	0.13903009220642443	0.0003233200422626945	0.8606450448972024
hsa-miR-5739	0.00030406567227409746	0.003928474864739996	7.51286572181389e-05	0.9956923308057678
hsa-miR-574-3p	9.983384089673682e-05	0.1635432706355537	0.011861217923056888	0.8244956776004927
hsa-miR-574-5p	0.00013517548503901125	0.6626956829549706	0.0004160744366362968	0.33675306712335407
hsa-miR-575	0.00029443490031194733	0.014652070526113033	0.00024394679673371	0.9848095477768413
hsa-miR-576-3p	0.004557976758380141	0.6646029677773747	2.3595042915719732e-05	0.3308154604213295
hsa-miR-576-5p	0.00018168794216849804	0.5303813856594335	2.864710504234793e-05	0.4694082792933558
hsa-miR-577	0.00011668217170834728	0.39077726079235225	0.0019071217477458252	0.6071989352881936
hsa-miR-578	6.380834657026551e-05	0.01084896596166415	2.2438640351581067e-05	0.9890647870514141
hsa-miR-5787	0.00011951539179259844	0.002370950140800319	7.752296203173338e-07	0.9975087592377867
hsa-miR-579-3p	0.00024589809463676065	0.6786443118309721	0.0016032662580227166	0.31950652381636835
hsa-miR-579-5p	0.0019474447667672612	0.08615097000039658	1.1213177536948305e-05	0.9118903720552992
hsa-miR-580-3p	1.1727202449310889e-05	0.5564479438096678	0.00023221525661273453	0.4433081137312701
hsa-miR-580-5p	2.4032710802291934e-05	0.08389190502884046	1.7833709063975395e-05	0.9160662285512933
hsa-miR-581	0.00011316705445312229	0.7053949890270409	0.0013519478154180164	0.293139896103088
hsa-miR-582-3p	8.808382845588766e-06	0.7129019830502121	2.792890617132547e-06	0.2870864156763251
hsa-miR-582-5p	5.223787223446939e-05	0.691755336782694	0.0009342957812404487	0.3072581295638311
hsa-miR-583	7.069133581658397e-06	0.00238740734215248	2.422322030843852e-05	0.9975813003039574
hsa-miR-584-3p	0.0006519231409840367	0.5054129232517052	0.0029671367508091995	0.4909680168565016
hsa-miR-584-5p	0.00032713575146403514	0.5707221438831452	0.00022757851914464728	0.428723141846246
hsa-miR-585-3p	1.0137204278516669e-05	0.02417184289709245	0.00012763280223252035	0.9756903870963965
hsa-miR-585-5p	5.09208959421472e-06	0.0016620977595859288	0.0008908912090913303	0.9974419189417286
hsa-miR-586	0.00025765455362244044	0.10620470040000747	3.752273843497473e-06	0.8935338927725265
hsa-miR-588	0.00032600172482382333	0.0037059857011897024	0.0003195334745393136	0.9956484790994471
hsa-miR-589-3p	0.0015714326835470738	0.5662213431736245	0.00125830552934862	0.4309489186134798
hsa-miR-589-5p	0.0007887005778985526	0.22822100766743997	0.0024531120039467205	0.7685371797507147
hsa-miR-590-3p	2.2390861932660713e-05	0.7930654511013104	0.0004358627560001529	0.20647629528075664
hsa-miR-590-5p	9.818806498092434e-06	0.5980957433264157	0.001551034367495308	0.40034340349959086
hsa-miR-591	0.0003005423669814401	0.000574287598962561	3.734721066257481e-05	0.9990878228233935
hsa-miR-592	5.7681541005093154e-05	0.03308986927441686	7.556482521443132e-05	0.9667768843593637
hsa-miR-593-3p	4.91812210554406e-05	0.0028336363801072244	6.084615816645698e-06	0.9971110977830207
hsa-miR-593-5p	1.3289216967288422e-05	0.0015733865340644786	4.32561916944624e-05	0.9983700680572738
hsa-miR-595	2.7072925247077548e-06	0.0039028267033561093	7.990007980859314e-08	0.9960943861040393
hsa-miR-596	0.0003058468996194509	0.0009366924166514016	2.4947528998020515e-05	0.9987325131547311
hsa-miR-597-3p	5.50305026929306e-05	0.4724258825303387	0.0008113090027413885	0.526707777964227
hsa-miR-597-5p	0.00023681219668747193	0.34993491225442636	0.003069364352636841	0.6467589111962494
hsa-miR-598-3p	0.0004791139317896746	0.49660326685675055	0.0012317915469674456	0.5016858276644923
hsa-miR-598-5p	2.1794206419641727e-05	0.016056259551731077	1.0748841769300129e-05	0.98391119740008
hsa-miR-599	9.67024351693725e-05	0.4041718936678963	2.1028431753885698e-05	0.5957103754651805
hsa-miR-600	7.806608646793216e-07	0.049918271077105184	1.949425765927364e-05	0.9500614540043709
hsa-miR-601	0.00018613942871620356	0.0015705425965176782	3.1689224807351645e-06	0.9982401490522854
hsa-miR-602	0.00017109426614575645	0.01100485083332366	5.038627395521482e-06	0.9888190162731351
hsa-miR-603	7.614917050025549e-06	0.4035331880733488	0.00021491924784343584	0.5962442777617578
hsa-miR-605-3p	8.84792926090963e-06	0.36825550071497526	4.401201707162913e-06	0.6317312501540566
hsa-miR-605-5p	0.0013948271091784935	0.05795147371404006	0.00011088146577277024	0.9405428177110087
hsa-miR-606	8.828302957901088e-05	0.0004690276725259905	5.386580880638986e-05	0.9993888234890886
hsa-miR-6068	9.13464524331887e-05	0.021720138527883185	0.00015676858044722964	0.9780317464392363
hsa-miR-6069	0.0002966221600440798	0.001404472378016231	5.432952006291492e-05	0.9982445759418768
hsa-miR-607	9.006632713928792e-07	0.39244118740288114	0.0008381504101736747	0.6067197615236738
hsa-miR-6070	2.3236038503953768e-05	0.0005902339721188943	0.0003716300583808506	0.9990148999309962
hsa-miR-6073	6.480537091661012e-05	0.0002947043092967985	3.702937833256665e-05	0.999603460941454
hsa-miR-6075	9.290203910795583e-05	0.004878527117259918	1.5951741421897875e-06	0.9950269756694899
hsa-miR-6076	2.143071659435286e-06	0.0020425000590690487	5.699372198352217e-05	0.997898363147288
hsa-miR-6077	0.00010073391242269207	0.0009850826671242434	2.7204320773375265e-05	0.9988869790996797
hsa-miR-6078	4.701343871412507e-05	0.0012059045359963287	0.0001115347928925623	0.9986355472323969
hsa-miR-608	0.00032942303666124475	0.0011036317498601975	0.0002036045900780999	0.9983633406234005
hsa-miR-6083	1.649075323456491e-05	0.00920592986232711	4.7543200163095005e-08	0.9907775318412381
hsa-miR-6084	1.3343794456739892e-05	0.0020822451464354236	1.2489214505710124e-05	0.9978919218446021
hsa-miR-6085	0.00012208145519817702	0.0042540366898080155	0.0003416316303133314	0.9952822502246804
hsa-miR-6086	1.2512160971481661e-05	0.0031782156597805603	1.987317938383672e-05	0.9967893989998641
hsa-miR-6088	0.0001525940198627087	0.004124248712975666	6.531661724694039e-05	0.9956578406499146
hsa-miR-6089	9.062267239338107e-05	0.05500968391383655	8.68742244252392e-06	0.9448910059913275
hsa-miR-609	0.00033108381900154267	0.022180938693403273	5.547731759773401e-06	0.9774824297558353
hsa-miR-6090	0.00017235674787588072	0.0042882625129421524	9.458793544147141e-06	0.9955299219456378
hsa-miR-610	0.00015880594170460544	0.1490326385816104	0.0005216390841850362	0.8502869163925
hsa-miR-611	0.00025423550588226756	0.0017020926550697635	0.0004688444882024695	0.9975748273508455
hsa-miR-612	2.895148876329464e-06	0.0053757340421482155	2.291080225165227e-05	0.9945984600067238
hsa-miR-6124	0.0002835053143537794	0.009179568000268704	0.00013978889531563577	0.9903971377900619
hsa-miR-6125	0.00017077249069671354	0.02985799471125124	4.161752608644881e-05	0.9699296152719656
hsa-miR-6126	2.5856061735722323e-06	0.00011618245201750014	1.3025194142531548e-07	0.9998811016898675
hsa-miR-6127	0.0002941350085907882	0.002467485734538035	5.2209519953279896e-05	0.997186169736918
hsa-miR-6128	9.505309977371303e-05	0.016310338466161024	8.721628221597361e-05	0.9835073921518492
hsa-miR-6129	3.780786436876928e-05	0.009368495826167297	0.0005754178290822566	0.9900182784803817
hsa-miR-613	7.698099760712339e-05	0.00082906206802493	7.48194099898416e-05	0.9990191375243782
hsa-miR-6130	5.181978355547989e-06	0.278533837791416	7.697953154973669e-05	0.7213840006986787
hsa-miR-6131	0.000675005758198414	0.16600841262102117	0.0003953076932966141	0.8329212739274838
hsa-miR-6132	3.997613930686161e-06	0.004147233226845089	6.574216962021371e-06	0.9958421949422621
hsa-miR-6133	0.00011560011499532971	0.0018278506122645212	2.4513312530057637e-05	0.9980320359602101
hsa-miR-6134	4.0192752308390535e-05	0.1239361071113808	3.7566413169556286e-05	0.8759861337231412
hsa-miR-615-3p	5.298595686549995e-05	0.20992651332575032	0.0004701519078058986	0.7895503488095783
hsa-miR-615-5p	4.2566993311464463e-07	0.02802354609252456	6.104289128097065e-06	0.9719699239484142
hsa-miR-616-3p	0.003338572453201432	0.23852433549998864	2.018693380911773e-05	0.7581169051130008
hsa-miR-616-5p	0.00039224970793550254	0.6359098918756428	0.00046995854251852856	0.3632278998739032
hsa-miR-6165	1.030727333903221e-05	0.011078125209340317	0.0001592449834760591	0.9887523225338445
hsa-miR-617	1.1818446249728099e-05	0.10273007689235499	3.762061454860465e-05	0.8972204840468467
hsa-miR-618	0.002250598270216322	0.2820155633376084	5.8977218810746806e-05	0.7156748611733645
hsa-miR-619-3p	0.00030533616487149375	0.000523894029899042	0.00011057092565496418	0.9990601988795744
hsa-miR-619-5p	0.00044876048841782466	0.17677272972792182	6.490313892937375e-07	0.822777860752271
hsa-miR-621	7.037063949909188e-05	0.004868608469459572	0.00017444872478264607	0.9948865721662586
hsa-miR-622	0.00043070562372131405	0.002283377871854796	0.00012198930845860489	0.9971639271959654
hsa-miR-623	7.226281364694328e-06	0.000915161955470241	2.736204519081878e-06	0.9990748755586459
hsa-miR-624-3p	0.0003305546568511427	0.18993782598913853	0.0009340680374849793	0.8087975513165253
hsa-miR-624-5p	4.650090301766178e-05	0.16904206782395081	0.0020054777340348163	0.8289059535389968
hsa-miR-625-3p	0.0025334416662529304	0.5141682260633553	2.2955969704675756e-05	0.48327537630068695
hsa-miR-625-5p	0.0004615486816263369	0.2350373286563364	0.0008837929932927268	0.7636173296687445
hsa-miR-627-3p	0.00012745092677758407	0.5015579450644306	0.0005465840012095141	0.49776802000758225
hsa-miR-627-5p	5.4982914065590244e-08	0.7687995804086111	0.0008004562986591234	0.23039990830981574
hsa-miR-628-3p	0.004954353533320879	0.2776321643643098	0.0015787870230941454	0.7158346950792751
hsa-miR-628-5p	0.00038385981339056347	0.4417568198324903	6.210398328025574e-07	0.5578586993142862
hsa-miR-629-3p	0.005623011159897496	0.5429298151177471	0.002656649092725365	0.4487905246296301
hsa-miR-629-5p	5.685150314519136e-06	0.5827651813533552	0.00034045580391197326	0.41688867769241844
hsa-miR-630	0.0002501171004546259	0.0006178139310146192	2.8438323496054703e-05	0.9991036306450347
hsa-miR-631	0.0002994637147758383	0.002571112571139021	9.80445210601227e-07	0.9971284432688745
hsa-miR-632	0.00036515098724018344	0.08745177788741246	1.60328239047573e-05	0.9121670383014426
hsa-miR-634	2.0013681407860255e-05	0.0004950525196876798	0.00018183863567331659	0.9993030951632312
hsa-miR-636	0.004011476404114701	0.4675530943774245	0.004150206882076413	0.5242852223363844
hsa-miR-637	0.00024925581844022524	0.0010646049717178095	4.51205244373855e-05	0.9986410186854046
hsa-miR-638	2.7711146293836613e-05	0.001606964011463099	2.732166693189417e-05	0.9983380031753112
hsa-miR-639	1.38967650582961e-06	0.03180122833423625	0.0004086400816545807	0.9677887419076033
hsa-miR-640	0.00046700073426070543	0.0004771565431483313	0.0001546119668876186	0.9989012307557034
hsa-miR-641	0.00013310275513097748	0.6210968899002318	0.000136099103190773	0.37863390824144655
hsa-miR-642a-3p	0.00017970198935870257	0.3784549358287041	0.0005060138796354625	0.6208593483023017
hsa-miR-642a-5p	0.0001452719375872782	0.11945351709529241	0.0016991817950637394	0.8787020291720566
hsa-miR-642b-3p	1.112036971204593e-05	0.12258933636599624	0.00025924534138785604	0.8771402979229038
hsa-miR-642b-5p	0.0001771262404528593	0.15526508836460787	0.0007208014601631008	0.8438369839347762
hsa-miR-643	0.001037834034366779	0.2643944551254334	0.00038039666624615007	0.7341873141739538
hsa-miR-645	0.0002878207172677748	0.0005461236440398901	3.198600319142187e-05	0.999134069635501
hsa-miR-646	0.00020588308788185004	0.012654320869914679	0.00010715346190251566	0.9870326425803009
hsa-miR-647	0.000287820717267775	0.0005461236440398919	3.198600319142189e-05	0.999134069635501
hsa-miR-648	6.13369050305064e-05	0.0011390329905779392	5.4123563394477355e-05	0.9987455065409971
hsa-miR-649	0.0002730396022097175	0.000963039383899326	0.0001329230668853909	0.9986309979470056
hsa-miR-6499-3p	0.000143967770984053	0.00107777671954245	1.6760593987742834e-07	0.9987780879035336
hsa-miR-6499-5p	0.0002486877816010116	0.0012410768878908598	0.0001764104656641054	0.998333824864844
hsa-miR-650	1.4288025228457631e-05	0.004418845010630758	0.0008160605194339661	0.9947508064447068
hsa-miR-6500-3p	0.000323068012326596	0.05045387210426714	0.00015199980701850098	0.9490710600763878
hsa-miR-6501-3p	0.00013987417488810577	0.04453014025428725	0.00014493183758724202	0.9551850537332375
hsa-miR-6501-5p	0.0015717767304640762	0.39011142530604337	0.0006392123668428787	0.6076775855966496
hsa-miR-6502-3p	5.8520299817661714e-05	0.03132852228361203	0.0001187902880422043	0.9684941671285282
hsa-miR-6502-5p	0.00019065756714059352	0.21251595210853308	1.764001898802532e-05	0.7872757503053384
hsa-miR-6503-3p	0.00015511081301274428	0.46512386508016074	1.5542280445923775e-05	0.5347054818263806
hsa-miR-6503-5p	4.534473883094729e-06	0.15310077245542109	8.249613405792331e-05	0.8468121969366378
hsa-miR-6504-5p	7.745242084500597e-05	0.00031757528470690617	8.99753308418229e-05	0.9995149969636062
hsa-miR-6505-3p	0.0002458390585662942	0.6357514860740958	0.0026047528934642385	0.36139792197387366
hsa-miR-6505-5p	0.0012347753409322603	0.09268076441731712	0.00022496994019898054	0.9058594903015518
hsa-miR-6506-3p	3.17853360646446e-06	0.003930300699012202	6.808109090672407e-05	0.9959984396764746
hsa-miR-6506-5p	4.1400671888845765e-05	0.05558931085256738	0.00021239197851706244	0.9441568964970267
hsa-miR-6507-3p	0.00032939988824266537	0.007537120332279248	3.834401574196171e-06	0.9921296453779039
hsa-miR-6507-5p	0.0015181848996767809	0.002763797510288623	0.0007045603078952576	0.9950134572821393
hsa-miR-6508-3p	0.00023205249716082464	0.011258335441919438	1.0171026449137737e-05	0.9884994410344706
hsa-miR-6508-5p	6.66416071831545e-05	0.10534326309052207	6.038349638247098e-05	0.8945297118059122
hsa-miR-6509-3p	1.0519499015305018e-05	0.6362395491123876	0.0010789855761034195	0.36267094581249365
hsa-miR-6509-5p	0.0006126239890689655	0.022543286513151437	1.2065105734326237e-06	0.9768428829872061
hsa-miR-651-3p	0.00015177583524169605	0.3971520497639693	0.0007592500858501084	0.601936924314939
hsa-miR-651-5p	6.040822140487625e-05	0.7260715311236176	0.00027458783704039454	0.2735934728179373
hsa-miR-6510-3p	0.0003572695128846137	0.005843853015395912	8.714736505965924e-05	0.9937117301066599
hsa-miR-6510-5p	0.00028735608317879806	0.007299023108212362	1.9440222823180514e-05	0.9923941805857858
hsa-miR-6511a-3p	0.001598714515638161	0.21587496648424667	0.0008375996375280385	0.7816887193625871
hsa-miR-6511a-5p	0.0003401505726262629	0.02385717469178658	0.00042401008512501424	0.9753786646504622
hsa-miR-6511b-3p	0.0024056623805392635	0.33915389501266163	0.00019166661107992774	0.6582487759957192
hsa-miR-6511b-5p	0.009387615202338332	0.07910395421929954	0.00011518972563114206	0.911393240852731
hsa-miR-6512-3p	0.00023196227872228	0.00937662335388331	1.7003017174539683e-05	0.99037441135022
hsa-miR-6512-5p	0.00011627858391379965	0.0006599053178978953	0.0003239069143497718	0.9988999091838385
hsa-miR-6513-3p	1.1332912299524866e-05	0.6403459736560515	4.1292764322073125e-05	0.3596014006673269
hsa-miR-6513-5p	9.300023147848423e-05	0.05469201985336779	1.6534257233560866e-05	0.9451984456579201
hsa-miR-6514-3p	0.0012688819298721178	0.4016945243991886	0.0015899856611360818	0.5954466080098032
hsa-miR-6514-5p	0.001538503570551465	0.24496206335120727	1.9078369538324768e-07	0.7534992422945458
hsa-miR-6515-3p	0.0008500754843821843	0.3784115072971714	8.625054636122784e-05	0.6206521666720852
hsa-miR-6515-5p	0.0005745620637533017	0.19510286720493483	0.00012209668429489425	0.8042004740470169
hsa-miR-6516-3p	3.389782351282262e-05	0.4019405060532065	0.0012795113516044865	0.5967460847716763
hsa-miR-6516-5p	0.0014127415532303675	0.2630130103474988	6.772959872733684e-06	0.7355674751393981
hsa-miR-652-3p	0.0033908945267696446	0.14850844483009046	0.0005856511769879375	0.8475150094661519
hsa-miR-652-5p	8.181460490028643e-06	0.6973506027900537	0.00010822741609963084	0.3025329883333567
hsa-miR-6529-3p	4.760892664254693e-06	0.0007153078512491881	3.900241117910321e-07	0.9992795412319748
hsa-miR-6529-5p	4.602233863875036e-05	0.282352178807445	4.588277309104828e-05	0.7175559160808251
hsa-miR-653-3p	3.5464148754613524e-05	0.3917180849086834	0.00042542803459446775	0.6078210229079675
hsa-miR-653-5p	0.00022004408822999972	0.0760693735740164	4.736629401987553e-05	0.9236632160437337
hsa-miR-654-3p	3.43236752084797e-05	0.4091948431842443	9.694990761980835e-05	0.5906738832329274
hsa-miR-654-5p	7.757132049706669e-05	0.46106453188188623	0.0005471084543852175	0.5383107883432315
hsa-miR-655-3p	0.00039057425751376447	0.3271043160878111	0.00016995307461046963	0.6723351565800647
hsa-miR-655-5p	0.00017903134373014904	0.002530319614714845	0.0003349357251511572	0.996955713316404
hsa-miR-656-3p	4.688398332577475e-06	0.3436911041459794	9.957407400509295e-05	0.656204633381683
hsa-miR-656-5p	0.00010540763918420089	0.0029556013605504133	2.872674028124146e-05	0.9969102642599842
hsa-miR-657	3.547020688881805e-05	0.0013861924536822039	0.00011154868498052908	0.9984667886544484
hsa-miR-658	0.00013600646093682025	0.0008523739957552882	0.00034679380078919225	0.9986648257425188
hsa-miR-659-3p	1.7788067870171888e-06	0.0174476493377857	0.00020401115316826568	0.982346560702259
hsa-miR-659-5p	0.00048111347132230803	0.35319791006892304	0.0038419029410813456	0.6424790735186733
hsa-miR-660-3p	0.00019188398191076155	0.5133420058333638	0.0004537905054260788	0.48601231967929936
hsa-miR-660-5p	0.000954722497833393	0.5637909350326004	0.0019018768087970268	0.4333524656607691
hsa-miR-661	1.7585415905542745e-05	0.03613043977381718	0.00011321967253437388	0.9637387551377429
hsa-miR-663a	0.0003571099280550686	0.005462402263212147	1.4413681386418957e-05	0.9941660741273463
hsa-miR-663b	0.0003813915193979103	0.04819146551261686	0.00046373678147182857	0.9509634061865134
hsa-miR-664a-3p	7.30784776595564e-05	0.6531431382466095	3.343241317894577e-05	0.346750350862552
hsa-miR-664a-5p	0.0048048455576368415	0.45364612282266015	0.000691686818488783	0.5408573448012142
hsa-miR-664b-3p	6.068075276052412e-05	0.5573294966442528	0.00020981963500320646	0.44240000296798343
hsa-miR-664b-5p	0.0008067359540912803	0.4864489481573848	0.00029876784873280747	0.5124455480397911
hsa-miR-665	2.8710518759961235e-05	0.3808745257868318	0.00021125422688677247	0.6188855094675215
hsa-miR-668-3p	0.002920089846403964	0.055901774256223884	0.0008072421028490959	0.9403708937945231
hsa-miR-668-5p	0.00031003962187598383	0.0009749032401797292	0.0004792447526952614	0.998235812385249
hsa-miR-670-3p	1.3022352546064106e-05	0.004129104900104732	5.455636969841013e-05	0.9958033163776508
hsa-miR-670-5p	0.0003005196412215153	0.0009723092153436796	3.970752084784892e-06	0.9987232003913501
hsa-miR-671-3p	8.291017606517907e-05	0.5372060942204767	0.00046644317837555617	0.4622445524250825
hsa-miR-671-5p	9.397508017399603e-05	0.6212636819470405	0.0008465252531641821	0.3777958177196213
hsa-miR-6715a-3p	4.447151657230085e-08	0.0011968836453264751	4.0360425319282614e-05	0.9987627114578377
hsa-miR-6715b-3p	0.00014911281789355618	0.031178479046085967	2.3090705548726377e-06	0.9686700990654655
hsa-miR-6715b-5p	0.00036140174107326034	0.0007504709660285498	2.7587222193607526e-05	0.9988605400707046
hsa-miR-6716-3p	6.497298063888077e-05	0.0433609416040999	1.0806446979935493e-08	0.9565740746088143
hsa-miR-6716-5p	1.5877539466548168e-05	0.002395678058761851	0.0006705238932340284	0.9969179205085374
hsa-miR-6717-5p	6.600551609837517e-05	0.01408112302033188	2.168957118710282e-05	0.9858311818923826
hsa-miR-6718-5p	0.0006091819908109146	0.24095599624597713	8.417793459728111e-05	0.7583506438286147
hsa-miR-6719-3p	8.472997672338602e-06	0.001549973144703318	0.00012220843730102564	0.9983193454203232
hsa-miR-6720-3p	9.966153289999314e-05	0.002451974441156421	0.0002705435253309289	0.9971778205006127
hsa-miR-6720-5p	8.709709601449054e-05	0.0008219697893834376	1.0961505748637765e-05	0.9990799716088534
hsa-miR-6721-5p	0.001408297601631227	0.23237994175036283	8.090701139798624e-05	0.7661308536366079
hsa-miR-6722-3p	9.590997962379436e-07	0.0014122969029820793	0.00028865545931494103	0.9982980885379067
hsa-miR-6724-5p	2.3638421162320923e-05	0.5014693123975952	0.0019269066761314821	0.49658014250511107
hsa-miR-6726-3p	0.003502066810176086	0.1817906286960823	0.0004897053316062305	0.8142175991621353
hsa-miR-6726-5p	0.00013351417672774257	0.03572127352458757	0.0005267760077236116	0.9636184362909611
hsa-miR-6727-3p	9.179698178603283e-05	0.03792999631048955	0.0009940850160885856	0.9609841216916357
hsa-miR-6727-5p	0.00012386129118308718	0.010216948782193506	0.0005540342529108593	0.9891051556737126
hsa-miR-6728-3p	2.0963866710005103e-06	0.002905990445792147	0.00020434210205106992	0.9968875710654858
hsa-miR-6728-5p	1.0762105586649358e-06	0.0032565795179861066	5.853399571503043e-05	0.9966838102757402
hsa-miR-6729-3p	0.00023183580138821727	0.2945818072944577	0.003334676598970959	0.7018516803051831
hsa-miR-6729-5p	0.00025271907353774576	0.25614287788482093	9.777473821413703e-05	0.7435066283034273
hsa-miR-6730-3p	0.00011002720041624791	0.1790039309094998	0.0016873454819287769	0.8191986964081552
hsa-miR-6730-5p	0.0001548877488645606	0.08538755740703584	5.382601651899373e-05	0.9144037288275806
hsa-miR-6731-3p	0.00028841378999277856	0.09762850916784954	0.00035286636198730316	0.9017302106801705
hsa-miR-6731-5p	2.3305875100809487e-08	0.03466249169795362	2.0124282456535133e-06	0.9653354725679257
hsa-miR-6732-3p	7.720287356949248e-06	0.11147751075524706	0.0006405025107125665	0.8878742664466833
hsa-miR-6732-5p	3.168745865255404e-05	0.0017835106222898935	0.00028676821958527153	0.9978980336994723
hsa-miR-6733-3p	7.388310724530603e-06	0.16765985511392778	2.6046518043182484e-06	0.8323301519235433
hsa-miR-6733-5p	1.2491670419018279e-05	0.550788674252102	0.0002840407224335375	0.4489147933550454
hsa-miR-6734-3p	0.0022082181690622252	0.24860724072759277	0.0022108861611431422	0.7469736549422018
hsa-miR-6734-5p	0.003918839445090886	0.6958659924189653	0.0007341700107010797	0.2994809981252427
hsa-miR-6735-3p	0.0005448087251573677	0.24933729296578092	7.425512588865034e-07	0.7501171557578028
hsa-miR-6735-5p	0.003995365196878574	0.4277747934097152	0.0010884145491224875	0.5671414268442837
hsa-miR-6736-3p	0.0002408846918785471	0.07952405024160432	0.00021764025140493169	0.9200174248151123
hsa-miR-6736-5p	3.937691296842748e-06	0.06494524627652584	0.00041679942784291765	0.9346340166043344
hsa-miR-6737-3p	0.0007037659661029163	0.05180871574754101	6.726138668006296e-05	0.9474202568996761
hsa-miR-6737-5p	5.311135119178073e-05	0.0005128731713550807	3.8212763388309475e-06	0.9994301942011143
hsa-miR-6738-3p	0.0004713039048896326	0.2191657029627403	0.001110207688442102	0.779252785443928
hsa-miR-6738-5p	0.00027933711845212154	0.003052602029514524	0.0009045664201893871	0.995763494431844
hsa-miR-6739-3p	3.3506860265922063e-06	0.608573034064447	0.0012329725651340502	0.39019064268439235
hsa-miR-6739-5p	0.0009526840843816519	0.11185948512602864	0.0002689788659720016	0.8869188519236177
hsa-miR-6740-3p	7.923915259042049e-05	0.08513906552775755	1.3996496829969117e-08	0.9147816813231552
hsa-miR-6740-5p	1.610081260228928e-07	0.017702483644448964	0.0005145837581770755	0.981782771589248
hsa-miR-6741-3p	0.0010169015072242777	0.29546909873652205	2.9365497183432964e-05	0.7034846342590703
hsa-miR-6741-5p	0.0005026872632643273	0.5617299927643927	4.09063366882096e-06	0.43776322933867406
hsa-miR-6742-3p	6.179861771365514e-05	0.049261135269081914	1.1075573174645455e-05	0.9506659905400298
hsa-miR-6742-5p	3.859816584623771e-05	0.0409342732187159	0.0006422899473825736	0.9583848386680552
hsa-miR-6743-3p	0.00181105534390154	0.08893371248437058	0.0020375664611226216	0.9072176657106054
hsa-miR-6743-5p	0.00012968852221131242	0.0015195981131793284	0.0004580503295322568	0.9978926630350772
hsa-miR-6744-3p	0.0001729719886020827	0.0014987811822562347	0.00017666487686918746	0.9981515819522725
hsa-miR-6744-5p	9.765801748345567e-05	0.0008218356999294691	3.7705839899671386e-06	0.999076735698597
hsa-miR-6745	0.0004102025198585678	0.0015064814246502252	0.0002843189610870407	0.9977989970944042
hsa-miR-6746-3p	0.0002804508254065579	0.0633454460974439	0.0001908311718505238	0.9361832719052992
hsa-miR-6746-5p	7.354978688824791e-06	0.02395321200791931	6.803304677077633e-07	0.9760387526829242
hsa-miR-6747-3p	0.0004231318824272392	0.2677776085985339	1.3999399549647232e-05	0.7317852601194892
hsa-miR-6747-5p	1.9871624633397154e-05	0.0014764957541884434	0.00024844673172416974	0.998255185889454
hsa-miR-6748-3p	5.596431693536033e-05	0.3275684427583858	0.0006649624820103152	0.6717106304426685
hsa-miR-6748-5p	9.790767155904916e-06	0.0038572485849332414	2.5363342603989453e-05	0.9961075973053068
hsa-miR-6749-3p	0.005380199517104059	0.2828820519557985	0.0052071139066305	0.7065306346204668
hsa-miR-6749-5p	0.00033362087645702324	0.0006053970177580677	0.00026634756235665924	0.9987946345434282
hsa-miR-675-3p	0.00012151046966180053	0.013782781638107741	6.539590294436233e-05	0.986030311989286
hsa-miR-675-5p	0.00019722450444848886	0.005867636998559109	0.000784263584778911	0.9931508749122135
hsa-miR-6750-3p	0.005330309088000655	0.09223616764830916	0.0007870919928253973	0.9016464312708647
hsa-miR-6750-5p	0.004293432679210382	0.33092020051327165	0.0001456234144857947	0.6646407433930321
hsa-miR-6751-3p	6.747767767303221e-05	0.029390711783881616	0.0009705780277190737	0.9695712325107263
hsa-miR-6751-5p	6.042022371948215e-05	0.2103177575758843	1.1610945932773382e-05	0.7896102112544635
hsa-miR-6752-3p	0.00046878999863691996	0.013951422159553317	0.0013959587127828047	0.9841838291290269
hsa-miR-6752-5p	2.2786813795306546e-07	0.0064518589858906655	3.147778843498047e-05	0.9935164353575363
hsa-miR-6753-3p	0.0003470879405222777	0.33076648619504173	1.5324364064184996e-05	0.6688711015003718
hsa-miR-6753-5p	0.0001913269135337616	0.014053867779932703	0.000485411666289778	0.9852693936402437
hsa-miR-6754-3p	1.5091964946200628e-05	0.22481760020963254	2.631148247833188e-05	0.7751409963429429
hsa-miR-6754-5p	2.062397847196078e-05	0.029578589414279554	0.0002910131274070408	0.9701097734798414
hsa-miR-6755-3p	0.00010239469687759871	0.3114902931485631	0.0004056525679168377	0.6880016595866425
hsa-miR-6755-5p	0.00024820427808408275	0.05677674999143386	6.461395502324693e-05	0.9429104317754587
hsa-miR-6756-3p	2.3811385761474014e-07	0.000966586189810644	0.00017027836978565817	0.9988628973265461
hsa-miR-6756-5p	0.00013217604993251617	0.009516448833826414	3.3116093205287875e-05	0.9903182590230357
hsa-miR-6757-3p	0.0002763603184278397	0.006520238317517323	0.00031130432950625284	0.9928920970345486
hsa-miR-6757-5p	1.069959913911497e-05	0.0009207098685548333	5.1935335693445606e-05	0.9990166551966125
hsa-miR-6758-3p	4.7213302693908875e-05	0.4368427115643878	9.34544431095533e-05	0.5630166206898088
hsa-miR-6758-5p	0.00043199598576164203	0.0917343293876186	0.0007809579978135592	0.9070527166288063
hsa-miR-6759-3p	0.00011216309813618382	0.010259470991688328	9.439523786602931e-06	0.9896189263863889
hsa-miR-6759-5p	6.324206484550858e-06	0.009115375084120837	0.00017205296005108503	0.9907062477493435
hsa-miR-676-3p	0.0010403327513927956	0.06640333183616257	0.0001534555533054459	0.9324028798591392
hsa-miR-676-5p	0.0002602775974105278	0.018066296925461568	0.0018853771633196212	0.9797880483138083
hsa-miR-6760-3p	0.00013222329642283333	0.0005097066443463952	3.1804884505173927e-05	0.9993262651747257
hsa-miR-6760-5p	5.246197102729088e-05	0.002312101572435414	8.223131348651015e-05	0.9975532051430508
hsa-miR-6761-3p	3.3850992927210175e-05	0.017451994001707063	3.7149269634197606e-06	0.9825104400784023
hsa-miR-6761-5p	2.049432027723173e-05	0.01957008928797925	4.197435271224888e-06	0.9804052189564723
hsa-miR-6762-3p	0.0010339545575911771	0.10342591019637389	4.9104331309030005e-05	0.895491030914726
hsa-miR-6762-5p	0.000565951674497302	0.008874712738881447	1.9039049840950955e-05	0.9905402965367802
hsa-miR-6763-3p	0.00046139418739519166	0.017612768808844482	0.000846639340100295	0.98107919766366
hsa-miR-6763-5p	0.000173719969788809	0.01028138099172809	0.0008622191961682218	0.9886826798423148
hsa-miR-6764-3p	5.446673010236257e-05	0.1422543578117355	5.330856433245777e-05	0.8576378668938296
hsa-miR-6764-5p	7.679035563922932e-05	0.1805454052147238	0.0005775382526934037	0.8188002661769437
hsa-miR-6765-3p	2.2610287490164848e-05	0.019569449896311764	1.775382178119778e-09	0.9804079380408158
hsa-miR-6765-5p	0.000682561873515313	0.002403695757901039	0.00032807311519687815	0.9965856692533869
hsa-miR-6766-3p	0.000883621688656773	0.4350144706031489	0.004501393478912711	0.5596005142292817
hsa-miR-6766-5p	0.0018340641402928924	0.054606976255910024	1.7252818188565683e-05	0.9435417067856086
hsa-miR-6767-3p	3.770901968643001e-05	0.06937656683054923	0.00030731144186499213	0.9302784127078995
hsa-miR-6767-5p	0.0015361889077985021	0.05324177958440715	2.1208328205324425e-06	0.9452199106749738
hsa-miR-6768-3p	0.0006474954656313842	0.013255986189769257	7.601878403576191e-06	0.9860889164661958
hsa-miR-6768-5p	0.0010155541554597695	0.060773172637347724	1.3604072572357333e-05	0.9381976691346201
hsa-miR-6769a-3p	0.00047357135350311626	0.004661440958357402	0.00025414139995791026	0.9946108462881816
hsa-miR-6769a-5p	0.00016523645712824037	0.00047077777992760993	8.980093079818075e-05	0.9992741848321459
hsa-miR-6769b-3p	0.00036723967974469505	0.16940295405194347	0.0005564849561836261	0.8296733213121281
hsa-miR-6769b-5p	0.00020897973961720936	0.009200195001847837	0.00014068531670765325	0.9904501399418274
hsa-miR-6770-3p	8.008843456060623e-05	0.1090277316584522	0.00034561715009630804	0.8905465627568909
hsa-miR-6770-5p	4.636627675659843e-06	0.028105320911559428	0.00013744037652614496	0.9717526020842387
hsa-miR-6771-3p	1.133756163607899e-05	0.037162919479508214	5.360954995227784e-06	0.9628203820038604
hsa-miR-6771-5p	1.373043700967027e-06	0.00334978557594761	1.80187640555484e-07	0.9966486611927109
hsa-miR-6772-3p	6.865915893871533e-06	0.3809536115645048	8.098279299839434e-05	0.618958539726603
hsa-miR-6772-5p	1.4358857942582712e-05	0.018630008535570494	7.877225798101491e-05	0.9812768603485059
hsa-miR-6773-3p	1.0374617136901153e-05	0.001315132440083426	0.0001492352280213674	0.9985252577147583
hsa-miR-6773-5p	0.00013640532924054263	0.004681838688043738	0.00025156350415254415	0.9949301924785632
hsa-miR-6774-3p	0.000426094255907113	0.18593342946599928	8.284945185739431e-05	0.8135576268262362
hsa-miR-6774-5p	0.0005209422434952633	0.05139010410570831	0.0006201722544509102	0.9474687813963456
hsa-miR-6775-3p	0.0005067666599770801	0.48287955830958545	0.00013730244588669845	0.5164763725845507
hsa-miR-6775-5p	1.0701839152506281e-05	0.0037367498481720714	0.00017198476451709088	0.9960805635481583
hsa-miR-6776-3p	2.6910989658389067e-07	0.002264430117839581	0.0001909723595419204	0.9975443284127219
hsa-miR-6776-5p	0.0004588638583415808	0.00032519683456556193	7.761996535870578e-05	0.9991383193417342
hsa-miR-6777-3p	0.00022221459598171305	0.18429994732631225	0.0003021739128953993	0.8151756641648106
hsa-miR-6777-5p	6.880221359213668e-05	0.004134683673065406	1.8931798388445113e-08	0.9957964951815441
hsa-miR-6778-3p	3.6425869351831535e-05	0.03993569090595063	6.352722841504175e-05	0.9599643559962825
hsa-miR-6778-5p	9.720025998282951e-05	0.0017879395575425398	0.00039258494550862535	0.997722275236966
hsa-miR-6779-3p	0.0002638343379641627	0.06200716735139024	7.087005747311447e-05	0.9376581282531725
hsa-miR-6779-5p	1.8427633366453575e-05	0.017818342786245375	0.00015129049542549845	0.9820119390849626
hsa-miR-6780a-3p	0.004588851161184913	0.35504980659762675	0.0005265157621659655	0.6398348264790223
hsa-miR-6780a-5p	0.005969635124512731	0.41351725283503177	0.0012051957655011408	0.5793079162749544
hsa-miR-6780b-3p	0.0017768675890649306	0.07668900027535203	0.0019093350242547708	0.9196247971113283
hsa-miR-6780b-5p	0.0009080149275282099	0.008689248127352488	0.0005344235647293682	0.9898683133803899
hsa-miR-6781-3p	5.625626834358335e-05	0.09037741987222912	0.00016412810348207606	0.9094021957559453
hsa-miR-6781-5p	0.0023322049841546393	0.32361130793602644	0.0006504107829080867	0.6734060762969108
hsa-miR-6782-3p	0.0012906341221761398	0.07557066035813503	0.001848942843632328	0.9212897626760566
hsa-miR-6782-5p	1.4237706553234156e-05	0.1340863559467596	0.0015448400600568304	0.8643545662866303
hsa-miR-6783-3p	0.0003752598557380392	0.6460389049984352	0.0015070632745251354	0.3520787718713016
hsa-miR-6783-5p	0.00020023230592094158	0.06161017343477223	1.093257460476509e-05	0.9381786616847021
hsa-miR-6784-3p	2.6752162427413614e-06	0.004475187778931972	1.0338132522580683e-07	0.9955220336235001
hsa-miR-6784-5p	1.168745304721073e-05	0.003203858402220773	7.708637890687835e-07	0.9967836832809429
hsa-miR-6785-3p	0.00022851061599280057	0.009398830512370582	0.00023351818652873026	0.990139140685108
hsa-miR-6785-5p	0.0002975130077662939	0.24390044232696323	1.7927151377158838e-05	0.7557841175138933
hsa-miR-6786-3p	0.0012609942787736737	0.35909632278490855	0.0010106227850337252	0.6386320601512839
hsa-miR-6786-5p	3.313052882154621e-05	0.0012149718329734888	0.00016589089596529078	0.9985860067422397
hsa-miR-6787-3p	6.737283504427696e-05	0.23181056415290355	0.000788577273899502	0.7673334857381526
hsa-miR-6787-5p	3.646618131475046e-05	0.005911753247980076	3.500373007622721e-06	0.9940482801976975
hsa-miR-6788-3p	0.0005355358166966947	0.010339807074328513	0.00047635350840710016	0.9886483036005675
hsa-miR-6788-5p	0.00012832315987769134	0.001373752125346077	8.080001281228353e-05	0.998417124701964
hsa-miR-6789-3p	1.5153887671827973e-06	0.3460214698753124	0.0006133683241276258	0.6533636464117927
hsa-miR-6789-5p	0.0001609909288117869	0.002368010344755817	6.074599993090859e-05	0.9974102527265015
hsa-miR-6790-3p	0.0015361594382552364	0.1478665396033852	0.00019033004345629277	0.8504069709149032
hsa-miR-6790-5p	0.00021832246341292236	0.0017305528781970426	0.000291682822711613	0.9977594418356784
hsa-miR-6791-3p	0.001488260258116458	0.36655125661961707	0.000503081876815927	0.6314574012454506
hsa-miR-6791-5p	0.0002232192423750137	0.013485104824466285	7.459989013863223e-05	0.9862170760430201
hsa-miR-6792-3p	5.243978550433324e-09	0.00034245321164211854	9.00627164369327e-05	0.9995674788279424
hsa-miR-6792-5p	6.500646479082857e-07	0.00518434444934663	0.00016591286506792736	0.9946490926209375
hsa-miR-6793-3p	0.00024976031238076955	0.3101495599843429	0.00251331201129765	0.6870873676919786
hsa-miR-6793-5p	0.0007950530847993261	0.0900440227764254	0.00011184036457610605	0.9090490837741991
hsa-miR-6794-3p	3.07153390866148e-05	0.050429203486723535	0.002614739781473289	0.9469253413927166
hsa-miR-6794-5p	7.514135184847092e-05	0.003193378366094339	1.4339384165460245e-06	0.9967300463436407
hsa-miR-6795-3p	0.000487889127439203	0.0016082926259781002	5.229595761304756e-05	0.9978515222889696
hsa-miR-6795-5p	0.0001581809055377804	0.0019535063091917055	2.4471326762350633e-06	0.9978858656525943
hsa-miR-6796-3p	0.00024045314216004004	0.014191301439355363	0.0006211949756861732	0.9849470504427984
hsa-miR-6796-5p	0.00032556791495652333	0.05351690009868131	0.0007420776676864489	0.9454154543186757
hsa-miR-6797-3p	0.0002805051919219796	0.02944277348028226	0.0022988137428880786	0.9679779075849076
hsa-miR-6797-5p	8.522656242495544e-05	0.004004738354141354	1.462723749101341e-06	0.9959085723596847
hsa-miR-6798-3p	0.003404028863478934	0.0805441720275451	0.0015977384003411459	0.9144540607086348
hsa-miR-6798-5p	0.00026389634079073467	0.006126688271066543	0.00035400315288135675	0.9932554122352614
hsa-miR-6799-3p	0.00092497068077366	0.10535993839658052	0.0012497370433563852	0.8924653538792894
hsa-miR-6799-5p	0.0038181951795625483	0.0069537655527065895	0.001257881728354654	0.9879701575393762
hsa-miR-6800-3p	4.078455775440484e-05	0.036935516582583046	0.0020674282106398316	0.9609562706490227
hsa-miR-6800-5p	0.0002082844604915875	0.01994458721800128	4.608435433643868e-07	0.9798466674779637
hsa-miR-6801-3p	4.135834285044039e-06	0.028382506468447345	9.363323858310243e-05	0.9715197244586844
hsa-miR-6801-5p	0.0005034076224367078	0.0457253615569418	3.2415135956794014e-05	0.9537388156846647
hsa-miR-6802-3p	0.0009020601795583655	0.3438234445619319	0.002665192252011642	0.6526093030064981
hsa-miR-6802-5p	7.622739495588965e-05	0.009767441986625484	6.9326528986708735e-06	0.9901493979655199
hsa-miR-6803-3p	0.0006990521640306825	0.45469504872537686	0.0010372530901316722	0.5435686460204608
hsa-miR-6803-5p	3.3369102305708805e-05	0.016652632851563928	2.3973754234272756e-06	0.983311600670707
hsa-miR-6804-3p	0.00014224419066672446	0.14067444126475834	0.001478982935039204	0.8577043316095359
hsa-miR-6804-5p	0.004180504501211075	0.0326018804644216	0.0026485845001624053	0.960569030534205
hsa-miR-6805-3p	0.00025723337994411734	0.0042793211250040574	0.00023876852594781166	0.995224676969104
hsa-miR-6805-5p	0.002800598233184984	0.5163700762625872	9.790827204876943e-05	0.480731417232179
hsa-miR-6806-3p	5.968403414582828e-05	0.4143059674878606	0.00042368675399924064	0.5852106617239945
hsa-miR-6806-5p	8.195011257104383e-07	0.0004166424900500276	3.517973895274609e-10	0.9995825376570269
hsa-miR-6807-3p	4.749622563074068e-05	0.11693180696115571	0.0004217114178676219	0.8825989853953459
hsa-miR-6807-5p	0.0005070930827727864	0.005730788928968173	0.00011951980289550418	0.9936425981853635
hsa-miR-6808-3p	2.113978732405719e-05	0.24847686041952677	7.244538743363338e-05	0.7514295544057155
hsa-miR-6808-5p	0.000765530528487538	0.002289576765219391	1.88667405947355e-06	0.9969430060322336
hsa-miR-6809-3p	0.00017084800146839184	0.026575011230453572	1.0889172794099413e-05	0.9732432515952839
hsa-miR-6809-5p	0.0003754488375243993	0.04066311163315878	0.00031067969428856415	0.9586507598350282
hsa-miR-6810-3p	3.923641383140369e-05	0.2133805144199203	0.000785888603399562	0.7857943605628487
hsa-miR-6810-5p	8.963826282099124e-06	0.011070328307817269	0.00014085264565987085	0.9887798552202408
hsa-miR-6811-3p	1.6480694740301967e-06	0.0349114036500605	4.079298539430657e-06	0.965082868981926
hsa-miR-6812-3p	0.0038652632270767574	0.13447263756234612	0.00045677226260902424	0.861205326947968
hsa-miR-6812-5p	0.0004798178216089724	0.0015622700498404375	7.333657848136909e-11	0.997957912055214
hsa-miR-6813-3p	0.0029901339911412735	0.038486501161604084	0.0021471108872161363	0.9563762539600386
hsa-miR-6813-5p	0.002370135239488476	0.046574908494292265	0.0012829513193324017	0.949772004946887
hsa-miR-6814-3p	0.00014081022540837721	0.004242592248046367	6.230239346735253e-05	0.9955542951330779
hsa-miR-6814-5p	0.0002959548331839367	0.01373623143283831	0.0007902406697122129	0.9851775730642656
hsa-miR-6815-3p	8.498112083027945e-05	0.29206008779443315	0.0007521233137298694	0.7071028077710068
hsa-miR-6815-5p	0.0008969783498887952	0.6470643234368377	7.97160913739317e-05	0.3519589821218995
hsa-miR-6816-3p	0.0008238106299096365	0.1273750558233609	0.0016522352486952265	0.8701488982980342
hsa-miR-6816-5p	5.942185166528677e-05	0.0044973240199133275	1.549752279828054e-05	0.9954277566056231
hsa-miR-6817-3p	3.566261329270235e-07	0.07057969587557306	0.0006444971257127044	0.9287754503725812
hsa-miR-6817-5p	0.0005711111551872531	0.007085836609580184	0.0001166503889400882	0.9922264018462925
hsa-miR-6818-3p	0.00016767994767953072	0.6286169944330344	0.001418592683052611	0.36979673293623344
hsa-miR-6818-5p	0.0011552989702004962	0.13408343256318148	0.002211662659773546	0.8625496058068445
hsa-miR-6819-3p	8.895256470694608e-05	0.3887759721824074	0.0027789244072174016	0.6083561508456682
hsa-miR-6819-5p	2.767511458369346e-07	0.008441504281102786	0.0006901043818672796	0.9908681145858841
hsa-miR-6820-3p	2.8711023817915176e-05	0.5233836126626381	0.0003316907137159731	0.4762559855998281
hsa-miR-6820-5p	0.00034480142286556645	0.03781363645225334	4.036708773702865e-05	0.9618011950371441
hsa-miR-6821-3p	2.4078826485322725e-05	0.02204253349277826	2.4976833667093847e-05	0.9779084108470694
hsa-miR-6821-5p	0.0010913952941349484	0.015429127880581482	4.2436435122948724e-05	0.9834370403901607
hsa-miR-6822-3p	1.190190229731669e-05	0.009665820023158068	0.00017865150479033472	0.9901436265697543
hsa-miR-6822-5p	0.00010327257801888933	0.00222072900561285	5.726487002430127e-07	0.997675425767668
hsa-miR-6823-3p	8.528750363700222e-06	0.0036672237061637337	0.0007476107532305325	0.9955766367902421
hsa-miR-6823-5p	2.6660400149472004e-05	0.0014509270153506603	0.0011933926964215872	0.9973290198880783
hsa-miR-6824-3p	1.6635074327644973e-05	0.031781879889969354	0.00016997634600284038	0.9680315086897002
hsa-miR-6824-5p	6.878141454348574e-05	0.0036344144482047093	5.968748831097413e-06	0.9962908353884208
hsa-miR-6825-3p	0.00024481529941641056	0.005047192383853712	0.0003600242368099058	0.99434796807992
hsa-miR-6825-5p	0.00031071230096245666	0.25028094747535506	4.2692854191547255e-06	0.7494040709382633
hsa-miR-6826-3p	0.00202118259349997	0.05788462707064208	0.0008916615660712711	0.9392025287697867
hsa-miR-6826-5p	0.0019145593518821269	0.03801142263461568	9.309845603609194e-05	0.9599809195574661
hsa-miR-6827-3p	0.0005248093445758546	0.006146691871786113	1.2051684822616186e-06	0.9933272936151557
hsa-miR-6827-5p	1.0776897824552847e-05	0.006939437876204458	0.000162447799902504	0.9928873374260684
hsa-miR-6828-3p	1.1256385230297049e-05	0.0038572799320951224	9.096792949634918e-07	0.9961305540033796
hsa-miR-6828-5p	0.00042730494822853854	0.0008183561086762392	4.084326438270208e-05	0.9987134956787126
hsa-miR-6829-3p	0.001127529150835552	0.005141140861986336	0.0006302666357106468	0.9931010633514675
hsa-miR-6829-5p	0.0002586797708438221	0.055310039243096194	0.00021362249315100702	0.9442176584929091
hsa-miR-6830-3p	8.124114183595527e-05	0.0024761945638243008	8.637383438678674e-05	0.9973561904599528
hsa-miR-6830-5p	0.0005882317889868462	0.0009699592423764572	8.39404057681033e-05	0.9983578685628686
hsa-miR-6831-3p	0.0003402304174659045	0.017246206304607273	0.00022381208983702635	0.9821897511880898
hsa-miR-6831-5p	6.099420436922818e-09	0.005645885367266774	7.293068257325965e-05	0.9942811778507396
hsa-miR-6832-3p	0.0006957935827464296	0.1985509960781964	0.001057265951789123	0.799695944387268
hsa-miR-6832-5p	0.00011505499593202594	0.012681103230801696	4.3525776544830045e-08	0.9872037982474897
hsa-miR-6833-3p	0.0007710790587016185	0.3231007886606179	0.0013463244145661354	0.6747818078661144
hsa-miR-6833-5p	0.00040412705693593324	0.021462420897032007	2.1898795238319527e-05	0.9781115532507938
hsa-miR-6834-3p	8.36632358145173e-05	0.11397958975484307	5.846072543730147e-06	0.8859309009367987
hsa-miR-6834-5p	8.987659288260196e-05	0.0038291337382297458	1.373013142932408e-07	0.9960808523675733
hsa-miR-6835-3p	0.00032986792923577694	0.016680674687748007	0.00013499524515263978	0.9828544621378636
hsa-miR-6835-5p	0.00019958237041922477	0.0011279504692525944	1.252395969288112e-05	0.9986599432006353
hsa-miR-6836-3p	0.0020292818869800623	0.12328317410580981	0.0015586463152437364	0.8731288976919664
hsa-miR-6836-5p	8.42254590007463e-05	0.14280175870253775	5.887397119580944e-05	0.8570551418672657
hsa-miR-6837-3p	0.0012254352627896095	0.1206415139228985	0.000614203715614188	0.8775188470986978
hsa-miR-6837-5p	2.4545723037887002e-05	0.061775576246195535	0.0005329761883251209	0.9376669018424415
hsa-miR-6838-3p	8.503017129354904e-05	0.04075320532822008	0.0001671769323842101	0.9589945875681022
hsa-miR-6838-5p	0.0002887649349873533	0.013942829122538311	4.618309664993002e-05	0.9857222228458243
hsa-miR-6839-3p	0.00011663990922997367	0.061141419176428374	7.465611316866906e-07	0.9387411943532099
hsa-miR-6839-5p	0.0004721474502297865	0.25439870428898526	7.5353508499863265e-06	0.745121612909935
hsa-miR-6840-3p	0.0006995290944862361	0.01030682430894888	8.550848906820032e-07	0.9889927915116742
hsa-miR-6840-5p	0.0006370010327226058	0.08262540880929956	0.00019665870924057366	0.9165409314487373
hsa-miR-6841-3p	1.211791841323554e-05	0.0005114771307442104	7.592281904899589e-05	0.9994004821317934
hsa-miR-6841-5p	0.0001388354042075417	0.0004511608599982973	0.0001176204149357074	0.9992923833208585
hsa-miR-6842-3p	0.00042889792555624273	0.3988436586621578	0.0008926126633089738	0.599834830748977
hsa-miR-6842-5p	0.0007833890491824106	0.44478344687357524	3.668641827922646e-05	0.5543964776589632
hsa-miR-6843-3p	0.0004633787870845363	0.11865668967303186	0.0014005135537304193	0.8794794179861531
hsa-miR-6844	1.1431901166562838e-05	0.5379894245819515	0.0007685814971602968	0.4612305620197215
hsa-miR-6845-3p	0.0009905818366301078	0.03229880373061246	0.00184831606126032	0.9648622983714971
hsa-miR-6845-5p	0.00020731946292612403	0.0023708057506730334	0.000553146515277679	0.9968687282711232
hsa-miR-6846-3p	2.9048932846876426e-06	0.003836884351829939	9.97774219404038e-05	0.9960604333329449
hsa-miR-6846-5p	0.0004124241330813515	0.0025526903516540247	0.0001963423986982862	0.9968385431165664
hsa-miR-6847-3p	0.0007124828704135625	0.04197849286883885	6.60125031281335e-05	0.9572430117576194
hsa-miR-6847-5p	5.0486800222317796e-05	0.12741594047419613	6.996780119126053e-05	0.8724636049243903
hsa-miR-6848-3p	1.610323618583865e-05	0.009245570062970235	8.387632199125911e-06	0.9907299390686447
hsa-miR-6848-5p	0.0006108060693024619	0.1391941433995432	0.00012279675214990128	0.8600722537790044
hsa-miR-6849-3p	0.0005823174640171523	0.034171631880151584	0.0016637413702594822	0.9635823092855718
hsa-miR-6849-5p	4.5038793084958774e-05	0.09789573970088154	3.745586396882565e-06	0.9020554759196366
hsa-miR-6850-3p	4.486952344614185e-08	0.0007988156914891747	2.749902420017449e-05	0.9991736404147872
hsa-miR-6850-5p	0.007418764487706969	0.08113421682013265	0.0014365374645019372	0.9100104812276585
hsa-miR-6851-3p	0.0002670642817649059	0.032035726593138275	0.0002299483826026898	0.9674672607424941
hsa-miR-6851-5p	0.00015802901465350835	0.06236128777638241	7.452119906964353e-05	0.9374061620098944
hsa-miR-6852-3p	0.0017214201716133906	0.20523751400629134	0.0020648428300919543	0.7909762229920033
hsa-miR-6852-5p	3.408209871238596e-05	0.4657704908413416	1.1694484212947257e-07	0.534195310115104
hsa-miR-6853-3p	0.00010591767098854245	0.1796083964776141	3.305737043537697e-05	0.820252628480962
hsa-miR-6853-5p	0.0001721828288087043	0.01071089326489135	6.617514737310615e-05	0.9890507487589268
hsa-miR-6854-3p	3.308530177556622e-05	0.11718675625829891	0.0002632206933508915	0.8825169377465746
hsa-miR-6854-5p	9.818571058673074e-05	0.43573282667811	1.0734113694456603e-05	0.5641582534976088
hsa-miR-6855-3p	0.0001619764328019572	0.1545602423164598	0.00025010338010878375	0.8450276778706294
hsa-miR-6855-5p	0.0007900003571967406	0.6246706266309291	0.0001153223782146642	0.3744240506336595
hsa-miR-6856-3p	0.00016950051545974796	0.08046331731906226	0.00028277071965077783	0.9190844114458272
hsa-miR-6856-5p	6.434986270232312e-05	0.0030983600232416123	1.7409532129957247e-05	0.996819880581926
hsa-miR-6857-3p	0.011096105809049593	0.4331533349206029	0.003528080517207356	0.5522224787531401
hsa-miR-6857-5p	0.0005009013854000562	0.005729451362855897	6.571133415710676e-05	0.993703935917587
hsa-miR-6858-3p	3.647365910810883e-06	0.0797429307810343	0.0003312713059018996	0.9199221505471529
hsa-miR-6858-5p	0.000297873381912971	0.009133966671656703	7.834274983959756e-05	0.9904898171965907
hsa-miR-6859-3p	0.0020939474461510905	0.3686204820465825	0.00024045419688833376	0.629045116310378
hsa-miR-6859-5p	0.00397833974370076	0.4090042101817074	0.00015506415757681963	0.586862385917015
hsa-miR-6860	2.357195648743946e-06	0.0033863476425645225	1.0827103332361564e-05	0.9966004680584545
hsa-miR-6861-3p	0.002156056557579462	0.15558857426019665	2.5362809849270173e-05	0.8422300063723747
hsa-miR-6861-5p	0.00018594862297537012	0.06475056562061927	0.0005331903275867668	0.9345302954288187
hsa-miR-6862-3p	0.0006115612330014836	0.01913690067373543	0.0004438428145169801	0.9798076952787461
hsa-miR-6862-5p	0.003634490197309157	0.15891852931326883	0.000526014347576894	0.8369209661418451
hsa-miR-6863	0.00021884118509103432	0.0016114838648895163	0.0001610786232057354	0.9980085963268137
hsa-miR-6864-3p	0.00021463361467871845	0.030083509821083824	0.0001643118390478787	0.9695375447251896
hsa-miR-6864-5p	6.0896109911125605e-05	0.013986933221480497	9.244640585848595e-05	0.9858597242627499
hsa-miR-6865-3p	0.0005990272910744392	0.028483673803096445	0.0005371013050587557	0.9703801976007703
hsa-miR-6865-5p	0.00027465926480628623	0.05720751225892116	0.0004089644154621759	0.9421088640608103
hsa-miR-6866-3p	7.247910398495716e-05	0.6222280714538839	0.00035659713710958475	0.37734285230502157
hsa-miR-6866-5p	0.0002556219619199854	0.26772307841250637	0.00030988020348245713	0.7317114194220912
hsa-miR-6867-3p	0.0001309236345876593	0.00509655036287446	0.0013143189832728907	0.993458207019265
hsa-miR-6867-5p	0.0005920631918463661	0.006904104852195892	0.00011058410942321287	0.9923932478465346
hsa-miR-6868-3p	0.00010288508222065563	0.4294556590168842	0.003733381705241055	0.566708074195654
hsa-miR-6868-5p	7.375301747611383e-05	0.046320822544569665	0.0005042437548878492	0.9531011806830664
hsa-miR-6869-3p	2.44018352867514e-05	0.001925300967219694	8.013140320890882e-05	0.9979701657942847
hsa-miR-6869-5p	0.0005458708749825288	0.06676353813563728	2.7323876166135926e-05	0.9326632671132141
hsa-miR-6870-3p	8.734996562053392e-10	0.003614219699524028	0.0002854281178892912	0.9961003513090871
hsa-miR-6870-5p	0.000921928732704647	0.005475696163493937	0.0003317116125942768	0.9932706634912072
hsa-miR-6871-3p	6.886974479982244e-05	0.01541959301775212	0.00022322440606194538	0.9842883128313861
hsa-miR-6871-5p	0.00026679288923609265	0.001209864169426636	5.783536932720787e-05	0.99846550757201
hsa-miR-6872-3p	7.702278932212892e-05	0.001982392203872618	8.597694072939952e-05	0.997854608066076
hsa-miR-6872-5p	2.2266926158550002e-05	0.0019555486679978156	5.4872920457690095e-05	0.9979673114853859
hsa-miR-6873-3p	0.0004893436070708203	0.42401534720059886	0.0003363853570112443	0.5751589238353191
hsa-miR-6873-5p	0.0005696249389172147	0.07410645211729798	0.0002691993708703218	0.9250547235729145
hsa-miR-6874-3p	0.00019851600542853241	0.056895313918310084	1.8102354582341134e-05	0.9428880677216791
hsa-miR-6874-5p	4.5899775460804655e-05	0.004215427768011795	3.6459963954523514e-05	0.995702212492573
hsa-miR-6875-3p	0.00243732929740253	0.24256501399863045	0.0005369778324289843	0.7544606788715381
hsa-miR-6875-5p	0.0010455177246071654	0.012694714574591148	6.0978099044661806e-05	0.986198789601757
hsa-miR-6876-3p	4.804418571183698e-06	0.024413327399939476	0.00016761197826384408	0.9754142562032255
hsa-miR-6876-5p	0.0001367577382296732	0.034995641082901145	1.9962575004829556e-06	0.9648656049213687
hsa-miR-6877-3p	1.2612277636657585e-05	0.02050828389852938	0.00017815539213847872	0.9793009484316955
hsa-miR-6877-5p	0.00036808751258822985	0.41403616488503636	0.0003963255712348943	0.5851994220311405
hsa-miR-6878-3p	4.753943000042649e-05	0.004980183603400281	1.3633128091258134e-05	0.9949586438385081
hsa-miR-6878-5p	6.81054276611616e-05	0.016978939274996475	0.0007662946824332381	0.9821866606149091
hsa-miR-6879-3p	0.00514163889986628	0.06744285991391494	0.0019289350509100636	0.9254865661353088
hsa-miR-6879-5p	0.00011226489757513108	0.002193015811240571	0.0007729253536979474	0.9969217939374863
hsa-miR-6880-3p	2.8970414390856057e-05	0.024601700944186105	3.749407569695943e-06	0.9753655792338534
hsa-miR-6880-5p	0.0002724203600580117	0.0023839926533847314	0.00018873591796809844	0.9971548510685893
hsa-miR-6881-3p	0.0007585518436937089	0.3406581120929977	0.004022634603784527	0.6545607014595242
hsa-miR-6881-5p	0.0006955062014818401	0.24392481214241135	0.0002550265745436103	0.7551246550815632
hsa-miR-6882-3p	0.0004240475229289033	0.138344291346676	0.000817890101153713	0.8604137710292414
hsa-miR-6882-5p	1.1074104867375196e-05	0.015858844575227078	3.689579455641896e-05	0.9840931855253491
hsa-miR-6883-3p	0.014171404382686702	0.32737653367789077	0.003504816146019381	0.6549472457934032
hsa-miR-6883-5p	0.001387023295959782	0.022846653610015148	9.749605180664474e-05	0.9756688270422185
hsa-miR-6884-3p	0.0005603121074723043	0.2207489498295483	0.0011357761189319164	0.7775549619440475
hsa-miR-6884-5p	0.0027791278584157857	0.5166016408583819	2.127089731740787e-05	0.4805979603858848
hsa-miR-6885-3p	0.0017897887775037633	0.2971584871303194	0.0009101803966648442	0.7001415436955121
hsa-miR-6885-5p	0.0005047544879206953	0.2605410924291226	0.001476973825693785	0.7374771792572629
hsa-miR-6886-3p	0.0007741878638777339	0.012266841013053994	0.001834461237532617	0.9851245098855357
hsa-miR-6886-5p	2.536276694791588e-06	0.003838299109056812	0.00136883695766106	0.9947903276565874
hsa-miR-6887-3p	5.5602943817365525e-06	0.01715082935660224	0.0012202029648394803	0.9816234073841765
hsa-miR-6887-5p	6.169690281515506e-05	0.00037559219042737087	0.0013831293737143688	0.9981795815330431
hsa-miR-6888-3p	0.00016057890334609338	0.0688392518027061	1.3716506687376804e-05	0.9309864527872603
hsa-miR-6888-5p	1.1006634856379604e-05	0.0002295451807022684	5.8346864160189756e-05	0.9997011013202811
hsa-miR-6889-3p	0.00019903339089266477	0.2929125854695373	4.825736986881477e-06	0.7068835554025832
hsa-miR-6889-5p	2.0655653235204404e-05	0.006944436860286517	9.587719224573438e-05	0.9929390302942326
hsa-miR-6890-3p	0.0003588402180200177	0.02388603082554491	9.40491214882004e-06	0.9757457240442863
hsa-miR-6890-5p	0.00020436817583486985	0.009030568917944508	0.00020836433369442038	0.9905566985725262
hsa-miR-6891-3p	2.5655731323622274e-05	0.00206898647093684	0.00039264061178677655	0.9975127171859527
hsa-miR-6891-5p	3.784091317536526e-05	0.08407669339803434	0.00036839913092886833	0.9155170665578615
hsa-miR-6892-3p	0.00016420731499004087	0.004553216817658858	9.194460485466253e-05	0.9951906312624964
hsa-miR-6892-5p	0.0005684574300605198	0.012628560060948101	4.13984969347103e-06	0.9867988426592978
hsa-miR-6893-3p	0.0018748173261553026	0.02881138842845163	0.0009359842842220756	0.968377809961171
hsa-miR-6893-5p	3.309230049344553e-08	0.0005428457474094077	4.88919951413801e-07	0.9994566322403386
hsa-miR-6894-3p	0.12524448290864426	0.08256851730210812	0.001800771745715724	0.7903862280435319
hsa-miR-6894-5p	0.0009641491993320834	0.14675876506120886	5.969651955745527e-06	0.8522711160875034
hsa-miR-6895-3p	0.012341218134003941	0.01593398979120898	5.910219334297145e-05	0.971665689881444
hsa-miR-6895-5p	0.005355910179142411	0.021928953274923814	6.819968675834086e-08	0.9727150683462471
hsa-miR-7-1-3p	4.6158463945556324e-05	0.6012085579876365	9.722492581357746e-12	0.3987452835386955
hsa-miR-7-2-3p	0.0002930011288822484	0.1243605943806416	2.5857313956318652e-05	0.8753205471765199
hsa-miR-7-5p	0.0005684965721735612	0.6830195428051409	0.000474328665504088	0.3159376319571815
hsa-miR-708-3p	8.778904723235752e-05	0.38569938089492184	0.0007534025122095684	0.6134594275456362
hsa-miR-708-5p	0.00018452561707630967	0.23805157686042885	0.0014140181661258444	0.7603498793563689
hsa-miR-7106-3p	0.0006730748225531391	0.10502670957253551	0.0011332294344278812	0.8931669861704835
hsa-miR-7106-5p	5.235904846633573e-06	0.002625968316079605	0.0002431594200566794	0.9971256363590171
hsa-miR-7107-3p	2.2374319716701884e-05	0.036433799362233635	7.54075032454777e-05	0.9634684188148043
hsa-miR-7107-5p	0.00010938022760115007	0.0007169475091570649	0.00023045874776418662	0.9989432135154777
hsa-miR-7108-3p	0.00043278323776744365	0.10168184483750708	0.0004439941568715223	0.8974413777678539
hsa-miR-7108-5p	1.1329624402195084e-05	0.002618112511606231	0.0002844463090971543	0.9970861115548945
hsa-miR-7109-3p	5.262538675969609e-06	0.0448293836229341	0.005346726421939208	0.9498186274164507
hsa-miR-7109-5p	1.7294664936653574e-05	0.008708538832644745	6.075294685922e-05	0.9912134135555594
hsa-miR-711	7.892911884172908e-06	0.0023000968350076847	3.5808778632360255e-05	0.9976562014744759
hsa-miR-7110-3p	9.012548784972437e-05	0.16712996916867756	0.0006982301542072458	0.8320816751892655
hsa-miR-7110-5p	0.00022048661198908296	0.002570000828903116	5.695566937115029e-06	0.9972038169921708
hsa-miR-7111-3p	0.0009783879949770598	0.08036441368851292	0.002049360699722862	0.9166078376167871
hsa-miR-7111-5p	1.7889299476099461e-06	0.0009347662622669246	0.00038905295316119133	0.9986743918546243
hsa-miR-7112-3p	4.294886229946202e-05	0.018597945569263388	0.0014715876995600012	0.9798875178688771
hsa-miR-7112-5p	1.0281947511967848e-07	0.07782519652402207	3.6035211544448045e-05	0.9221386654449583
hsa-miR-7113-3p	0.0010198075477098121	0.2140321738093509	0.00223084282079148	0.7827171758221478
hsa-miR-7113-5p	0.00012330033349639116	0.20023485665676705	4.850348483116494e-05	0.7995933395249054
hsa-miR-7114-3p	0.00024349667612527532	0.036926280669087624	0.00011341754949958531	0.9627168051052876
hsa-miR-7114-5p	5.638689535525471e-05	0.029320438590056598	8.98081463249207e-05	0.9705333663682632
hsa-miR-7150	1.2065756762756335e-05	0.0030243233064252205	6.908915849660434e-06	0.9969567020209624
hsa-miR-7151-3p	1.118496923069357e-05	0.08449371341553041	4.775504525145248e-05	0.9154473465699875
hsa-miR-7151-5p	0.00032638909107657186	0.20098838611873035	0.00032986114000924474	0.7983553636501839
hsa-miR-7152-3p	0.0004949809334168498	0.031361825240395595	8.007514201391307e-06	0.9681351863119861
hsa-miR-7152-5p	1.5208289747351428e-05	0.02934381857106763	0.00010062217443039774	0.9705403509647547
hsa-miR-7153-5p	6.72333687411293e-05	0.0003587562508142069	1.6383388011505642e-05	0.9995576269924332
hsa-miR-7154-3p	0.0002783041656353297	0.0013329758005333472	3.419189022636028e-05	0.998354528143605
hsa-miR-7155-3p	0.006579191500106941	0.07940504271446036	0.0013769358128096591	0.912638829972623
hsa-miR-7155-5p	0.0006784765980828396	0.15436142235506356	0.0007588354589104977	0.8442012655879432
hsa-miR-7156-3p	0.0002156097207649926	0.000861316854757332	4.4361747691404346e-05	0.9988787116767863
hsa-miR-7157-3p	9.368865657015576e-05	0.031232406545192565	0.00043743905714381303	0.9682364657410936
hsa-miR-7157-5p	8.461538169025414e-05	0.0008230308266471554	2.1073677090545445e-05	0.999071280114572
hsa-miR-7158-5p	5.696732899668516e-05	0.0009961886656234286	0.0005697119638086557	0.9983771320415713
hsa-miR-7159-5p	5.045306496404779e-06	0.002101057271489904	6.0069447545062625e-05	0.9978338279744686
hsa-miR-7160-3p	4.254800521959845e-06	0.05964276054765402	4.128427333973065e-08	0.9403529433675507
hsa-miR-7160-5p	3.1502855552572524e-05	0.0268839938353725	0.0006782117673153011	0.9724062915417596
hsa-miR-7161-3p	0.0003711524290154853	0.027229474170557634	8.786101276075329e-06	0.9723905872991507
hsa-miR-7161-5p	0.00017674925226032192	0.003045330503083497	1.6947057521420602e-05	0.9967609731871349
hsa-miR-7162-3p	2.288395362626548e-06	0.0006409372616856964	0.00015562016865174348	0.9992011541743
hsa-miR-7162-5p	6.0053107583466274e-05	0.0003492143569239465	6.972902018693852e-05	0.9995210035153057
hsa-miR-718	0.000365429061026335	0.020227502581149272	2.6060102946795912e-05	0.9793810082548777
hsa-miR-744-3p	7.232842831572157e-05	0.5604371705822546	0.00024456519581162454	0.4392459357936182
hsa-miR-744-5p	0.00033869995710681945	0.7248134433031743	7.841915446515156e-06	0.27484001482427234
hsa-miR-7515	3.330148606288657e-05	0.01937010742043815	1.060999306682536e-05	0.9805859811004322
hsa-miR-758-3p	0.00010905878698319606	0.5275986554572182	0.00027600034798056465	0.4720162854078182
hsa-miR-758-5p	0.0002660539118802761	0.0548040626385425	2.968038172017285e-05	0.944900203067857
hsa-miR-760	4.843007260003198e-05	0.2762734690577032	0.0005437747276264341	0.7231343261420703
hsa-miR-761	3.9618614901641946e-05	0.0006403749630167188	1.287119667213763e-05	0.9993071352254095
hsa-miR-762	1.1417525297179445e-05	0.0037174867896082363	0.00014056573743530091	0.9961305299476593
hsa-miR-764	1.4664757007307058e-05	0.0014315156623904614	6.502854403591011e-05	0.9984887910365663
hsa-miR-765	0.0003019134638019617	0.01743233838565583	2.8094133959670246e-06	0.9822629387371463
hsa-miR-766-3p	0.0034253084430126224	0.5319943484046272	0.001123120221058398	0.4634572229313017
hsa-miR-766-5p	0.0003028350533909979	0.5493757452400626	9.892097382401541e-05	0.45022249873272246
hsa-miR-767-3p	0.00010520287455691183	0.0013392129764954316	4.069058531428838e-06	0.9985515150904162
hsa-miR-767-5p	4.635076535402171e-05	0.0010783424700855505	0.00013045386876137894	0.9987448528957991
hsa-miR-769-3p	6.141348807206438e-05	0.4485459609452803	0.0008158316065560861	0.5505767939600915
hsa-miR-769-5p	0.00011909492599612224	0.701594741719797	3.1204103543451036e-05	0.2982549592506635
hsa-miR-770-5p	0.00038307276259449155	0.053701284814365174	0.0004878232072853098	0.945427819215755
hsa-miR-7702	2.952086446548252e-06	0.2484950714635804	1.6639608077702285e-06	0.7515003124891653
hsa-miR-7703	0.0002514968939882125	0.01583213381110886	2.3038884750872443e-06	0.9839140654064278
hsa-miR-7704	4.133219329379311e-05	0.32644892554904115	0.002749683712675708	0.6707600585449893
hsa-miR-7705	0.00014804239114670352	0.6310587841295908	0.00018918217525470084	0.3686039913040077
hsa-miR-7706	0.0002719278641409318	0.6034829609575579	5.453771828355756e-05	0.39619057346001746
hsa-miR-7843-3p	0.001177213370145978	0.08050937590288527	0.0009457387602398017	0.9173676719667289
hsa-miR-7843-5p	1.7638421855943674e-06	0.0052283685287353955	3.24621638641424e-06	0.9947666214126926
hsa-miR-7844-5p	6.093305036693114e-07	0.019592434988524678	3.311372230631711e-05	0.9803738419586653
hsa-miR-7845-5p	2.890906903399816e-05	0.018314413221785397	6.914200020896277e-05	0.9815875357089717
hsa-miR-7846-3p	0.00015235192042571045	0.03376056189209266	1.2879992369857858e-05	0.9660742061951118
hsa-miR-7847-3p	0.004667903362270408	0.07949641167647147	1.1430434377752787e-05	0.9158242545268804
hsa-miR-7848-3p	5.915101626101539e-07	0.2636387828684062	7.812650878713035e-05	0.7362824991126441
hsa-miR-7849-3p	6.370592215280916e-05	0.13449309517152364	0.00011651529159787851	0.8653266836147255
hsa-miR-7850-5p	0.00030121522378368735	0.08558920462479504	0.00010299916757249332	0.9140065809838488
hsa-miR-7851-3p	0.0005409747820267306	0.05252622677754905	0.0003651964462469931	0.9465676019941773
hsa-miR-7852-3p	1.3314913187651861e-05	0.1721918907254307	0.00017890492925278778	0.8276158894321288
hsa-miR-7853-5p	2.7018383276425627e-05	0.027346674852597064	3.575030055990382e-06	0.9726227317340705
hsa-miR-7854-3p	2.392398213474785e-07	0.5343254064286505	7.526340297250657e-05	0.46559909092855567
hsa-miR-7855-5p	0.0027063853377176975	0.060863809737194234	0.0025139244173267472	0.9339158805077613
hsa-miR-7856-5p	6.315849927121922e-05	0.02418388319477943	0.0010375494882635743	0.9747154088176858
hsa-miR-7973	7.153845507747167e-05	0.006884922515587444	7.322992501409599e-06	0.9930362160368337
hsa-miR-7974	1.1341158705544495e-05	0.3735779430006791	4.262644765520434e-05	0.6263680893929602
hsa-miR-7975	0.0010118482410887584	0.05012202124506575	0.0001045605098324701	0.948761570004013
hsa-miR-7976	0.0002454751458009692	0.5019595124231565	0.0004078972827741701	0.49738711514826833
hsa-miR-7977	0.0011993942922686855	0.6364536697325126	0.0012647610684384599	0.3610821749067802
hsa-miR-7978	9.134645243318876e-05	0.02172013852788309	0.00015676858044722972	0.9780317464392364
hsa-miR-8052	0.00023262904801452862	0.02554093017350368	0.000436857713926315	0.9737895830645554
hsa-miR-8055	3.21239116021867e-05	0.004154700622763563	7.009323097533985e-07	0.9958124745333246
hsa-miR-8057	0.0001271669554345661	0.000599796149537245	0.0001249856651045148	0.9991480512299237
hsa-miR-8058	6.0453727281016e-05	0.0007802556980883882	4.739306309328198e-05	0.9991118975115373
hsa-miR-8059	0.00023652936623059806	0.001043190438116601	7.911896648918978e-06	0.9987123682990039
hsa-miR-8060	0.00015336087972645304	0.0045909209211596365	0.0001757964556147043	0.9950799217434992
hsa-miR-8061	4.8794530673535985e-05	0.0024094886280374276	3.330708718362673e-05	0.9975084097541055
hsa-miR-8063	5.445209965383186e-07	0.002333501758816434	2.67184794637752e-06	0.9976632818722407
hsa-miR-8065	6.592927578257329e-05	0.0002216211417329222	5.0481989295548964e-05	0.9996619675931889
hsa-miR-8066	0.00031561393278478823	0.0005137675142035268	0.00017695122573601924	0.9989936673272757
hsa-miR-8068	7.4529817302168e-05	0.00037225001206546296	9.099370348885817e-09	0.999553211071262
hsa-miR-8069	5.3724991593824964e-05	0.00028390163204605935	1.5853561054768144e-05	0.9996465198153053
hsa-miR-8070	0.0002864191342715942	0.0005481867108781773	2.767243496494372e-05	0.9991377217198854
hsa-miR-8071	3.8090672713464763e-05	0.0020336887240994	9.182381876548403e-07	0.9979273023649995
hsa-miR-8072	0.002035493774414781	0.022603614846151858	7.39030562503683e-06	0.9753535010738084
hsa-miR-8073	4.891428233590246e-05	0.00041970097394269836	2.6880868449765758e-05	0.9995045038752716
hsa-miR-8075	6.914445883274937e-06	0.009347703272916782	5.4625615151188065e-05	0.9905907566660487
hsa-miR-8076	1.0850413278863727e-05	0.0013826502552747532	0.0005533263026868126	0.9980531730287596
hsa-miR-8077	5.221215878846261e-05	0.002098087474992612	3.129813139485561e-05	0.9978184022348241
hsa-miR-8078	0.0001959475299171962	0.0027900306121764473	0.00016275873578555357	0.9968512631221208
hsa-miR-8079	6.64771931206698e-05	0.0027192445047959425	5.063445881121716e-05	0.9971636438432722
hsa-miR-8080	0.0002194828239409971	0.021671945044825128	4.307161118124228e-05	0.9780655005200526
hsa-miR-8082	0.00023428451785951994	0.0006589921088111414	0.00010388046870129552	0.999002842904628
hsa-miR-8085	0.00024092598909430707	0.0013776178462151939	9.551384893261858e-06	0.9983719047797972
hsa-miR-8086	9.287503197132153e-06	0.001171184989277534	0.0008651168767514664	0.9979544106307738
hsa-miR-8087	0.00010252787478963854	0.00017910743233024842	3.759076398896362e-05	0.9996807739288911
hsa-miR-8088	6.38593220798759e-05	0.00035377291720778794	3.647382199180002e-05	0.9995458939387205
hsa-miR-8089	0.00011920862264033987	0.0049812200746480306	0.00023630005807606712	0.9946632712446356
hsa-miR-8485	0.00041730694796559935	0.01581947965316215	0.001254267630191926	0.9825089457686803
hsa-miR-873-3p	0.00012052824941260026	0.27432221297564346	0.0005739594213325864	0.7249832993536114
hsa-miR-873-5p	0.00023686737752592955	0.2960942824125553	0.0003029448055414245	0.7033659054043774
hsa-miR-874-3p	7.228561555389876e-06	0.531023430812864	0.0017107084019742339	0.46725863222360636
hsa-miR-874-5p	6.609088477663366e-05	0.35783711901238335	0.0003046574211308587	0.6417921326817092
hsa-miR-875-3p	0.00032966188053559987	0.10977636289555509	1.4739330778810275e-07	0.8898938278306014
hsa-miR-875-5p	0.00015277337427571706	0.25488606969016575	0.0014364557354307219	0.7435247012001278
hsa-miR-876-3p	0.000259103103947388	0.2600654563330395	8.980198947359663e-07	0.7396745425431184
hsa-miR-876-5p	5.82655703288253e-05	0.3172168797694918	0.001389202369730212	0.6813356522904491
hsa-miR-877-3p	1.471006271706109e-05	0.08157526235962026	0.005214070605518239	0.9131959569721444
hsa-miR-877-5p	0.0021260550168430746	0.6865676420035988	0.00021830574866435804	0.3110879972308938
hsa-miR-885-3p	0.0004764665923697915	0.009325088675787248	3.406020361533766e-05	0.9901643845282276
hsa-miR-885-5p	0.0020540984220231567	0.3317653445684599	0.004335174036060847	0.6618453829734561
hsa-miR-887-3p	0.0002249484464044893	0.02807030146486065	3.829882719048463e-05	0.9716664512615444
hsa-miR-887-5p	0.0002598663740959226	0.0010713133506346218	1.0230797428912042e-05	0.9986585894778406
hsa-miR-888-3p	1.5284257292884655e-05	0.001548221480334542	1.615182521666829e-05	0.9984203424371559
hsa-miR-888-5p	0.0030229877269522653	0.0023978621835405094	6.263495383973286e-05	0.9945165151356674
hsa-miR-889-3p	0.00021723165452577786	0.4875402916462036	6.478077810238748e-07	0.5122418288914896
hsa-miR-889-5p	0.00010414420959715717	0.13244836192567788	0.0006474416886611699	0.8668000521760637
hsa-miR-890	0.0005012966268531439	0.0011547948319504027	0.00028255541029217207	0.9980613531309043
hsa-miR-891a-3p	7.364881226405125e-05	0.0008331180695759963	0.00010992357673348172	0.9989833095414264
hsa-miR-891a-5p	0.05974333059903189	0.03273203793123855	2.6724298486603998e-05	0.907497907171243
hsa-miR-891b	6.851589486430979e-05	0.0006698309982042874	1.2729364339436888e-06	0.9992603801704975
hsa-miR-892a	0.0014409553969417818	0.017395226100358634	0.0005473687888873146	0.9806164497138122
hsa-miR-892b	0.00019937606866961548	0.0016917650945398313	1.31482228815862e-07	0.9981087273545618
hsa-miR-892c-3p	9.434756695717634e-05	0.03566324841206196	1.2062958680539736e-06	0.9642411977251129
hsa-miR-892c-5p	9.917550028883922e-05	7.800889531203092e-05	0.0001250692811487951	0.9996977463232504
hsa-miR-9-3p	1.783658846540222e-05	0.36505659295835274	0.0005646000745546704	0.6343609703786272
hsa-miR-9-5p	0.00014622612968536526	0.35569730902724933	0.00020763764532554625	0.6439488271977397
hsa-miR-920	1.2682398488870427e-06	0.005229368595546157	0.0001290228382866365	0.9946403403263183
hsa-miR-921	0.0005135066084358094	0.023900616253276465	0.000272278184355878	0.9753135989539319
hsa-miR-922	4.1983451329977685e-05	0.00046177981503689767	2.7887163129766865e-05	0.9994683495705035
hsa-miR-92a-1-5p	0.000353299007395408	0.33696388854181525	0.00017789855798423383	0.6625049138928052
hsa-miR-92a-2-5p	3.2252693781308325e-05	0.03252021698620627	0.00011650063013448715	0.9673310296898779
hsa-miR-92a-3p	3.748010417956303e-05	0.24208838062473867	0.005230506745015034	0.7526436325260668
hsa-miR-92b-3p	0.002045547851735611	0.48458343570449314	0.0023176641123586915	0.5110533523314125
hsa-miR-92b-5p	0.0015746585428241741	0.21817862250440512	0.003938946605756787	0.776307772347014
hsa-miR-93-3p	7.0884989494077e-05	0.6769526148078825	0.0008378209350890456	0.3221386792675343
hsa-miR-93-5p	0.0016239870101389113	0.08400518736183565	0.001304500479404357	0.9130663251486211
hsa-miR-933	0.0008389409055321156	0.2281778849117731	0.000568151464573938	0.7704150227181209
hsa-miR-934	4.464555496936367e-08	0.15605191788471998	0.0015622173532717925	0.8423858201164532
hsa-miR-935	0.0004063013368849179	0.22011891128986885	0.00015038962400279002	0.7793243977492433
hsa-miR-936	5.794300262527554e-05	0.0019484512716802494	0.00010849151410502604	0.9978851142115894
hsa-miR-937-3p	0.00429267905040769	0.156086535164027	0.00026190810115609244	0.8393588776844092
hsa-miR-937-5p	0.0002433838613114552	0.009691503369756712	0.00018740308992797316	0.9898777096790038
hsa-miR-938	4.773684307249736e-05	0.014626547819168124	3.673984928972737e-07	0.9853253479392665
hsa-miR-939-3p	0.00037289414888588824	0.39183319585802523	0.0018639502004916195	0.6059299597925972
hsa-miR-939-5p	6.997597815302763e-05	0.7171603272200624	3.763768544471347e-05	0.28273205911633986
hsa-miR-940	8.014832415441688e-08	0.3478681352825642	0.00027491315790678655	0.651856871411205
hsa-miR-941	0.002787014004978209	0.7564321701866146	7.036473012019624e-05	0.24071045107828692
hsa-miR-942-3p	0.0012669149585860936	0.26464011530863346	0.0002757822789460245	0.7338171874538345
hsa-miR-942-5p	2.2623793263221173e-05	0.6662123868313674	0.00034373667912086813	0.3334212526962484
hsa-miR-943	8.666415733485221e-05	0.2684237084190663	0.0012794884084146652	0.7302101390151843
hsa-miR-944	0.0002696770074474926	0.510720640524448	8.035870330365273e-05	0.48892932376480086
hsa-miR-95-3p	7.092498922494158e-06	0.6813490120096892	0.0004896829375753996	0.3181542125538129
hsa-miR-95-5p	1.2910939461015351e-05	0.7034354665814258	0.0009557186908594642	0.2955959037882538
hsa-miR-96-3p	0.00034534218373002284	0.01771247421760145	0.00010335094881070285	0.9818388326498577
hsa-miR-96-5p	0.0005651215668032489	0.08894007131826866	0.0005482659036167576	0.9099465412113114
hsa-miR-9718	0.0004092537503869145	0.00017988492539867994	6.7630124799836114e-06	0.9994040983117345
hsa-miR-98-3p	1.1720729900021083e-05	0.6029500501004648	8.645918077853633e-05	0.3969517699888566
hsa-miR-98-5p	3.2317499937399004e-05	0.5225369212673894	0.0005219065919557667	0.4769088546407175
hsa-miR-9851-5p	0.00012906091285039362	0.021254885011241554	2.1953387426874553e-05	0.9785941006884811
hsa-miR-9898	2.117676200896845e-05	0.0063527168929661555	2.5343682779436425e-05	0.9936007626622454
hsa-miR-9899	2.3237705016862085e-05	0.021345313746961303	0.0008006288573241493	0.9778308196906977
hsa-miR-9900	0.000502310066050344	0.07304763212273571	0.0008042717723121077	0.9256457860389019
hsa-miR-9901	4.0641941161325875e-05	0.05240630748213367	1.0847692130934444e-05	0.9475422028845741
hsa-miR-9902	0.00020944668965466312	0.4717192859921893	0.0004294791459876787	0.5276417881721682
hsa-miR-9903	3.375462381005523e-05	0.6021916531335769	0.000779040452262881	0.3969955517903501
hsa-miR-9983-3p	0.00021455687729084836	0.26313296564540456	0.001400925733754792	0.7352515517435497
hsa-miR-9985	4.001298917816083e-05	0.4094422310400775	4.7196979138774315e-06	0.5905130362728304
hsa-miR-99a-3p	3.4651259319123206e-05	0.3624155718575344	0.0016160395289738087	0.6359337373541727
hsa-miR-99a-5p	6.912484623022184e-05	0.6194817475518742	0.0015254725816477145	0.37892365502024783
hsa-miR-99b-3p	0.000574700020283313	0.5185985419412373	1.0136020421120185e-06	0.4808257444364373
hsa-miR-99b-5p	2.8870393199958406e-06	0.2492632426531145	0.002330487884806604	0.7484033824227588
