miRNA	B cells	Basophils	CD4+ T cells	CD8+ T cells	Eosinophils	Erythrocytes	Monocytes	Natural killer cells	Neutrophils	Plasma	Thrombocytes
hsa-let-7a-3p	7.8299344638777075	9.821753375999233	16.73720593875143	22.47170570529577	26.35362115133817	7.258462032086862	46.09206979885101	19.076391647810837	14.827425455146091	3.041619050631589	5.587055611192487
hsa-let-7a-5p	59742.214652575196	45127.85306259893	30576.69534905131	36436.923446602836	52137.613081567215	84689.31942258308	48714.3714480647	79328.46581071768	21474.86443919744	6606.100570255429	19602.71036814172
hsa-let-7b-3p	7.652626999963113	8.68240873720926	8.525388547035051	8.50023827978253	16.567568465004342	4.07430571583957	21.40848554463005	17.740585317461495	10.413603866447723	7.57630496683849	3.1099215349259643
hsa-let-7b-5p	11396.760379471296	13961.412195318611	7921.1858666677135	8079.192024821422	13154.060812768566	42093.70785483632	12275.472229303463	17564.36718389848	6231.800397664426	18255.23870733971	5552.576213842893
hsa-let-7c-5p	353.3203445971392	734.3898770757519	329.09315240288754	450.09196368829174	667.5414893813202	501.1002031364335	284.0991072117638	698.397268519631	143.45642151640573	163.5622827136688	284.9233950910475
hsa-let-7d-3p	119.81955736941607	80.3147895944193	48.0572257360902	62.36383238742282	177.4667414411619	115.41923199415206	181.76336842902433	102.6203203377254	196.27229577770854	207.90347452558254	177.07377845312124
hsa-let-7d-5p	2114.8729603105244	794.7231855946073	1315.97157113104	1767.509944300909	1695.127958141536	3574.5078004250727	2089.3089190616674	1838.8524122438303	1034.367463034102	1000.7317007271174	1372.6434191202827
hsa-let-7e-5p	332.1402236287522	1989.3429909781498	418.14411050490605	368.5362589765052	454.0705232652595	159.15861256537397	267.5913569793359	479.2837179566287	381.6800941348966	27.698324519872028	799.5367449567195
hsa-let-7f-1-3p	1.683409949013298	1.777899037105011	2.296319213148596	2.857611385160077	3.755520923799838	0.7305204477448748	13.11284803753544	3.2368199961692183	1.947298514419211	0.487491985474113	1.086083125442849
hsa-let-7f-2-3p	1.3532349207174996	1.1776637669366123	2.342015089910379	6.597492768095645	5.449184103920177	0.5426417893280251	5.107396353887835	4.571875781380198	2.0838600911143406	0.846523894947477	0.98134616233607
hsa-let-7f-5p	50692.037105416726	43849.20835575892	32090.717956015156	34089.27707383032	38972.89523907219	51280.20014034033	47591.464733140674	72423.91207952372	13408.436170742727	2717.968553819114	20152.685821248895
hsa-let-7g-3p	17.251390185180362	8.967195051242506	30.220693192403818	52.023142573108345	6.093222567202532	2.101582744648734	9.347291427933065	19.431156384882385	5.172521928385549	1.51007082946303	1.1862736436871695
hsa-let-7g-5p	16275.85974518559	7085.012049530638	21665.15927054579	20535.987674268687	7137.712842318113	5703.815466353953	5869.122255263035	20307.7134740208	2933.6060223352315	1190.5187354077184	1526.3954744802488
hsa-let-7i-3p	88.17496299187866	25.566500091710523	63.448374185157675	127.08383464630893	54.30846253383369	11.923193799966594	52.19901502910457	50.700440116769144	55.66011065595333	7.594839563996809	4.340443603724994
hsa-let-7i-5p	23235.51349299034	10040.436564952955	13937.45076758059	15017.802865824064	10430.590529374684	24223.70083002961	18275.304301749406	17036.630372604708	4206.073017005934	5514.154320924214	7523.778624158503
hsa-miR-1-3p	5.7675260710883	5.510163557830858	0.7380304266508512	2.8821026377520003	1.358061983581025	0.3329688916810968	1.1268589788015424	32.308467975573805	0.4521786126906772	11.620417507910384	252.79597569117843
hsa-miR-100-5p	1.2122607403733314	8.830499382311066	5.819414089036755	12.224346427217938	88.28976794450332	3.8358162112893783	13.316001322122759	4.524117390812451	4.485393915860447	24.379435728484346	7.825420529840667
hsa-miR-101-3p	3001.030733768072	2506.3804636599393	5235.839868551539	10024.276524393914	1672.542973760041	6724.060693656846	1801.6909336336348	2987.303335159506	5073.203099868181	4683.601267166145	1505.9775966176476
hsa-miR-101-5p	5.384788114496469	1.774199932738728	10.112218240316853	18.991203288417594	2.1013312772099217	4.9994165691147465	2.1954537011137973	4.23145960119701	6.961782916453226	1.6958535873295095	0.36876204637641713
hsa-miR-10392-5p	2.5328939760265934	1.1019273654286625	1.1552383465731229	0.6987529818995809	1.4399150209071558	0.002197683146166621	0.44040569678799873	1.1483909930499274	0.3502720726361278	0.0	0.023218527353514328
hsa-miR-10395-3p	5.185083282249936	3.428514973363321	1.5021184240608314	3.130049245191403	2.7552912600090833	0.02143158174885072	1.2535655533344718	4.080755043431379	0.9334918329719031	0.02710402607310771	0.07232768718431498
hsa-miR-10397-5p	1.839205866480164	0.24888309084599622	1.1392124470313507	1.9142906588594157	1.6052682728842704	0.0	0.7396289034971991	1.3762974962829775	0.5651425683002483	0.0	0.013555723962853245
hsa-miR-10398-3p	15.909683104600383	0.9569955787098691	0.4821995244883511	1.5375655841349951	0.44766101391148116	0.0	1.13351414112409	4.930763796655598	1.0160188256622318	0.030972993425013962	0.024792589210323377
hsa-miR-10398-5p	6.028327739025855	0.0012395764097180334	0.15381003423861275	0.7994411998115467	0.0935834634117178	0.0	0.22627109318097816	2.5372380254335516	0.35386295296114734	0.025049067926751968	0.005167349690178307
hsa-miR-10399-3p	1.786484588127612	2.426687152037971	2.3208640284397304	4.675219461873537	5.979318369931826	0.2375684430730496	3.6955247710027073	5.283844263831754	1.9155809681118705	0.7814089185548033	0.6146760067123564
hsa-miR-10399-5p	1.694495370807712	3.278365138977886	4.196232067593883	5.202565702188623	7.2367690271975365	0.41741555663005625	4.850348183412008	7.0239607173793335	2.8880552119886382	0.4849159992552433	1.3929235379739893
hsa-miR-103a-3p	4677.130956436858	3589.946150953187	4794.798827918578	8276.72372850903	12679.530961015056	12332.729225855774	18841.335219067216	10145.326146804327	9139.181734946966	3569.1635573005124	10105.84333637151
hsa-miR-10401-3p	0.7740901975579685	0.0	0.38938767891557324	0.7363437466530534	0.08376164979433215	3.767872210877533	0.5355595746625588	0.49719255805166385	0.1460820761589951	11.2547316397694	0.787396561767634
hsa-miR-10527-5p	4.14711519357285	1.427900622478528	1.2355482128892739	1.8496674607539427	2.9989258179376295	3.523149799235848	2.2542933935860003	2.8777465846703825	1.8145952686831444	5.18229262576931	1.3418996153908453
hsa-miR-106a-3p	1.4910770309026395	2.3730050246580707	2.37860526738061	2.733227006306536	1.2953245342540107	1.6228589530997832	2.152769839463434	17.98156100917513	0.1973301845109846	0.49929711071572613	0.5757690787066653
hsa-miR-106a-5p	10.75593537941262	3.416113681866999	17.836784420278633	14.42509322100621	8.433992635290487	26.85271414694483	17.7647285436146	14.170850193679723	6.734206078868644	9.108639074482255	19.272808873148655
hsa-miR-106b-3p	152.0676834848094	87.45411802414472	106.52683909977432	249.50556582437855	315.4931787415723	251.9667824610243	181.53710494005264	226.19367104007833	186.82298877538403	288.8604180706642	61.288214445062515
hsa-miR-106b-5p	28.875876436373467	14.481475659333283	18.205393569016	30.264552090539794	74.37782712149578	58.560027666904034	52.010585889947706	36.58575325474246	62.388653512933466	14.109593110013241	14.886353391519677
hsa-miR-107	484.12587128486666	213.66758668884933	559.6383479032852	1068.5152878671129	476.9230066381764	1612.2685237443138	599.8511278008706	734.109790221449	303.9851312396757	987.8285571714348	317.35311554258857
hsa-miR-10a-3p	0.5443980882617127	1.9404455329764208	3.9470395557013833	4.916198798998409	0.5682822472593312	0.050140181425790326	0.5401417215115573	22.4580022083614	0.5003017393382175	2.8403877574876653	1.6824230062169971
hsa-miR-10a-5p	23.28564708942163	157.87837985683854	141.14327236987788	195.744869289427	39.858735230265566	2.400992829888053	16.653613981287943	820.6518576989872	15.320480910938588	74.28327094777363	85.00271723252023
hsa-miR-10b-5p	7.054718097897848	0.3866325540174259	0.6828496143808981	2.228527428798949	0.28076039814048687	0.009690675730627228	1.9321692051683843	1.7319805228788194	0.04723047640895202	113.49187277528601	0.20995273646236126
hsa-miR-11400	6.265140152844828	0.7175075614882694	0.07533341625953933	0.13106181326842867	0.4128761017554778	0.0031280176003032996	0.53390723801265	0.15684676730300703	0.0718857663338053	1.0150265491783372	55.96075532993982
hsa-miR-11401	0.07061407607892614	0.0	0.004789998964170467	0.0	0.023734630667480917	1.5746661727411335	0.03477435127391077	0.01950627804208147	0.023697483767182583	1.4935168644541745	0.7746129840683712
hsa-miR-1179	4.408091267043764	1.865901504607804	1.8208403934693964	3.669944630569209	1.2881442036629065	0.40030380647052444	1.589322141942286	4.229490092647753	0.8341204967783435	0.12964781350612303	1.9926070673769039
hsa-miR-1180-3p	0.930181492676854	0.7886877595631273	0.4235460440194363	0.8159437999188681	0.32412758164581407	33.59826922860057	0.9578842504396554	3.905378521667012	2.555545502206722	84.58679251035784	1.0647510569425083
hsa-miR-1185-1-3p	0.8671777930489106	0.005578093843731149	0.05858411791798562	0.09319367053653625	0.07000015472215233	0.012915550608107519	0.12244497548511504	0.8489499815931879	0.05826255741981912	0.18236294968423855	24.86868998085637
hsa-miR-12135	17.238590796932918	11.866521287742426	30.787371742031155	28.98695338890445	12.347760032742995	0.0010382748649470192	19.768621380979877	7.393362867083756	12.02358212156277	0.0	1.1118255660652643
hsa-miR-12136	43.25187260923561	10.78179503947507	19.086160033857603	30.92162715581461	19.917236814794407	0.4526167811109475	30.434836355645896	44.209206520243676	18.625338988156148	1.846032999439338	18.839616795226483
hsa-miR-122-5p	1.1924836100840757	0.14891411127890958	0.13069714407609725	6.800145309243868	0.10034971326230863	0.2061191709161549	0.322773741929702	0.19202750456466888	0.2658939804586758	4975.983056891981	0.2437369013538156
hsa-miR-1224-5p	0.021097503866135944	0.0008626069124711644	0.005439036620265594	0.009105755665142557	0.0021171289749467	9.211909912729755	0.0020673060436311214	0.049732285625367495	0.11190505303950007	10.793656426753918	0.0
hsa-miR-1226-3p	4.216736378983542	3.2628023011814347	2.52912208647077	2.7103193687145577	6.504390663428992	5.439129641815371	19.31613516489505	5.992492541356362	5.644163655618476	10.565414380240421	11.102793961838758
hsa-miR-1229-3p	0.6918233541958908	0.295828333689817	0.11618846808985173	0.21434488781797217	0.4534565179690866	2.372149640156154	1.0374879060354778	0.2520370745508188	0.3452680407784662	4.09201136645346	7.790244457988948
hsa-miR-1237-3p	0.5082358139491759	1.6133978379705232	0.43426843761190437	0.6376509001053664	1.1359121941404569	0.12716131431640143	4.554977798838252	1.8364855456800318	0.678716048705634	1.156861024314181	1.0592150983761863
hsa-miR-1246	10.52209654370178	8.377255331672822	0.8819853319095473	2.217518295470897	8.655147376248701	0.1190272214037515	3.6040042873035465	3.8331511971749404	2.122650222312844	24.496429195909435	2.9027152418839415
hsa-miR-1248	10.438427318396798	1.5787216547644864	3.1245853693957617	4.843876862890095	4.109652582204965	0.0	1.8109344342381282	5.414392357070274	1.3882998105338753	0.01548368236650124	0.025371269405094595
hsa-miR-1249-3p	1.2293744479048245	2.3064020605790274	0.690351602308836	1.2126064626039137	5.90626753550389	0.26013429803009563	15.475630202914536	4.269745752278138	4.632967801440346	1.5218662389421642	3.5557492026582134
hsa-miR-1250-5p	0.10922803930659503	0.13504426176298817	0.1125594054791404	0.16528507828556652	0.2414952933496949	0.0	2.622159250697306	1.999994531127998	3.0719558845154893	0.03538306318740977	1.3038675007231073
hsa-miR-1255a	10.848464061225245	2.1836873178291927	2.9448646714825815	5.673981296454552	12.256906946783408	3.3165987742677525	7.523767373356142	13.989553895812412	7.562169338188529	0.34699173487363405	1.4965296780963133
hsa-miR-1255b-5p	1.5203773954838609	0.9667004964783575	0.6422103383515009	0.7058109588889212	0.8236186182700134	49.84436463493439	1.0319752715806603	1.643530262492117	1.4858951134114793	21.463765104728985	0.3761587558367071
hsa-miR-125a-3p	0.4435476267414098	4.920722630922231	7.096898721659352	4.034530414773804	1.5881543079114122	0.013191480407410543	1.1487466359111607	0.6541157867651634	7.5724669468916135	0.5586934258037425	0.7261939979741924
hsa-miR-125a-5p	293.53454383962367	3978.63466651171	5180.079170742344	3710.8429113901007	338.0999307623184	6.97863649537636	200.7784342546682	554.4045870212548	1235.7315818865313	400.0158652214935	821.0062109620841
hsa-miR-125b-5p	97.9271876765049	323.38380652299253	564.3809294064162	258.9556041536339	353.21627909300275	84.53986580849278	137.04443840208694	231.56871281320105	65.24353376443436	491.5197413305799	181.81749933926892
hsa-miR-126-3p	2126.4560614926904	589.6717489896595	60.12471466258969	352.66374553723705	282.3865526943974	10023.126976297372	544.2237971578719	1136.6459712383446	192.5777402314793	3349.209059498416	24912.184443166578
hsa-miR-126-5p	275.4942428836755	68.98211651449475	11.682271582616961	87.89768117614811	48.370582345048874	996.9927372085518	75.19294499117156	143.5244999263921	28.85494832240124	1174.9907263544003	6324.0363358886
hsa-miR-1260a	584.8409081308284	74.29726486617864	266.753546062581	411.3272975613873	525.5237509958678	8.165947850731637	593.302699137369	438.6166204882977	84.76293726068353	4.693071657177818	15.806032658628212
hsa-miR-1260b	592.6338513914047	74.98457315498308	267.1799939805615	413.141504259155	521.6546580229744	7.909413334102458	592.3887725684725	437.84146803618404	82.63018556491308	2.7293261321929014	26.0970310631157
hsa-miR-1261	0.8784883076768805	0.17828340455621314	0.7639616817871192	2.6465964058145888	4.627311839131426	0.08953345140963097	1.4464315322369476	0.4386210301699871	1.36695275471027	0.0	0.24023677141228866
hsa-miR-1262	0.04450092409598979	0.38761728510203547	0.28412630859773247	0.028654601417503017	0.2172233671666935	0.009893644969299068	8.906611402483518	0.19457270592890916	3.1931536183571323	0.12155032459799911	0.35474248327657626
hsa-miR-1268a	3.119625891999863	1.2021667189767848	2.9295326311253125	4.3624510212140395	0.4507084500220783	0.06639197644131381	3.8288908989309194	2.0129788525414476	0.24430512997888082	0.1765559582339225	0.5886873179525958
hsa-miR-1268b	3.059002017193653	1.2040260835913619	3.1009031755478804	4.811757448427472	0.40193978872218644	0.08536577842487493	4.0210841924167315	2.112012561063347	0.21951012216761587	0.21218825482418047	0.6479834752546613
hsa-miR-127-3p	7.93607604553125	0.4706160478332163	0.47237485131142604	3.7667778104579623	0.572289197929858	0.05555537311137802	1.8310798162480924	21.26628466178667	1.437121883566772	1.1273877934357501	77.68307205408942
hsa-miR-1270	6.289039956123814	7.8794028451065135	2.529000066797909	2.5383494872782038	4.920663358220672	16.6484328070213	6.795342877143307	5.922644943257838	2.9858388597353342	10.103602729948506	3.3034025171593853
hsa-miR-1271-5p	17.70017586096874	2.484221659338862	15.3468731119092	31.532816961353767	3.152102371644429	0.21244313566051692	2.430954838659373	24.200492439230338	0.530533076795512	0.0741888751587501	2.1197691705709083
hsa-miR-1273c	1.367969151053174	0.3559817910578682	1.4600282971036957	1.8286472528831013	1.2535603961970332	1.0903159121139059	1.7309716363117142	2.5563213175937642	1.1255904186182353	1.9458139750487895	0.21025420903626788
hsa-miR-1273h-3p	20.52054954163261	5.993319312050681	4.647125247814366	13.409309048782527	9.086501600061556	0.0338955407872094	12.514539537893857	17.000144836256556	8.27723911927453	0.6273918516216165	8.483278178315897
hsa-miR-1273h-5p	4.661756709140814	1.8182600680122445	0.6453078517467592	1.844469539619377	2.0305503088214403	0.03572151517464631	2.4914789277682967	3.8762034073271345	1.6147002784394666	0.6472543057320153	2.8527486667874773
hsa-miR-1275	504.43274790573435	50.461494379413466	138.42186949817543	273.79812152609645	18.451138669295798	0.09299696018604545	10.209228971224967	128.7861653350386	3.053943636760898	0.5291480822522957	2.0213687781066616
hsa-miR-1277-3p	2.6739920341373806	1.976529336528256	1.9335883849081672	6.772203908015479	2.190202034872709	1.7303342129177883	2.177639869466449	3.9312516763613714	4.091876880510058	0.19589834682691395	9.74258795492575
hsa-miR-1277-5p	9.57927595988477	21.239460757638312	13.860268623070326	87.23512819319177	52.18217935212538	6.164630282543034	30.421850762381624	24.82011039105048	31.02286405273757	6.355750978494681	234.34880415687766
hsa-miR-1278	0.38797555527961414	0.04447688016646418	0.7219326708969679	1.3363977893788725	1.1527572681091365	0.5825586931579142	1.2628875688597816	1.5453818180335899	1.5631632692077155	0.31339006803868663	0.5806101242512622
hsa-miR-128-1-5p	3.3569570308614427	2.496186889971775	2.225633836723585	2.994104801945125	2.0984572274110724	0.4680644867629834	4.057931008090248	4.696966021104381	1.750451945036202	0.40569277182761426	0.8838185136453522
hsa-miR-128-3p	476.4316819604018	530.9556836915349	462.48816564142044	586.9477958366019	716.730431933924	241.10002377134373	1159.119808109191	890.4911696611865	663.1812611595682	288.31567657707933	347.0923759267146
hsa-miR-1284	0.8373119836898163	0.46340153607651763	0.5069313656912545	0.5561743085983866	3.2586919913754486	0.7081481111583396	4.519120363713416	0.7857967676949105	2.722211884105467	1.4999324932262716	0.41792224296894454
hsa-miR-1285-3p	1.1721852297186552	0.266592252978359	1.0786839199579004	2.4999612296761815	0.8708439587855804	0.5565131317086707	0.8168475981291479	1.6693371920059825	0.49471246199713076	0.6696977457959605	0.1706270778470798
hsa-miR-1287-5p	3.828617171779253	4.174914309588367	8.216735504086255	23.22632119704017	31.774772882085802	5.471269021581751	6.741834880159299	36.57484951057484	2.7112778013707843	7.108017234497593	8.650318816884878
hsa-miR-129-5p	2.576735195244855	0.0037187292291541003	0.1113710696181385	0.11937663388503308	0.02898330976287865	0.08360908005315085	0.13598980885793618	0.1305276679929403	0.08829248397683252	0.5139962217496906	0.007793948667615183
hsa-miR-1290	4.058433913799008	3.4670297041020786	0.3243936155085001	0.7486448986382622	2.254388775350296	0.10785618517274743	1.292660461025507	1.2243046265389694	0.6157056612797835	18.666205625582315	0.368013179216658
hsa-miR-1291	10.575155630397669	6.701343045998544	6.759479256844166	8.672253303190384	6.451639435097724	0.010557122702398652	4.109950746403094	10.944088728141509	6.600524078003486	0.06584236061484801	0.13154030994774282
hsa-miR-1292-5p	3.43071148080516	1.49640015643856	2.169587031812392	2.7508892657883526	1.3384848509754836	6.967698275533125	3.4876712624412174	3.442376250986603	1.2368890263608576	8.850945546222766	1.6816391590167155
hsa-miR-1294	3.389838507617885	0.829647168444478	1.6257053264050774	3.9639844261760717	3.4166002290088278	28.946812857851675	1.469346198719302	9.111045500800762	4.283526627655693	14.358973243398077	0.7286484669973012
hsa-miR-1295a	3.365553393073304	0.0	0.059591468410046776	0.06833426404372545	0.013501116459974429	0.0	0.012123330725355038	0.04758420214890263	0.008868869708184167	0.016274434203020497	0.0
hsa-miR-1296-5p	0.826307312164123	0.1044990862689544	0.5287959388125448	1.1730491628849475	6.559608272557314	0.5427403072773752	5.328084313496195	1.5461591463894124	1.8848028027231756	0.7764386209622814	5.948781638149975
hsa-miR-1299	3.4177843235745344	2.0040801500522303	1.7817180500259655	3.1104156929896187	3.6709652638075236	4.131333906838649	2.2327091296491677	4.224050048405293	1.2008254176650353	1.3742208975677717	1.5205974437927383
hsa-miR-1301-3p	10.85187055622008	10.588645251043854	10.132954747809231	15.300999854115192	17.64852819623967	1.967622309003183	48.16185737509339	24.275078955782583	15.127170654324317	7.579269658844441	83.7138895658417
hsa-miR-1303	0.31710681753148884	0.1099486031551984	0.08146366641650289	0.11477617865071749	0.07560113311597272	2.256327830041809	0.8338128408132124	0.17513140585266715	0.18494772113179675	3.1646056974980037	0.19796774084453989
hsa-miR-1304-3p	2.4191345612147463	3.6990432523717676	1.9627569540100696	2.736397612016779	14.468482857779597	2.323527818906666	19.24841086273386	4.55539090100836	9.43806778395841	4.649701152637798	9.13457103283043
hsa-miR-1306-3p	0.4368681095860025	0.057416022384088904	0.4069708411538929	0.9833731034394505	1.4673787298825176	1.401230416158702	2.002228281759809	1.2407941403127762	1.6904031170506544	2.4254982559569087	1.4101181021028886
hsa-miR-1306-5p	6.623677262232998	31.04491688891658	3.6227675099530163	9.325097879158125	32.646951739610486	66.47399237735189	22.701927257197855	23.783419349386303	42.477129491394784	135.20052167255793	69.84655303776472
hsa-miR-1307-3p	59.53053655684816	79.78227798632946	37.77702465419773	75.07184805087932	110.7871850022032	29.200452881380784	175.10054768581205	138.30449405160215	86.26620981290563	99.15080494696478	213.51379369133764
hsa-miR-1307-5p	6.167301014225283	6.761503414820012	10.62828362528422	68.21917459751624	35.688989947684625	1.6087557616046602	33.37014740286642	14.9320544579056	23.13032476662384	10.004700849867898	10.822496504586711
hsa-miR-130a-3p	33.79058016458561	65.60650003658536	5.220102754383566	20.053034770622197	19.640596432326394	194.74484597074013	49.790445714972634	53.62954040226774	30.582571187358248	108.8769234694103	211.90671137234827
hsa-miR-130b-3p	31.658312914819717	24.528583289521865	29.090465110924487	32.53945957293842	94.1813369923177	43.29026219599692	134.66463230332658	82.14031815489724	40.32755012093888	23.375134775671086	35.49354141500322
hsa-miR-130b-5p	4.50659616139632	6.826893605332926	4.91066395779125	8.007205640967822	39.27563190268387	1.6666450972691946	45.81198543556471	22.227903000013477	10.84889534985519	1.8725238483755196	10.608837573196887
hsa-miR-132-3p	11.277770350822246	18.679737707925423	28.59847224718974	65.63801315940268	134.40573107567874	5.583733905973887	19.157617713842946	174.04700375237385	43.13784049639007	11.347229569594136	11.877080219640243
hsa-miR-132-5p	1.4967263145512901	1.5554454365419228	4.72626742154584	15.0543782431034	10.636421147624574	0.2567452655580864	1.8697476779871827	21.978904537587475	3.633824266362218	0.5105709133168193	0.49443334038238745
hsa-miR-133a-3p	2.3409357258206756	0.6536778865615172	0.11841917874481336	0.8063797348654279	0.5503371259658422	0.02902173145650816	0.5977164818584132	4.200957400295698	0.20501267793953426	4.366062162357855	15.75085456929853
hsa-miR-134-5p	11.356286862504525	0.34800393413894576	0.25486554117255256	0.6403879319257112	0.4227093621405704	0.045232230773713085	0.8973260772909041	6.54575427046585	0.4207525580214411	4.076924691274455	142.1232847632469
hsa-miR-1343-3p	0.2949238383874074	0.03326848591831227	0.1617608282950925	0.29819386722000585	0.5052002287412977	0.4431542413847173	0.7909304321524027	0.9538509464481789	1.2612671118514125	1.369690567481246	0.4639497325495928
hsa-miR-135a-5p	0.1848265563253705	0.23118628695116064	0.05036706365153682	0.4427939259935375	0.2637991422748968	0.45642805813331483	0.017569151734771252	1.5756963991490727	0.02996436717947851	0.04700880288658367	1.5077544600026518
hsa-miR-135b-5p	0.11095064259025639	0.021072798965206568	0.636967336860862	7.339255273553681	0.0	0.001100548966590902	0.0015483582729361597	2.7617042073958262	0.003406704948613213	0.0	0.013573716487450491
hsa-miR-136-3p	0.5601990128350363	0.3870573630862738	0.10166849836473407	0.9116726000558609	0.09411883261363976	0.009466915600749727	0.21220584213912178	2.3923506066279088	0.2343181990172908	0.13542385807860813	11.81175985206665
hsa-miR-138-1-3p	3.3042865214255546	0.0018593646145770488	0.012331301071170152	0.25774150518768824	0.0	0.0	0.0	0.04366125249677107	0.0	0.0	0.0
hsa-miR-138-5p	38.630955385908216	0.6003336779334089	0.31757665316228173	9.673228504364262	0.13007661591714556	0.02739276390984003	0.1447214666596306	0.6502520687791571	0.038716403188204525	0.11483513808236345	0.03583746474544403
hsa-miR-139-3p	3.8518932973403324	0.362884437888775	0.11933018165497687	0.15441382388632327	0.3215401118838756	0.0038746651824322557	0.4176180902558247	0.5393633078791501	0.7155808222664576	14.00625527623942	36.21165584472612
hsa-miR-139-5p	3.119475922267563	0.7437968093292712	0.26019210082454575	0.3633124361909829	0.4107152691737066	0.0017325607332185924	0.5827190329839195	1.11196802938065	0.8166614817131251	1.978095000163131	14.8750777497888
hsa-miR-140-3p	4963.082603855392	2119.761063907164	4038.430035139446	4762.061073183226	4767.0754222139585	1958.319389646928	3153.743880813822	4663.383986804078	3877.210149761012	1928.7871881005035	869.983661443399
hsa-miR-140-5p	131.63239434744986	129.16616245230085	161.37506758141558	198.8563327403064	292.2502699146283	55.66684893034505	281.9728144892044	287.12214867369795	389.8184089656096	21.906555824575072	48.75674005887355
hsa-miR-141-3p	100.24899798872308	30.718603364898605	87.59296245992503	154.67670027779243	30.15364240603288	2.1698292743778933	16.410443536299816	90.15128304044643	20.763551287279974	5.8678896978422275	4.956918774535606
hsa-miR-141-5p	0.8103176204531256	0.4844307128976855	0.766302273981014	1.2996075980801345	1.5470878431318908	0.023149111274123405	1.0931751201137747	1.038578921277091	0.510947248821257	0.07771781992763648	0.048712377516339916
hsa-miR-142-3p	22527.360554108855	21899.727982671026	26864.38947997421	45214.163508573634	43916.65511837888	3116.480915692725	24134.34150844617	49044.38635613533	51382.183128570905	139.64247372182632	15129.967410885301
hsa-miR-142-5p	25098.404475782823	13162.183981743347	26612.257887551546	35055.92261064442	22844.791033945854	4461.518438203799	9642.462883064294	34796.36333021135	21846.400782951965	2677.9423752281	2304.0292917443026
hsa-miR-143-3p	24.974539914550657	100.41942522162017	26.38771098975001	5.998858219117072	1021.2923400501659	0.20114638834771809	556.3445771310934	57.83022784979337	7205.627765632112	108.69742254243718	402.6047294376809
hsa-miR-143-5p	0.2863882939113802	0.7316660819751216	0.1038448431921908	0.028754505241300393	7.117856446062437	0.0	3.324192104604978	0.32614740940221515	40.62188313924752	3.4574505252963283	4.420175491000662
hsa-miR-144-3p	2.255162774891362	6.799745562496282	0.25695423488694863	2.7193988691318784	4.6872430055581455	2118.5078659476912	0.7438065775150106	23.155824383032463	8.275929344995037	343.4669918667882	61.17816493090064
hsa-miR-144-5p	5.19480535932963	29.07026831982539	0.7680949171799508	2.1145920379598206	5.863293404859669	3472.5256174431875	1.5783216966683289	47.636985304533596	14.139883099271891	181.29863227653686	204.47252852955896
hsa-miR-145-3p	0.1571372966013622	0.1992945913869655	0.1320740721088626	0.060385525799488866	5.211846563282276	0.0	4.455619815816165	0.36910183090889476	30.535252927768486	0.8911424332189869	2.643486522985965
hsa-miR-145-5p	4.222448083756595	6.5756148902733935	1.55265379238108	0.3062123533123296	86.33658125764023	0.0	48.357412080777074	3.0286975115540447	315.9219993238704	80.80385025671124	28.20107922348696
hsa-miR-1468-5p	14.753660584277707	2.8773119334788677	5.2565183719419	8.663864988424685	1.7719970644138225	1.0179443115273725	1.7701220003063345	14.509515052721113	1.0650816147634052	1.5190617222745124	1.5488564945480647
hsa-miR-146a-3p	1.0837255603367237	0.707569547778072	5.1999766283462625	8.09419568065373	0.06866835046842137	0.015536835838386822	1.4050710642080875	5.814912405096051	0.20352511614442514	0.0	3.5993432686236475
hsa-miR-146a-5p	7759.339863278399	5743.724635357289	17963.21027872096	16770.883909636577	179.55385137559878	61.07583982529634	1754.5032546507812	14781.990570563888	766.8758257086081	501.5769123849558	6783.536415757306
hsa-miR-146b-3p	14.182996732052787	43.6369110336543	179.88748604479184	178.75246707681342	2.007539324201769	0.818517723629893	9.230318534435524	380.88942666105595	7.345272247461123	2.668559368264823	6.434653170735283
hsa-miR-146b-5p	559.8195938448642	2480.1291889728827	10640.788691629175	13347.89812525739	83.24001282361353	19.82589425745038	472.51721904841594	13446.704978720085	337.04082000774787	32.82415524495125	356.1074698476841
hsa-miR-147b-3p	0.4481289824547259	0.03180186395298976	0.5129788842731839	0.9294414669456528	0.7870775775065318	0.17613949808711402	0.8421925751972246	1.6553686615219148	0.6734665082345177	2.86118704682171	0.05306074175393776
hsa-miR-148a-3p	811.7094982920052	6953.933620186023	1112.4109702066824	1022.5448134487293	5214.406942949261	802.2307225213791	891.9296735047919	483.0169412101446	5016.303111405618	609.3696449883979	574.1884967589106
hsa-miR-148a-5p	3.9466344187984124	4.769560671405192	2.1971705034112547	3.7069082314979678	13.41607852926719	0.3498567149646158	1.2525205844364515	0.6533506434938915	4.845714920600627	0.7628921772409878	1.3224120776450283
hsa-miR-148b-3p	685.912719841778	665.8599026422094	561.2977310371272	935.9915317711093	1474.3211939295802	495.46351701499475	2158.579557306172	1607.4752138592405	1519.634672604556	282.9093409604832	1615.6640752126893
hsa-miR-148b-5p	12.164412428083693	10.962937834117822	12.755769543646421	16.352730540756546	11.46140384079665	23.747876352348932	13.101083579257807	26.87881199400196	10.397735418287994	4.540396540959579	6.333476381613722
hsa-miR-150-3p	130.99962720957097	64.08603907233083	143.5223844292903	167.58356624595706	22.26697575413878	0.009059927399063165	0.18267872948457994	102.07768844454209	5.843215568650733	3.2873947977942684	0.4739451255464709
hsa-miR-150-5p	75463.73419704117	26101.450619391126	104326.66018682053	138196.79158140725	3415.0475803769236	7.535686585326663	47.38349928663965	60697.59659054909	2259.5007761019842	492.76537902527355	164.09970151433393
hsa-miR-151a-3p	965.882199215046	84.51791393651843	228.65506792672298	67.08381626179153	10.944258204972417	422.42617673728944	298.7442219027443	153.19524312060923	9.583269118599423	397.07741077877586	1965.6627207481474
hsa-miR-151a-5p	254.07127133084694	13.114028957664543	31.48115816038745	8.2020144027608	1.4620708858714526	83.24828294375376	33.12413960146172	30.22915570206636	1.7443342826705186	16.786567504633805	162.5717631520416
hsa-miR-151b	56.66281787662161	3.7553806920616832	5.719687468681845	1.563777281250517	0.07684542197303874	19.931836579398386	0.41216449059532556	3.588183881448259	0.45547220435056995	10.252244858913805	2.0833528864089494
hsa-miR-152-3p	77.41219013207429	50.17486670171888	67.97388606210633	176.7282727260298	108.60153086403969	17.426235556542103	185.04610685482677	1178.3664443099717	20.020640557535724	22.287716831285216	195.18383718726338
hsa-miR-153-3p	2.1966688761637645	2.405635544431988	10.127662317907381	9.473553892263684	0.2019079493034138	0.4738494178645859	0.09682658493018238	1.003684700915242	0.5650918553466	0.4469138805117122	1.9097591516022479
hsa-miR-1537-3p	1.300602027635107	0.7778144181000813	0.6259793746335662	3.102684641887647	2.6360775055334416	0.1946412721641541	9.35791308651392	3.29517810915726	10.645908243111878	0.31048173441134563	1.3154753761557285
hsa-miR-1537-5p	0.08672256975212665	0.049090194852717345	0.24791663086177598	0.4464865594680751	0.5791569576416501	0.022773739386154925	3.7036013648301003	0.8903800113032139	4.360689329578083	0.07631648925264867	0.31252103911001966
hsa-miR-155-5p	8238.998815271507	1069.9644099900345	3629.9741777058384	5103.477369745447	105.34053147596983	49.62016886937311	1583.9364480970398	3606.015530317813	216.15897363339243	28.76004442914138	275.8859536583907
hsa-miR-15a-3p	0.5199504484362577	0.32918577782102376	0.7563160173454684	1.269875214129708	1.599247965771026	0.5323059708825907	5.067610174814811	1.1682276771483675	1.7100899526189897	0.5920038244350703	0.1564040010667046
hsa-miR-15a-5p	1633.6689767967277	466.5009132637996	780.3732010798072	1315.2584360598823	1732.62537615013	906.832746611023	1667.16174900223	1688.5832930414401	1318.3694168236666	856.7144413855509	285.62279430788726
hsa-miR-15b-3p	35.72968893060609	32.40515180626695	51.975511651772514	50.35564788192082	117.0788527358655	94.41015010504407	196.51765873869564	78.1590767545088	73.70703870101056	63.82710056187441	29.08874662928737
hsa-miR-15b-5p	1117.7239973499907	770.0680535303215	1166.929358467142	1686.1069738590074	3731.4084926438695	1733.6470754590093	2837.9143969789843	2156.6119947564544	2667.5954642941115	528.3681569171392	447.4866240057146
hsa-miR-16-1-3p	8.570271386111157	2.051235374609211	5.559575569091282	6.173399600383312	6.959568867003963	12.121837296764912	23.638863450183273	7.781847419426844	11.716306011925528	4.929837076792909	1.6901726879405987
hsa-miR-16-2-3p	14.881129400479873	8.369412167386038	17.942716999457772	22.771160956125883	34.64819608294471	31.215504597309085	19.46410003928139	18.561819298545704	13.467275943475299	21.08040643719408	5.549640803965335
hsa-miR-16-5p	146973.4250849834	103980.34784699083	69598.28350558628	57992.86976144367	115277.54238690172	506271.43335641496	156713.10410376702	141133.18344740698	140630.09385509952	297885.01220661413	38661.252136637784
hsa-miR-17-3p	33.94426743150916	9.605601897940648	23.477856071418916	71.9052916914773	18.51078422064599	16.043630148734458	48.36553587963529	27.9049224870098	22.885620851590026	5.1091523963534025	19.228891774053075
hsa-miR-17-5p	247.1592176153631	85.5782395277943	124.15661596039345	113.33354669676511	139.62191624875118	432.4440100432721	323.0854766208258	157.15230838051053	200.91025299110686	129.36044561389338	151.42197592958107
hsa-miR-181a-2-3p	29.213711881368663	38.133122919549166	30.558560723653304	313.4312106279268	21.58782425285276	5.795868555572808	68.69067237058961	2023.1921607941256	26.089489970274148	13.666422846967345	24.947045697892882
hsa-miR-181a-3p	53.497105159463246	76.3705397973495	47.48347192754698	94.11608694035837	83.44913549172733	0.7347597225039318	159.15465462388997	246.30376659379945	23.13586538282097	2.3459757479734504	21.843230615635235
hsa-miR-181a-5p	1228.0505448009635	1420.159313797215	790.0250548046013	1990.7156660725825	1360.754469360134	146.91767526067116	1142.0894814371773	11219.677769499714	526.1830093378361	116.70692711440117	247.8800211223148
hsa-miR-181b-2-3p	0.4449665167259828	0.1964712249245468	0.9252699399822052	5.042824523212218	0.1978211004793308	0.08318821888965947	0.7625712298309131	27.990874071284576	0.3084892211019415	0.0	0.282890878835081
hsa-miR-181b-3p	0.9127166456723673	1.561362857981449	1.8414567855360207	1.2933434437631453	1.2998601663955383	0.02165369568124034	10.71617138117859	4.613820094421563	0.6943522735386966	0.09442917641298769	0.07932416202805809
hsa-miR-181b-5p	178.87437387188035	132.738752970356	124.27764350344921	420.8088160982082	104.31350813886174	12.408404645951974	329.753733583249	2635.1603870600857	60.02129306465294	16.511542269581238	25.90842006693533
hsa-miR-181c-3p	1.0220652540294162	4.480575742201894	3.296824414785692	15.917485073737286	25.68041458435433	0.05267758003316136	7.738551365780058	6.182740098072679	15.568365953931645	0.27578663422676036	5.420287174743
hsa-miR-181c-5p	1.9738941356202881	18.887312461010517	5.0950584732423785	24.737052311474084	37.77157648834551	0.32280247557631836	6.2209760608858975	14.211647598921282	26.371914380499508	1.05552285690754	4.309841144550451
hsa-miR-181d-5p	1.6280209857870103	6.089721621359981	3.4164408919177975	11.768901071221762	14.141474723939725	0.1148012556745712	5.860481987142155	14.460695728374322	7.850916517014129	0.32012778631111033	5.195718239790261
hsa-miR-182-5p	43.80622957605519	30.577925047864458	3.8660723253050584	4.835037530179194	8.562035781940454	3314.445279229889	3.8104459373405244	44.15007335635677	70.71698533652162	522.9935088359686	94.75099377631307
hsa-miR-183-5p	10.695030700470603	3.066093458883409	0.8868881596499051	1.5531629739198538	3.3797530175878103	801.1538777644562	1.4249352837689355	11.796159583538298	35.01256734403164	258.05170691696566	9.989948750160389
hsa-miR-184	7.735891509764049	88.609111186057	0.2677587922081067	5.247440706564374	1.7204294801052025	4.106718306432823	0.9288697641871566	9.411828792505728	1.5430305356553053	71.77984004201662	129.66746148645103
hsa-miR-1843	20.74853784840317	4.0820515087132705	10.003050292917763	19.620858209559188	10.222558372823835	9.64339309280042	13.368156283958395	16.252160817770726	8.043152920557718	7.991597100669085	18.572585803263962
hsa-miR-185-3p	2.1225645786119185	2.8073683457237437	1.6291045231843038	2.9244115586435657	9.091984200409652	13.39592620626092	12.818059137482797	4.517971508263782	11.673674530865494	18.871368835878243	19.79188223226135
hsa-miR-185-5p	262.79923558929846	250.39080270751293	328.22067514290563	537.8737118104244	1109.2575181035313	2530.848623924893	1196.3370028092713	727.588178994875	625.1837103261182	2715.7976216320726	804.9724449198528
hsa-miR-186-3p	1.5115513982057143	1.5792762227224353	2.0577373454999996	5.005164201078557	3.0035346648821792	0.5206242435662014	2.800027682554846	3.235926359762295	3.1069429571365488	1.7938269206922617	1.7714414903693962
hsa-miR-186-5p	547.598871632874	312.9536779840992	1003.3564854060198	1909.799198186326	896.3833202841727	228.98156963844988	974.2081986260908	1263.765316121754	653.0547239695732	292.63228758463816	481.4319270393594
hsa-miR-187-3p	0.49526934146918633	0.4098756111478827	0.4135073178552221	0.22013733872373242	0.1505659336123071	0.04764076333957036	6.398949188520449	0.3732647376414108	0.3843426429833625	0.038133947623171606	0.7008242984259784
hsa-miR-188-3p	0.0942215563844828	0.3495693396083172	0.19348659426207304	0.3215262074636445	0.13607208994809727	0.06417608355467551	1.3335867584792926	0.2898111076911234	0.18661305500150746	0.05352893398457163	0.03139447128809342
hsa-miR-188-5p	0.18283073701028935	0.0853150725283596	0.4211542042997012	0.7263214527087628	0.2083382997280321	0.37878791703726483	3.2717383018510153	0.44059766488317964	0.09812511710438089	0.434394390808669	0.07915131502629257
hsa-miR-18a-3p	3.4357095112861353	2.5284549393831757	2.216938736644375	3.3896046056990343	4.732663097018802	7.552413961952225	10.847762461522354	3.520177115797498	4.005246170718779	26.54334576537815	2.575363926126725
hsa-miR-18a-5p	16.42736434739522	5.870904995042466	9.111354711427053	12.625229657132268	24.169488853690243	72.97453534017922	55.51662432528768	16.20254271108411	36.87288488878813	32.74648808681691	46.239927648432705
hsa-miR-18b-5p	0.5994993657322765	0.12244101727943332	0.22912888336753987	0.5590389278557917	0.8135876127608466	4.566052020027317	1.0618137029912407	2.492103772096654	0.5634411218430614	2.793198267713811	0.4051462051485535
hsa-miR-1908-5p	1.5804499793793867	2.951635253281556	0.11765095778354354	0.5370171285322358	0.9707097727216144	5.796938944699071	2.1071447065039117	3.344096844505772	0.325422069097726	18.948401099812735	18.567164803938056
hsa-miR-190a-5p	4.135237703309152	10.094035159241626	2.3719710602881974	6.817778910137372	7.605089100313765	605.123301790858	9.529304480759237	16.10794082407104	7.5445547850046255	47.03580870623195	103.9074759382797
hsa-miR-190b-5p	19.338738179971987	12.356652078085277	24.31915869182002	21.996499143776546	15.773910532399519	9.774898183378696	105.97167375412253	52.01432400242002	47.33224231691357	11.505439796137756	9.90496039111142
hsa-miR-191-3p	7.6620543263010115	7.468728532818151	4.719078742350591	6.302064237944003	33.97986454096642	1.0906666824940943	46.20151104872626	17.91873721136266	14.436444688305325	1.0190129718866376	12.696542417680835
hsa-miR-191-5p	10079.259229570747	7956.510162821693	5787.645271960448	7489.413730280883	32650.36718877328	5382.395606496037	27493.67466180048	21237.070030541297	29622.010196000323	4414.665933159484	6151.22064882526
hsa-miR-192-3p	1.3468226299116248	0.8790290454198206	4.648170513147245	5.631042032932202	3.735394728724411	1.4011735268734982	0.6660010896086216	3.8487559738835246	3.028498709269553	0.3178342085943353	0.02989094968004962
hsa-miR-192-5p	344.38619712301556	384.9301146965024	1043.5133933619284	1014.7164787149189	638.9783571585973	580.6735708638855	95.67887702433794	738.5182406561837	478.4748254273049	591.7770577031163	40.25698937999921
hsa-miR-193a-5p	18.678307637092544	14.61356737380854	3.1888078231980717	4.111757606149559	10.70153794913212	3.483511981308873	47.81451620108468	9.590735177707977	108.59008361566491	58.440911610310174	2.8144247310649337
hsa-miR-193b-3p	2.547622012558832	0.030190935409878012	1.2411139634066657	0.7812234063790744	0.00900074430664962	0.0011122939442655578	0.019048176394375775	0.09844503754079931	0.0	0.21740913370339934	0.0
hsa-miR-193b-5p	9.919260746695112	2.8875489312786726	4.496265809851368	2.508011476946628	0.0350303404353946	0.021597858248858296	0.3230470728125407	0.3608021763853142	0.03176122769520245	7.2101445102565815	0.025496886337569254
hsa-miR-194-3p	0.4361450707703556	1.4439595210752307	0.9717334733452327	1.388274465820454	5.97259912760851	0.16025785796717032	0.8286711555858702	2.681527116662855	6.6315504862987735	0.03673593962747486	0.11058776232286473
hsa-miR-194-5p	94.7640469182709	111.32852151674554	385.53648393652276	456.29895724729533	163.15695030881534	269.45408002767056	20.41946361337013	270.1697001792238	89.10196501777635	226.12363633655121	19.222949903509615
hsa-miR-195-3p	3.27680657817653	0.029691613905602852	0.201541262125656	0.4443558266393777	0.04150538411150279	0.009857884255239136	0.08573082634956936	0.9042569750396121	0.011069491348172736	0.05509282249911618	0.08594071173485832
hsa-miR-195-5p	178.69173680517108	10.471711416865704	18.457461101815095	28.821209124907156	5.849120546601989	10.131273650102399	3.3662806416348667	55.17329054555504	4.765350692777579	11.868672913188991	7.6528238774552015
hsa-miR-196a-1-3p	0.08114396874029277	0.006817670253449184	0.05445187642685178	1.7437865925301401	0.007200595445319696	0.03281959655431954	0.0	0.34709991836555487	0.0	0.22280242090166733	0.0
hsa-miR-196a-5p	3.7507819522017383	2.681803672295093	5.5634219115475885	127.8760233496363	0.46552395790539886	2.0134421456887206	0.2880201706276806	40.12338831220902	0.32090692800339116	0.5278932678049626	0.6094622007103893
hsa-miR-196b-5p	3.4992969368757127	204.51567667429876	4.128284686577298	27.129964838885535	78.20790947939493	71.81845051532359	50.162416014609626	167.6745250826414	72.94370540419213	29.44234241505647	34.307994828410976
hsa-miR-197-3p	159.48107694571382	92.71407115567298	89.42957136509015	196.14788498996634	627.5049409476298	14.455591049450295	265.73831015530243	308.4842357003828	421.6158471458681	71.58660801138113	68.25569249770557
hsa-miR-197-5p	0.3074048859836746	0.9544156073084337	0.22830122035517753	0.34921301218560047	0.5299896557127826	2.4833871319153804	0.8388420393954559	0.7744901063408787	0.6547998995168504	6.1934001537240775	0.2738941285749446
hsa-miR-1976	9.66776428025149	10.104827253262103	7.6097900118571005	15.064599210027877	35.00090154460542	17.981585168567424	22.06286862504804	25.869647915419833	25.5870574389158	27.606749904907048	3.820535464872267
hsa-miR-199a-3p	355.04279857609686	449.1078022594221	142.78290465914614	131.66604739070806	1899.6074929443264	21.49158468189062	1137.7819933027015	129.18548637667814	2359.1937883851842	147.83994098729087	4190.769455581788
hsa-miR-199a-5p	34.133158941251025	1.4668566174628732	4.3687447019305505	4.379645819964577	3.7799518572698467	1.3689461939320045	3.8875096122897093	5.969264267531769	3.3197657760618196	6.171439518171291	167.26572045776757
hsa-miR-199b-3p	354.6355980667249	448.3457821789297	142.60591106742908	131.4527747029363	1894.7232110403272	21.48412544939044	1135.6205687898205	128.98640940873818	2353.3454932270197	147.7979695101836	4184.914242739505
hsa-miR-199b-5p	11.626289469209402	102.05460280263604	54.237481179867984	49.01965040629552	919.5190746517594	1.0217006753615907	684.5253685667308	46.87603874043989	958.8876792297237	6.529038207967505	16.58255542163664
hsa-miR-19a-3p	98.6545484093644	86.68418294199229	147.28779120875038	408.58625728553176	238.2631439943987	194.35250770661298	239.18018480173473	124.2381200289154	213.37224959626886	278.5562578478234	103.99699504937418
hsa-miR-19b-1-5p	2.1813262512580507	0.30015344170690966	1.7356197267653348	3.9726367791367414	2.0879162412910675	0.367852477297498	1.8976005231745232	2.114546576627733	0.9552715250740701	0.20418913327032145	1.45194082043727
hsa-miR-19b-3p	816.0403192750565	488.9144082767621	1185.7776869727395	2251.7122300423334	1117.1747549369477	735.0592192819803	1006.5380723211955	888.9328589691139	806.2026581889212	1045.4784417298229	304.5528156229047
hsa-miR-200a-3p	33.852886041150576	9.76580428570297	10.170981111203858	21.53253831176592	29.18221087604246	0.4525797381861426	15.610572786833655	38.75950409783136	8.279908669881097	7.222626909301215	6.434698717245046
hsa-miR-200b-3p	27.875501317700074	8.999361213336734	12.55976463860382	21.782980316659042	23.572940811631753	0.3656497686078228	16.010492864112884	45.42744759437679	9.503875908970778	2.899710525582239	2.3837667301807297
hsa-miR-200b-5p	1.3240965861452976	0.03908561264047185	0.1979902305065213	0.5055654198727036	0.628705544936804	0.021904279813587703	0.43775399893243994	1.5814351665132775	0.20794208449755705	0.11121233547125678	0.03618800547155591
hsa-miR-200c-3p	111.64679092163838	35.314176700773906	88.1314529138517	134.7589673917984	59.63200212671092	3.4961928195514713	63.43175086336756	143.51340714374456	35.25165621817872	8.529801606769485	20.99068538295502
hsa-miR-200c-5p	0.519503391504923	0.08828501446170799	0.3123689015761441	0.4381297492871031	1.226386509819176	0.0036266125061585326	1.0679465930125702	0.5868222144254494	0.2398920177817393	0.0	0.06715703417703395
hsa-miR-202-5p	0.03976535415733346	0.29956281929325884	0.02306051953353333	0.05388558177554222	1.9239642282728118	0.32460557423146824	0.011006842802497759	0.058821980297362034	0.04486744684005184	0.08463153304187129	0.0
hsa-miR-203a-3p	1.4189020361269693	8.382817135975907	1.5097341302920224	2.3981657819808344	0.26763324273756345	0.38525823615636334	1.71309655987196	1.6885227963890068	0.48143714682752203	4.666056360472969	10.038482277825217
hsa-miR-205-5p	1.3198173234133532	4.617617681605987	0.40339826681122193	1.9382977276818565	0.6376132459284668	0.3706383064660411	0.16773157914650838	0.4822289400509203	0.053645956038903195	14.874299465724329	4.65117945917753
hsa-miR-206	0.0028256416757702443	0.5994712186062205	0.3372650896365328	0.08785506030789092	0.001058564487473349	0.003243544800761881	0.0018310193143168097	0.15675916835895848	0.0013266702082746981	14.440398183217008	0.09974567856056749
hsa-miR-20a-3p	11.102324370322265	5.100465126883284	11.960792408252734	23.130955817572577	13.026909021129429	6.5913556267216595	13.44472973157821	9.850674371030285	8.530095933240183	1.0358989579590347	4.501578914219865
hsa-miR-20a-5p	1165.5665808518238	388.40246568461134	1198.9590166521862	1761.113069193328	1022.2993721789121	1188.3046093492521	1423.5003121303075	843.6550810069593	686.9559550858284	867.3294110741874	759.8643359805003
hsa-miR-20b-5p	163.01882796835136	69.96444136274614	105.8519441003467	139.75026882969343	60.9607749128861	627.9843023352825	188.02134397216312	1082.747632256974	11.243239107307563	522.16724404311	54.57271171649837
hsa-miR-21-3p	10.97549922100295	23.68911422134998	62.77293593476983	52.37277012398936	5.110824792729823	1.7703143294440458	343.63953320835486	22.849041728403876	32.71447408502944	2.408215326482962	16.513957768379605
hsa-miR-21-5p	7583.166091872011	12245.280801258608	37109.719048368985	33732.740726961856	4367.496392945317	1364.5154210049977	32602.032228657816	17101.391965793027	5506.731074522515	1881.4735728881217	5325.258251161542
hsa-miR-210-3p	23.25565817784914	3.2656443543434794	10.414591976455899	14.270360366006596	34.00952127164168	35.06455093294963	4.091325683297447	19.036867471454148	2.1349443237765104	38.349471902423474	7.050868152922146
hsa-miR-2110	14.011639809310566	12.3601149918981	11.475341545969433	24.264442543093978	24.109308317235243	25.48829077191227	20.19038372664967	30.102144974658078	19.962971007004516	58.81246257788223	10.682367897227655
hsa-miR-2114-5p	0.22267737463978526	0.4021129290092171	0.3399538983991202	1.4845481066335136	0.10338283284656011	0.003009644284724629	0.0383114828826753	0.41501722663912305	0.4471630736352888	0.0	0.05339021877693345
hsa-miR-2115-3p	0.015187243828285731	0.963701680849119	0.09799077444309498	0.03284532695409933	13.518080205951579	0.0	3.9142330384949773	0.34130666994049247	24.483389560804177	0.287093072745225	0.010463322578741776
hsa-miR-2115-5p	0.0023466253089913	0.22869059816260204	0.01255004983328957	0.0027371105795082765	2.71598657245659	0.0	0.7452144767540787	0.05414334409542886	5.792379276294669	0.021572639679965578	0.0
hsa-miR-2116-3p	4.087341971535443	0.12408808449826762	0.13503801493387713	0.25407860720864545	0.0391620291492599	0.008101544086281874	2.689627348599914	2.6342448008179775	0.04648937750443289	0.4105036486668281	0.2279900835383484
hsa-miR-2116-5p	2.161877220656104	0.02752326755291527	0.06551210034058434	0.12210595206251294	0.025317878858422394	0.01851146653532409	1.4064997285434175	1.287193542611183	0.02603256857743362	0.1339758785542463	0.03525525897556827
hsa-miR-212-3p	0.1786689939206874	0.017354069736052472	0.5450677816192078	1.7259657761597855	1.627281509333427	0.0036444657121425463	0.3683627219834005	3.3245413414711122	0.3946439389673272	0.07729773624164421	0.029355357268298073
hsa-miR-212-5p	0.13617060230986203	0.10329524646742373	0.4699241883743748	1.6381587504341484	1.0927473932084375	0.043060609824480296	0.2757236177166109	3.5945312942561887	0.42748279029336433	0.018282232406290268	0.03130127770434927
hsa-miR-215-5p	5.794190078788704	6.640880427484664	23.014856717253	22.646044012945097	8.75633555658376	3.347139556185811	1.2676486952540433	12.970692959849693	4.345497284551389	7.562931507817529	0.5528986911296347
hsa-miR-218-5p	0.053543761679109354	1.4857579218090275	0.15282291314835456	0.36575209494738525	15.029759539388055	0.46989695255340036	1.814182744810623	5.200398676590518	7.86981063011466	1.7516660986422121	0.4691077839263633
hsa-miR-219a-5p	0.12361957235805583	0.09601203319139927	0.5580115474065968	2.2078921960749858	0.9025850284868042	0.10724457188231648	0.382797399529997	0.493599581642724	0.6569394525350779	0.3175334846979524	0.28235281069333146
hsa-miR-219b-5p	0.3067282140211414	0.6287802702846387	0.3590385600287453	0.45524942495634513	0.7166734367145635	0.31726891752506603	1.6332708574678945	0.9884110446267791	0.6981829312695482	0.4740766415217392	0.23454781991100065
hsa-miR-22-3p	60.058262825090225	101.02479346093979	177.27676242635135	569.3378258705806	222.51603915130167	368.0900627112577	252.59494659897354	654.9574756232472	154.86319136448438	651.2890670586568	240.29403658492956
hsa-miR-22-5p	2.773255807624903	4.428544831763587	6.42852775750026	22.744091654177723	15.120828210864055	2.1343774964701696	15.041060508483186	30.28047896141691	6.484459168634804	0.9458880418660234	8.890478113623493
hsa-miR-221-3p	2057.6544013803114	883.7081286208205	1219.673247641521	2136.9803487597324	2726.4994211057538	80.197173124127	1526.8134981068129	2331.686104738171	834.3875176417891	163.37507223079183	1516.0667661142934
hsa-miR-221-5p	54.6214201776405	29.469103162979952	30.80711999951938	65.23164351311662	42.64833063624015	0.22045372141836267	34.840324358128775	46.66519321853999	27.18173946832614	0.4160465054288848	32.03591070084129
hsa-miR-222-3p	670.7088420391063	164.88943223364402	337.58329674726144	468.2047184949425	177.14028516095206	18.355436019253993	216.61713482174187	635.5572105711854	135.48620524972685	31.62383084117112	171.48242530642622
hsa-miR-222-5p	1.2972347172093337	1.674912145636932	0.7293019058070809	1.320940701816181	0.7211488242207751	0.0320227564018981	0.8056531068992054	2.4348276986853246	0.2706254569231257	0.0	0.6441966238525536
hsa-miR-223-3p	5891.484931282908	41148.13537587776	5899.733951400483	982.3666945808418	300959.53429289313	234.99671037840307	153195.0808199948	12921.93427764714	303180.3614142713	3625.5817436617494	23693.725141402432
hsa-miR-223-5p	223.84458071314586	715.8850394963508	47.74280842972748	13.564268118362133	1369.2312117585245	7.330525732464389	1281.2435403126924	136.0451505893747	1433.7838351157573	42.94074138647252	237.23500583793466
hsa-miR-224-5p	36.54882041162388	3.133556127025037	0.49199179012973626	0.5460076938964676	1.4299449578621295	0.13344415612589125	3.391369442365246	1.038793575523333	0.0789420124365679	5.512871209383442	411.2892822911681
hsa-miR-2277-3p	0.8063389774865967	0.5215457616194352	0.4981481739943658	1.2855288148692119	1.4542431192816667	0.2164251821634991	1.3755617791541244	2.1449515965261687	1.3300428713632717	1.3806104191106077	1.1529824971824527
hsa-miR-2277-5p	0.5949849324015318	0.23308517592426445	0.615491457401893	1.8417935548216546	1.9011310855907086	0.07473820884666371	1.5998020229620145	2.484447817125925	1.0211862002354795	0.07201077858870772	0.3464702891373748
hsa-miR-2355-3p	3.5365719207313213	0.517405562313058	2.2187262351441817	2.2911351409913348	18.061772309373858	0.01218298253992366	11.54120370880925	5.692221058293769	21.233379135286675	0.2996641710519431	13.505047461052145
hsa-miR-2355-5p	0.5231642646580759	0.024171739989501652	0.3938116839286258	0.4615953122053658	3.8907135857537587	0.0009574494343666403	1.7244478586544894	0.99401336101331	3.011006586438477	0.002016954519692535	1.050103781152716
hsa-miR-23a-3p	794.285409481236	1292.3902705636901	3353.492783959724	6242.288423028824	6953.140618425606	75.5745784102258	5564.378938746828	5859.929195769978	5695.32544032698	369.67894817647505	1433.8213596284581
hsa-miR-23a-5p	2.4438803161289595	4.671676185753982	2.193288039742342	3.8529305020935913	9.656367204937427	0.10236195872389911	21.884215086056784	5.2554588993540605	8.636360014655185	0.5428157357855983	3.4040937210148337
hsa-miR-23b-3p	242.4451588818263	184.49401522279925	929.2384260673073	1670.3888707186343	248.24240767976985	43.09037101865675	216.94256380472973	933.8413190547099	243.24245249077424	86.06085868064432	271.4067334449912
hsa-miR-23b-5p	2.602938745275845	1.1504029695116476	1.199950717565317	1.8271511525907624	2.129197523987708	0.5654848690423843	2.500177523984144	4.368344093297066	1.05713173987502	1.032758838682417	4.624298048228623
hsa-miR-23c	0.17663668654237893	0.14495554410664935	1.180867789131535	1.9920051831727266	0.4549864052352611	0.026702852557410672	0.46636104156120745	1.0252498037395406	0.6366683863520698	0.10830339864454215	0.16168786921708903
hsa-miR-24-3p	751.4316899850778	1285.5002764673134	1995.791982567671	2735.9498200932294	4411.525804865267	218.07686803670043	4631.975224902695	4513.290391238831	4781.316387434033	306.779521718732	1423.9090030999187
hsa-miR-25-3p	5322.1332463703275	4054.2783850995716	4795.272250056149	6757.789874339099	10219.6970144254	12969.152903327193	8835.13494951096	8978.873105414294	7413.850457835805	12976.03450741095	1707.2013699573213
hsa-miR-25-5p	33.577841157589845	12.294866212442242	18.390506529900314	33.03778306068592	24.933357866946892	10.28281776206078	22.41425379781879	47.030312786966505	13.667131244463725	20.081835971472884	5.780298753754707
hsa-miR-26a-1-3p	1.1060185917731171	1.1457075072020748	0.3343957565000494	0.27323717166017814	2.0749861250318338	0.4759593721027228	2.0549716004250906	0.9612162670281411	5.457919459325837	0.2806430220032024	15.588107221715775
hsa-miR-26a-2-3p	16.88469690316569	19.697899334581425	39.073741388655336	30.62144679631761	16.505205956232835	0.34251776328307193	27.103212769972913	13.507705254723883	13.937623564138223	0.5822409696587105	1.9908661382872148
hsa-miR-26a-5p	32297.468367925063	12579.938652916431	38326.79871963042	37794.14747046257	20053.37372976565	4731.782325064869	9953.965457152626	20569.70566222512	17451.641761603383	1039.8362366902493	7435.103562722454
hsa-miR-26b-3p	24.784336177157392	19.01886662309145	24.89108659283095	31.28208128314457	69.07711440997338	2.517417478680124	75.41205567629564	55.46857330129846	52.568525592217	1.5329554513497845	9.460124113057306
hsa-miR-26b-5p	16367.865946548318	12629.153838340108	19084.202529607883	26398.142351615235	32336.447017814116	6473.689243234475	28725.638701097414	47079.16235340183	37454.8911054083	1456.4267866859104	9475.425538064059
hsa-miR-27a-3p	575.0330953523996	807.9070961743485	1998.8199998388968	2487.0092695911326	1393.4717945857485	59.585316315260386	2710.6603176049102	3086.862499430265	3338.2100928895593	75.65059192609228	442.4425426269774
hsa-miR-27a-5p	14.171330328671996	28.284990857172275	37.03577368758006	39.458786801009715	80.36713430477701	0.002365679658220229	288.9215913747716	49.18730922332288	75.26127842768196	1.2359186535255815	11.081087257280988
hsa-miR-27b-3p	413.96573889491776	246.92484018910582	448.3521429161111	485.346642499769	467.149116911668	94.33338582826815	757.8111510143	833.0173942654333	652.3963138240997	91.12481530643583	683.5311135004362
hsa-miR-28-3p	1348.2372433727128	290.0296168193571	879.2113269739775	1275.1945888909659	402.1882983365335	8.038993666664755	1011.6408292344765	2205.567046352367	481.42583048499677	50.43589984242342	345.29373891683593
hsa-miR-28-5p	26.623693439494176	4.459022202713104	18.729431170536333	36.87702961193044	18.1862109643016	0.28158034611991933	25.49805265324861	76.01391721215192	20.472532854246985	0.18183337013354156	12.025093096445966
hsa-miR-296-3p	4.954802470695729	4.17860929363313	3.6589695013776886	5.688001258968223	0.2796278908627412	0.05571630551680995	0.18728789781083924	3.044461408390829	0.04169500539497669	0.2152271939892151	0.6247236278442047
hsa-miR-296-5p	8.050315918321461	6.261128224615385	7.963033229568106	14.445900798586669	6.468971978935683	4.101447613541367	0.5718116293841636	7.076140890918417	0.8655441240497902	35.767019704277786	1.581586918481267
hsa-miR-29a-3p	27677.77877413354	9763.147911801529	33757.17877260517	62856.87424746997	2673.3950906514333	50.567291322036155	2371.8704471938263	17321.564793388694	5384.474511666659	304.6348067002822	258.9992373912435
hsa-miR-29a-5p	6.420776280418517	2.16776246120916	10.683133140625777	31.615984166551407	8.509543113892597	0.030036470423493018	3.212588633535477	10.265072061907546	12.359203670365662	0.23948157448319574	1.6344861925279344
hsa-miR-29b-1-5p	23.964810967118567	5.182376493348781	17.467892280493672	24.681526137397523	13.213560819940414	0.09318850086587643	11.570963631653992	21.604144517183336	17.523363920830185	0.00644946585523787	1.2108735362133145
hsa-miR-29b-2-5p	32.63511875209541	7.591280391097448	15.356960649106105	17.28038557117914	18.032125912965885	8.458167805691263	20.666568923353363	17.88558324842299	14.49190631831603	2.6937014899009317	2.8782206843891722
hsa-miR-29b-3p	10976.973212892084	3749.456243071128	11633.321667783577	14739.765885705383	615.6848633093731	428.29354151359746	462.58608451192623	4186.262862835734	1475.3753828120566	290.4327960520992	97.0551719207891
hsa-miR-29c-3p	12191.093263570145	4282.309473568379	9736.752271237518	18837.69688713613	2717.233135946027	871.4072142970797	1272.6129956415568	4524.708176836443	1839.5082926543678	1269.4842216648447	287.92128574108744
hsa-miR-29c-5p	167.1296253542578	52.912478067043985	116.78836808081242	238.85370532873887	144.38134035906174	11.76977878275495	68.06984911712787	87.44734257194177	70.372757028422	17.087304195837465	17.526334375947126
hsa-miR-301a-3p	12.212968407424741	23.492900528769198	19.100580463050104	24.81800878668997	73.01209006935612	93.26920118337442	127.18700682956258	37.60082495662319	142.27014444412	32.51331168098774	76.01712791458904
hsa-miR-301a-5p	1.1621413979525688	0.6962349459337682	1.4029527287732246	1.3208729418964305	3.4453735019198315	1.003009230361874	9.166188939153365	2.140217743663568	4.317740040051364	1.012594258191248	1.4793545440862892
hsa-miR-301b-3p	1.0047662069806362	2.275963518757559	1.700363979741224	2.457061284025386	9.662547911728794	2.565765879155125	8.737642220053376	3.7785581437234788	9.091647338412812	2.151740849416752	1.647124757888299
hsa-miR-3064-5p	2.1448563765114583	0.9507769764910138	1.5506193625189264	1.9864485665639955	2.0373408930899894	0.8754732648762059	3.1485700361825617	3.770685830600313	1.5389326730113173	0.38410537976993964	1.9761388560956494
hsa-miR-3065-3p	0.4282901618311608	0.15762288990728232	0.35236032985626087	0.4823299595512661	0.4957051373508127	0.013515936986726354	1.277140767382561	1.3208742506611015	0.9463692524485783	0.336450560524007	2.058074427102578
hsa-miR-3065-5p	1.1149722825068058	2.144985181915211	1.6974038486532903	1.5279283225092202	1.8980434047029848	0.049215905328564506	4.962797757502553	4.711060179352419	2.889848973557069	1.0592868223063856	5.0825478211380375
hsa-miR-3074-3p	0.035875292241311	0.05985697016131765	0.12368221929377608	0.43109779417673866	1.2411577082092726	0.02966865671945708	0.5905983996615688	0.4676131010517743	0.19879501755806206	0.013696016636825329	0.21760153241973224
hsa-miR-3074-5p	1.0160259940045195	3.8535535789796596	0.92322932855218	2.0852995294590477	5.339991910448276	1.260058883433347	3.5934760618932162	2.757868143240626	0.9527498791255513	1.1046169962689234	2.137716702317207
hsa-miR-30a-3p	25.827992776686777	16.571151104123395	11.828125781601603	13.68592911725612	18.75745072320797	1.699772629735577	12.068016251498948	24.184501048304465	19.87776556038912	5.197535043172556	8.39089294394943
hsa-miR-30a-5p	54.14621126333432	6.9700143393843685	9.803797132584194	17.49029596605242	56.81615062253141	9.774586043345128	13.756281080038738	11.255808353609686	8.73174509853986	175.2983352250892	84.20476740545637
hsa-miR-30b-3p	4.151220691520383	1.9370840099339193	2.0265968017786764	2.4745283242786402	2.32687330811154	0.1948133363394661	4.364244471728522	3.5275617353986846	1.11995856135051	0.19425960837954287	1.5096313007827815
hsa-miR-30b-5p	443.4105566876209	152.91508458584784	422.26788305063167	579.4616744987956	338.07897499885274	75.05390346515006	316.163654866951	380.1103736338228	169.6049285504455	35.20063355501075	80.66051033151946
hsa-miR-30c-1-3p	20.07524948457821	11.366032246426196	9.973007581501484	10.774113448467402	18.07448832187384	1.107784124070213	24.171537814062205	17.84934309000563	20.27667170784169	0.08795010426259509	4.253206551714634
hsa-miR-30c-5p	1516.0034961188683	519.3563308001995	976.4677483786639	1290.114853117957	2265.127218298391	343.6005120332571	1986.9648910876099	1690.0925380329566	1639.9370930736295	125.14179020773841	364.65443797033237
hsa-miR-30d-3p	10.304768155436243	5.935449770067844	9.979561373903662	13.590643242699056	7.719848674883193	1.4664671332147694	17.540817309934152	10.826340272762273	3.451627795650883	2.7141090298317887	5.9229716338850515
hsa-miR-30d-5p	3516.8970631243074	1693.859758512358	3543.3969038220503	6258.901875285796	3653.164565223067	1650.754539056285	3333.921586316176	3171.747349350699	1589.9072906782285	6482.468497107659	3727.097355819022
hsa-miR-30e-3p	924.0450696729756	464.50922216878246	680.9197129547056	858.9311734368722	1000.473527601521	145.36897323700137	1061.6911658810482	890.8215933019769	1288.146351241231	31.10577085970288	207.44947444183535
hsa-miR-30e-5p	3999.4640433836557	2392.893027993718	3816.837384341904	8687.000312992732	6032.2501697092985	2002.2875526402217	3306.723988788813	4432.997489998993	4783.463781301675	4099.874098230164	2354.8884689980873
hsa-miR-31-3p	0.0	0.07189543176364595	2.9504435109126415	6.931590901018721	0.006973343721229786	0.0	0.0	0.4304328580283885	0.0	0.0	0.0
hsa-miR-31-5p	6.263291538935484	50.86365579535554	638.1918338008874	973.3254278612287	1.7020129162183255	0.011242528273444442	0.06514617889578081	96.92368303211612	4.928591672958586	1.0767732973048578	0.4531984501054289
hsa-miR-3116	0.1583954933864809	0.04394489521846981	0.4406083844615064	0.4857379425807346	1.1964794368682725	0.0	0.008446371515248813	0.10868419947275733	0.04301144720080779	0.0	0.0
hsa-miR-3127-5p	1.1819812185839564	0.45066332277131255	0.2198671999532288	0.45222703250756946	1.0983097603218304	0.7005436780745201	1.350246120667425	1.9326736027772444	0.3439719545642968	1.2891625218234517	0.4373616581154449
hsa-miR-3136-5p	1.8156846903104111	0.40461465337227764	1.2616783168021644	2.3516914760635226	1.6858460069847787	0.8208068378521514	1.7711170177179847	2.5411958386274547	1.082349935431571	0.40018027944723455	0.880612806389766
hsa-miR-3138	0.7200233486442609	0.6760340302490883	0.5506097567114695	0.9776712133481689	0.9298357540872569	1.3893065625517322	1.1939361905166046	1.6535596062130944	1.2263352188947356	1.9064223162988874	3.7375397658560487
hsa-miR-3140-3p	0.9423668640783023	0.4178816028337503	0.5875582753098767	0.9432678726384187	1.6598986829268665	1.68755238991842	2.306782089877806	1.4636607626504408	1.3425598417277085	1.4921684301883038	0.46176220555024355
hsa-miR-3143	0.13901005619951293	0.017973857940911487	0.24620211163453104	0.2903541302713119	0.855051661201857	2.1642626557630953	2.163458806692433	0.29044324732647747	1.0493317947308418	3.2091126272042083	0.32243248855263074
hsa-miR-3150b-3p	28.342362040093064	7.7235538175019025	0.08084702003783087	0.09975387947799523	1.515141141437101	0.584190708588008	2.816612328770437	0.4544583126189605	5.441239107225396	1.0472739293789661	0.06275018935063585
hsa-miR-3150b-5p	1.4870418311202551	0.0	0.0030294197001393902	0.0	0.17446921551899097	0.002067801306607102	0.42381906792910057	0.005175700114434667	0.7675246848655343	0.03643660752157367	0.0
hsa-miR-3154	0.011791344752609512	0.33194112370536233	0.08733673925880893	0.05632631884514283	0.700422875966682	0.009336834291113318	2.3882990962687924	0.4019197400821975	1.7170713541405473	0.10322744361268252	0.23948567116106914
hsa-miR-3157-5p	4.046596377715463	0.9080196564428851	2.1772407016308435	3.747909873784835	3.022534180128063	3.7234499559133587	3.4368358243029644	6.572563616944565	2.3897483296041875	2.110787762512143	0.7886379633093974
hsa-miR-3158-3p	0.35722750163997513	0.20119055589174073	0.17417877439179733	0.29683250984102055	0.20506094199485062	2.899933196633287	0.4481280499425528	0.5063136883313971	0.2810444390377612	3.7486645971323407	0.1571822050471363
hsa-miR-3163	0.0	0.0037187292291541003	0.01738854315130178	0.019549398971927288	0.0026556081513355767	1.6627942365871269	0.06412467158427793	0.03505841575494209	0.005607249521747291	0.15970435312233092	0.41992933502181445
hsa-miR-3164	0.07756107004848573	0.0111561876874623	0.09557653765597476	0.13571311101927083	0.22596291359661094	0.6451075274524919	1.0679942506605278	0.2599018714881947	0.3111814668311813	0.4468727099436659	0.0634235651695526
hsa-miR-3168	6.597443917669862	56.792892456423445	1.3135052566661558	22.965120697492047	120.79702515730021	1.3467457502907578	8.8265616216292	25.480199861257194	3.033943861778856	104.26075482510798	650.4411137232925
hsa-miR-3173-5p	10.552110531333613	13.618000230139794	5.087044187186161	7.163358298691392	12.975546688603934	11.14706299031471	13.573169617209983	15.6600441270755	8.348435711515501	14.663078786609034	3.393103734760241
hsa-miR-3174	0.24693283806483712	0.11198294677915553	0.23657776378191947	0.16528664246760535	0.626038761598886	0.04698490184984981	2.749745050877432	1.1037394682502555	0.4720503765376932	0.076029497146105	0.6501820391911028
hsa-miR-3186-3p	0.0	0.034504276498846576	0.006166898898203649	0.0	1.2359713180976022	0.0	0.1316380058123937	0.032253148484623864	0.9289963901223732	0.0	0.0
hsa-miR-3187-3p	0.32767108173947	0.003961547936766246	0.28639637962887887	0.6931939452079543	0.08268701929664961	2.1818715989624136	1.5677775416214377	0.481045359227911	0.318323415324203	7.711385544519985	1.2521912219316007
hsa-miR-3194-3p	0.26264592902743095	0.131263274461191	0.4301734134099106	1.428755052729286	0.3978851196119054	0.030917100454731974	0.002886040367046614	1.3084837791824713	0.47419047447203344	0.00537157320487395	0.00863882922068504
hsa-miR-3199	2.503775111080865	0.15699204472331357	1.1329753281748745	0.9027270676071216	0.20076058529670782	0.43158250706150275	0.24888745528670736	0.5353648790431467	0.20372871125139297	0.34689859200325446	0.08415002353073583
hsa-miR-32-3p	2.8490840698471507	3.290693751569849	4.12331939340274	4.0527313361489	5.811503781863483	0.8097924364260233	9.719539205580439	6.178052079791652	7.535638010327457	0.2518666919972597	1.520929493594093
hsa-miR-32-5p	161.61594816466257	128.98578614724468	357.82397952116906	702.786705278402	67.7614209320691	93.51393759676323	39.51425357371432	188.0459768610511	69.64052086216262	169.521329408152	20.099173026870858
hsa-miR-3200-3p	0.280164134902861	0.37732246205442627	0.8724283191980756	1.0916204206790192	0.2204670131234825	15.528131042503151	0.7484845557722006	1.1604188173793244	0.5447236383491542	19.772921652137786	0.0
hsa-miR-3200-5p	0.11778368291166857	0.35563878128566884	0.014447045528324477	0.06673097840854642	0.014678928399042022	1.6100673396035252	0.0017762709694827269	0.013127483866677107	0.02924005217964751	3.431208449202324	0.800316921676973
hsa-miR-3202	0.94662335222525	1.8859960331295014	4.144880987539731	3.630044942275229	0.4502520286829613	0.4943082588639233	0.9246046206429834	0.863139345104537	0.7167310097528415	0.0987368051217606	0.043222791080003195
hsa-miR-320a-3p	853.3353934927885	171.6988125281144	543.5282513658315	879.2660908955215	394.3286164005066	615.768712314868	499.2959606276355	474.6603320361915	171.5457854023643	2136.818680985034	494.56697737741376
hsa-miR-320a-5p	1.5653233057518512	0.1605936076408083	0.995249369505205	2.5861728318336152	0.12479633058278888	0.018673748873996164	0.10817723266497961	0.7293656827298509	0.02788943819838892	0.070013995070632	0.008596054286995322
hsa-miR-320b	85.03380526852241	16.59093801705175	62.53164063779635	104.46903833575627	17.883976213361574	21.12665563885069	22.979222897386265	42.28027512595068	10.346703459086457	92.67526663602958	10.558526756456656
hsa-miR-320c	63.193526045690064	13.512597343388423	46.758394715292006	77.51442191143326	11.982708414863207	13.2088467997642	16.50348593083851	32.240852413749806	7.8546151096302035	57.08470676559216	8.9483449511819
hsa-miR-320d	39.966631501759295	9.608226710358078	30.021671736223446	51.13263241331382	8.470865452421627	5.441411008803595	9.549711159209254	21.575749616746776	6.219489499777154	17.52274804333362	4.57266064354506
hsa-miR-320e	0.9611819493539815	0.17335087316816467	0.7737549965777358	1.2369074296063418	0.4469464260124331	2.5562374936313192	0.3482680496496237	0.5086313594759498	0.27626562193505994	5.959951623468077	0.7619690996681098
hsa-miR-323a-3p	2.782395581006834	0.46260976599744436	0.12300273992629379	0.21018826102063745	0.20562554969577576	0.004362789997529846	0.45458410351146594	3.613601297716782	0.23074243656067128	1.7730168585610797	22.715437249655466
hsa-miR-323b-3p	3.966119942783708	0.09689142971241273	0.09333900143428867	0.444227574188096	0.3044685794124159	0.03594358304787469	0.5941953061414894	2.9502271596006597	0.1851852549710205	2.1843685967590476	31.889582038636924
hsa-miR-324-3p	9.417223660249025	3.9452311953397645	7.414880059712334	10.028285469903203	12.929302354007755	11.673080871611543	39.76205776654436	17.4253164900911	6.344462156602044	29.049288592964956	18.014358115255874
hsa-miR-324-5p	49.72667488397308	15.60105958787748	32.1043596995708	42.323153411018296	26.117149468244715	147.90234256537363	57.46961738197087	68.09351287685432	33.63899522582603	214.21276250326372	15.335005373530326
hsa-miR-326	4.763872452402574	1.8479137098086906	5.220904147746542	7.052562861933644	22.402153108675844	0.579587020339432	65.71555150137353	16.610074125714746	6.744978270147622	3.887478509398717	27.097765155313805
hsa-miR-328-3p	64.39242642210203	63.04364065834185	53.65387566374736	76.8237587596267	119.49237518393323	42.51796363670973	72.5432217284809	91.67720061306376	89.57317650112512	131.40304997918096	205.6307094277377
hsa-miR-330-3p	4.182036933578308	2.4589891180615293	4.12004729837415	6.716276210352115	5.542767806411856	0.05732764244885383	7.515581248541053	15.785227615228798	5.802336798963784	0.6288648290815612	5.67324941765875
hsa-miR-330-5p	4.705673495360641	5.103620757874238	8.12949737148278	18.616782083593332	6.022654804080669	1.0704305658875237	9.146690076889634	26.043970040021055	8.728085825065914	0.39053747091419166	5.556660261005714
hsa-miR-331-3p	22.421900330527173	6.822836282876064	22.327377007368522	29.724180865116317	25.10369247131459	13.815352033418243	47.382493990280146	23.06236443711086	22.7664453588464	14.539134253565152	20.182192427924992
hsa-miR-331-5p	0.9831798880801947	0.20830539765343362	1.3805037885714802	1.3880767507866028	0.46795326145528865	1.682635877276088	0.980783595997808	1.2526638335657228	0.20732507593203295	5.413190029286009	0.24064550686106112
hsa-miR-335-3p	5.730584720075232	0.5073374286375082	5.566992631775162	18.249163716328272	2.4206141521504496	0.19895710743536663	2.5694221968530515	2.9341067210445133	0.1298046643327914	0.4542760620962246	19.291915425776423
hsa-miR-335-5p	173.54477852551645	98.86189070241817	187.9727078281509	406.32478813108054	161.28284022424268	52.42810379125	154.0455671557122	84.42475903149897	121.44329542750951	104.48688820201319	450.6057819541158
hsa-miR-337-5p	1.157057776037236	0.03346856306238691	0.06881907265599049	0.3457325313653286	0.14236472320059002	0.0011360092634375846	0.34336116562166247	2.534989392556706	0.2655930244672376	0.4930109337703478	20.314490354851955
hsa-miR-338-3p	12.995821174254568	47.74122044847452	34.95862524760786	59.085806601989276	90.04279561266776	0.25672555220796434	346.6425256184521	619.2616940070761	1305.1742538157873	6.904506656145335	58.72449542588069
hsa-miR-338-5p	0.03921115374490388	0.0037187292291541003	0.05413089867094603	0.0789506165202037	0.28583762902662696	0.0	1.0650725670942198	1.2311498312221154	2.968247235137333	0.012533670811372553	0.03686533291275285
hsa-miR-339-3p	147.503489962625	28.491689900926076	138.52620223403014	255.8628500247263	180.74274852933658	20.696467792439417	93.0543386605296	106.76790567223726	17.116194465221454	54.74751981948732	36.92311271183394
hsa-miR-339-5p	484.8275385048083	95.85075157585163	388.8894875530488	676.1442697451587	893.931026773548	44.33995030172647	568.6781041579876	413.9034648322618	53.54520593385618	85.60374478456932	175.21485640104896
hsa-miR-33a-3p	3.694599524976401	0.7619482347564493	1.597170515474091	2.382536761648228	1.949234260710143	0.07583032839954412	3.5899250012788433	3.3537464941691972	1.4351246162063753	0.016442785355222263	0.491236215916671
hsa-miR-33a-5p	17.278326150998314	2.7450603036947583	7.837186299862437	31.355131658225186	5.653878571410508	1.0245119080157132	7.891863269782191	12.9307901629234	10.499400347740846	2.2359722667513724	10.680447558496038
hsa-miR-33b-5p	0.3460595923696714	0.08439585626109827	1.053986358899917	3.756813164390695	0.16657567197436718	0.7377717176922437	0.3249992330935534	0.5842106188273607	0.7169544667023158	1.1122516129805633	1.1066487742442963
hsa-miR-340-3p	4.9591961592957325	20.708400334542226	4.175347599653596	3.830915318627718	36.12052926435057	4.6384539892238275	57.43885063800213	15.23274810053728	26.082846937522284	2.5870723204768113	10.128411025451287
hsa-miR-340-5p	51.326991764091375	361.86041899690895	86.41470796589034	117.47104693228577	1203.2297067244267	34.06922513289748	894.9205529300367	195.02188570426063	574.0903798661527	37.047663758433444	304.9650772804151
hsa-miR-342-3p	13878.84531725817	6048.922079031896	27843.115702625495	40565.69371522124	5533.504455949492	71.07557858481462	2277.9272819947973	35650.10626846866	1048.9992666814408	544.6061764704248	1076.3229890259418
hsa-miR-342-5p	114.33513569759121	31.158185057320274	165.25719303391452	165.42251625783197	38.52823900304148	2.984999396156017	29.401376856325506	256.1610397052151	7.752173636047429	2.188970244062368	5.020603025861521
hsa-miR-345-3p	0.08650829019359906	0.10139457447481408	0.09750274797341503	0.09218042943612303	0.5633803567470353	0.018280225125445675	2.2534151700968357	0.0972902260502966	0.21546886103432772	0.2184169142058361	0.5427838825855024
hsa-miR-345-5p	11.367111918421177	20.72956685761379	14.554954268989372	15.584177250221028	124.9748224133758	7.019412615383841	281.5106071585182	19.17123157364305	73.28908260770112	28.38884847300725	19.50838105542113
hsa-miR-34a-5p	149.6770336762224	85.42240650769259	202.0630081850576	187.2548250429004	30.24791294449884	1.8929530623931956	42.80722840568808	157.9132116672074	29.198821353190233	17.52544277470936	16.267865721392493
hsa-miR-34c-5p	0.05869535102142874	0.6414118468871816	1.284087913438536	3.5630840358978193	0.49917665746472845	0.002431928954781871	2.8042490103688538	0.4654668350488832	6.9586179438992595	0.1043478727741068	0.1488423633886326
hsa-miR-3605-3p	4.918343088005001	6.062942204624546	4.284300758354627	6.585429342502924	8.143498195806863	15.30085050825522	15.442579098019083	11.740645320253574	23.99804808352184	21.965556038146243	2.832915739614135
hsa-miR-3605-5p	0.8517827869887475	0.679676011059366	0.7668082164305484	0.6876533693548006	0.6750942585460613	3.8708698701111013	1.9421895165822474	1.8599315031396504	3.050422461537299	3.1520939729217363	0.16761397451111865
hsa-miR-3609	5.587724377689936	1.5820093685768284	2.005881947903146	2.0615662532644006	1.7663137295691684	0.0	0.8852227627987156	2.537940063481312	1.8496628300864602	0.0	0.030006476741934254
hsa-miR-361-3p	2469.5102076216162	599.2924151912732	1695.847180029637	2433.4954485226463	332.1500198998674	58.0232201420411	498.4221590545377	1711.4925302532647	307.11221749851205	142.34214843544902	91.28514084267096
hsa-miR-361-5p	662.7476286927351	249.46346459259294	636.8645327234624	1172.9383305276006	960.6714614861647	32.73826994730497	801.5471385039029	859.261291573232	457.3343932404116	83.56118839624718	203.1542877748908
hsa-miR-3611	0.48550248593573403	0.6351243463869807	1.2269030501688725	3.226734030333884	1.2814244861188449	0.5973023024163943	1.3437125402466064	2.4923394545089024	2.674896494096524	0.8878303500015127	1.4658331491651557
hsa-miR-3613-3p	0.9266334558640429	0.26601221979772405	1.1600823188691585	1.8313804129517355	7.217559162974108	0.6071429826961261	9.861296152165842	2.5538389186336734	4.041722697752709	3.433331003389881	0.5684567309127645
hsa-miR-3613-5p	38.54598114893708	41.524217378524554	43.86090798743218	101.22700236959757	73.03447151623182	226.7227591258753	74.9149090285645	126.87115377165334	177.05702875811377	109.49434369026065	31.87952480639903
hsa-miR-3614-3p	1.337919191705634	0.6158838465854667	0.5561908530176091	1.1866399855206669	1.00862606334315	0.00846209584770324	2.4335683099114807	0.8738896003417793	3.7462892759923343	0.278088825278645	0.003616397391299082
hsa-miR-3614-5p	1.5927814416426644	7.710792119807317	0.6657519174652702	0.39328577844500384	3.738138616199617	0.015241755141906852	13.048556832871325	3.0089353524318896	27.620176471966587	0.11682436306540514	0.1598700553857075
hsa-miR-3615	29.57568680553464	23.503001769501427	21.96630118549633	61.14678143936981	119.36538007480313	71.46439743494903	79.52313341543669	97.12382699475256	156.80155188077418	317.6038783997418	24.83698638665275
hsa-miR-362-3p	0.8607049361234285	0.11590039430863615	1.2770633454594496	1.8065067000571664	0.8947258095827387	0.3223836575282965	3.951853211260244	1.7066099354896753	0.6054419069360374	0.11609466575142542	0.03347627760833239
hsa-miR-362-5p	6.2934779864358195	3.6568097791033116	8.80230059672296	11.308617764284332	10.270490742552896	7.774551917494812	54.403728273261216	13.769246162368594	7.059778369492135	5.54744558196745	4.417375589714888
hsa-miR-363-3p	151.57822050387932	66.16052541929032	110.2665340826282	168.37652598499832	47.861668835986485	331.25874525092246	75.70798011937305	706.7714903146996	12.816682051816482	256.9915677616626	30.32771829363715
hsa-miR-363-5p	1.4609316650133661	0.26139064178831	0.530346384231752	0.5845389034183076	0.1749824864429019	0.5093062619004423	0.41703791217657393	6.436536751563272	0.0266654699361038	0.6363295417631678	0.22925628174447182
hsa-miR-365a-3p	24.74156864723219	9.337874674998595	29.255081433889913	14.462969351243144	7.439785673886998	0.8950419509794786	75.00884131814965	4.764722057987548	59.16597542959559	8.81465377629904	0.8888092584226028
hsa-miR-365b-3p	24.74156864723219	9.337874674998595	29.255081433889913	14.462969351243144	7.438564168452715	0.8950419509794786	75.01352125759418	4.764722057987548	59.173384234282146	8.81465377629904	0.8888092584226028
hsa-miR-365b-5p	0.18107415176711786	0.4260324606316149	0.04015453280283683	0.029714075862548667	0.094544039090344	0.060245425976032316	1.3305833740430717	0.09461939251241397	0.3444650501019482	0.054261628643575865	0.051043506930709505
hsa-miR-3667-3p	0.7825112778621115	0.4320786422983506	0.6645957665569678	1.3061060662337878	0.6197695662415958	0.03209395802539631	0.8497895857825934	1.2824329619049464	0.7093519283776183	0.04218917348360066	0.0316942475268542
hsa-miR-3667-5p	1.8896477522676283	0.6313207112454555	1.4871665016976752	2.664679065222188	1.0700622400835533	0.434684359547244	1.076059721298793	2.5184858802653487	1.1147394722451185	0.6073210242333793	0.15400917298170796
hsa-miR-3679-5p	5.158057588729802	2.107394978845963	1.834286144261495	2.472429098849159	1.5785792634904767	0.06904306009257656	3.6942402217535593	3.3983167126673948	3.679001832501868	0.6657225312719396	4.010996861856948
hsa-miR-3688-3p	0.1034385359739164	0.1378613116766507	0.19023728684791943	0.29612493353667513	0.7071616893878369	5.538693490880416	0.923080002109444	0.48088680895651315	0.8366928815787127	5.996990139109132	0.42909061131618087
hsa-miR-369-3p	1.4271395278129495	0.10164526559687877	0.08822499192914365	0.8083119600850144	0.23747100201558996	0.01371630311785235	0.3287445365090172	3.2688524196325623	0.26909730639429397	0.5218037325788976	19.709156470756373
hsa-miR-369-5p	2.7751677809984114	0.7452225167283095	0.17884352083745844	0.849890529003548	0.39935183014545134	0.015422995298228557	0.48426573937652656	5.650926495647538	0.3532470185212783	0.056690990170672806	44.505104038297894
hsa-miR-3690	0.041854418656360574	0.006306549966567593	0.10725950864035425	0.0	2.9221081266187197	0.0	2.3088039032909684	0.14226137424799584	1.51760733961457	0.01710140162256717	0.03355490171056888
hsa-miR-370-3p	5.32811065596474	0.194962008244739	0.1567336440261146	0.5881724104279168	0.2992696832254946	0.008739716287674518	0.8892943830669012	7.9303178255641384	0.6156427375711495	1.156429804706427	97.15844173559603
hsa-miR-371b-5p	0.0	0.021002008333979996	0.02986623106078289	0.00928726161167085	0.654163984238806	0.0	1.2557120938091053	0.09504216679856196	1.4076004775771618	0.0	0.003616397391299082
hsa-miR-374a-3p	12.74661813587653	36.51589967886488	34.200355903945024	83.65817996825427	57.024179162408466	33.646767232332124	46.74495922653554	46.29827651104315	57.72790227909503	3.3568193060925196	46.34438386584677
hsa-miR-374a-5p	116.07680076312343	144.40968635156733	311.6063562621391	818.1543478341865	546.367432600636	211.07149635464458	332.50941624855176	371.9509368816347	285.8069513344875	52.07858392324732	215.13223234523113
hsa-miR-374b-3p	2.0034923485651506	5.106650016360117	4.501494961317359	5.244918719049789	7.2909355140591625	1.0922138285207221	14.227523777547514	9.642460124024701	8.651563387571118	0.1679620253016396	6.418953065539636
hsa-miR-374b-5p	37.36002932661903	33.18124985700112	94.38310013818626	194.42458212967222	154.79963225949217	28.537994988274622	146.99548315052488	136.86082914177902	104.88709875581432	8.617874599520412	60.30002448606599
hsa-miR-374c-5p	0.22515682093729592	0.2039983091411668	0.53104198015742	2.3746387607182458	1.2889209645415827	0.25198119422957715	1.0115833896162008	0.8144981712021714	0.6030784940662074	0.0506968512849499	0.11527869589772301
hsa-miR-375-3p	0.0664312079665774	0.07261554178668056	0.07445364487837594	0.19751660762072365	0.0861583170899352	0.05423201527178426	0.009306387127925912	0.060378027226196875	0.03139141252037742	39.02250242619225	0.0303262423939896
hsa-miR-376a-3p	4.0043698508834655	0.24418157351085618	0.6211242217362605	3.2237199309310904	0.3693659311586803	0.01811826164990225	1.1416649722744832	13.43056704340139	0.9965008170979478	0.600597350984375	39.91300979354888
hsa-miR-376c-3p	2.3384912114263634	0.15640100912138347	0.35953591650521594	1.990953808596418	0.4244723784628926	0.0	0.7470600361534253	8.222236987179121	0.6177374966923609	0.03357789268482825	19.07375978282728
hsa-miR-378a-3p	349.59293560243594	68.38036306404959	143.32714442558103	291.0869521318039	111.24898317560441	62.59966684393431	804.6757522604307	249.6660865214105	126.14355594760008	98.32420231454208	34.02875342507755
hsa-miR-378a-5p	43.54270021770821	6.017654923092626	21.17223725355434	27.170882201270288	16.5175353559714	8.923171763920871	155.16979063117927	29.06452920433125	14.720337798152242	13.911594936218282	2.8835232537931876
hsa-miR-378c	45.036929942129106	7.5950273328656195	17.01188243387411	66.99219976113245	13.484906412592496	4.6020213560400585	43.85566441893046	20.553130878485728	16.077630021519283	4.733553952185705	1.3301048143892304
hsa-miR-378d	8.667398561708366	0.7455106616479278	3.811148807164174	20.67903851444605	2.56035592442152	0.6327248624462333	7.034863460067305	3.686050832222095	2.9710869058475926	0.5908674421379341	0.17379525888204939
hsa-miR-378f	2.8158888376816438	1.2095632556915465	1.0098480722758714	3.1043024615639614	2.035161572144585	0.20277894537392582	3.080131409841431	1.5861418538024805	1.6462288610204512	0.27046040100516333	0.16367883038878892
hsa-miR-378i	23.42688569685155	2.708910857090082	5.432129662030877	12.74679806052845	8.37807325270412	0.9562995935385327	17.01864886407071	10.516714469355465	5.410950349528805	4.177939813914206	1.4357802329477891
hsa-miR-379-5p	9.008804407266094	3.5198328256387184	0.5704161473724926	1.3224675329080164	0.8261739716856926	0.06925861739640476	1.8644981665613707	17.808559357057774	2.3725814038197592	0.39254297920540804	156.03581321925748
hsa-miR-381-3p	5.240868713882516	1.005232381378483	0.26174666108375805	2.9647864291046506	0.6049576199141162	0.03940287180298148	1.1007168639854052	13.382599839944408	1.343559929296322	0.38889882994177966	95.34743814501915
hsa-miR-382-5p	24.068194457437773	2.006113487701826	0.4623697497589116	1.1898765360976191	1.255047765830614	0.12250656639408031	2.238397351075602	13.417682830098743	1.0394319974822925	9.280177449447294	314.64819930316895
hsa-miR-3912-3p	1.0592460248394089	0.46641351941071557	2.857348971435317	4.549304542957073	1.8930588621855526	0.6212135917590373	0.5652918878312592	1.846818723663022	0.9055970572411339	0.6618466813624367	0.30522847120782864
hsa-miR-3913-5p	1.428600946283812	2.1229085699941215	0.6010569322968993	1.2506972282783966	3.76448365084877	2.4984451107312258	0.6413873898343314	1.863773120116854	1.2306280328480173	1.3868601623999566	0.7660389151893673
hsa-miR-3928-3p	2.4637033919611446	2.1631583956319234	1.6881591550561068	1.8150249334648383	3.8769044528483287	1.8500678408664457	6.686467244200979	4.597177843906003	5.310431917446176	1.1597049109297466	2.752828480685172
hsa-miR-3934-5p	0.788513653290416	0.10045552469388946	1.183455331174331	2.256549455908927	0.042753535671976636	0.036957065854790326	0.11331628306541394	1.0761801683593837	0.01605733413267675	0.006157293568471882	0.00180819869564954
hsa-miR-3940-3p	1.6658470802323906	0.06161196237850344	0.7602588688596382	1.0591677551262182	0.4911003971747857	5.098719365221858	0.9262684201681165	1.4743161791295931	0.42654856439242006	11.099680369798202	0.8299777319147807
hsa-miR-3960	0.8412623682693814	3.01393028653302	0.17589763463541122	0.2978315590321295	0.3046610716797259	13.365475663317806	0.12658733350190193	0.6004307720168387	0.1717039350221302	88.61358121897528	0.8798102085336403
hsa-miR-409-3p	46.42382303997514	3.1577763446775724	1.2438654457615501	3.705251927424276	2.133569208934519	0.11125747771627467	5.041567030062745	51.599434084707525	3.111578157860261	17.969364890434864	540.5416548013649
hsa-miR-411-5p	2.8134674187704443	0.5803372329524862	0.276633862981922	1.2431278148619826	0.38150029871143143	0.015711522457742325	0.8180410846410471	7.559725820985354	0.896438376751633	0.06501943812835953	68.86586588105916
hsa-miR-421	17.589280312216893	12.564741641669917	22.090045138045628	31.725839708982672	69.92645452095144	43.60336968362487	148.71348706850392	53.12874199710786	95.78562162601044	44.41162857775514	25.535089344985746
hsa-miR-423-3p	292.6605770116192	155.03240204051033	219.9847992482147	294.52584582825017	533.6733820345481	83.79772342923515	569.7237784068127	439.49810082970356	407.7270467898778	194.27160107887863	385.6292112060981
hsa-miR-423-5p	1659.8113595030482	1058.1385805222524	726.5331723530863	1218.1020384353828	1179.383508861422	2329.9732938478523	874.5977341288407	1508.861397866763	784.1894870931806	5719.9896773764185	1113.483971653238
hsa-miR-424-3p	0.21383080649551836	2.1863815091797085	0.716681054944499	1.2327422922954685	33.414110632633694	1.5693658400576853	12.123238810169742	1.523155607678806	16.08328982294375	1.7540420761627757	0.6800484131922722
hsa-miR-424-5p	2.6962738003001405	52.150546649349	17.53539521042968	34.8933438377727	436.1944699649742	37.71395495415066	257.91416053789874	27.537162080306743	592.5032597041888	24.603079548603993	19.812067718822153
hsa-miR-425-3p	71.09263123799148	53.98903924693572	63.198077976705974	118.24619621120566	325.65586333407015	36.04959760555549	267.5730919846987	149.89773135087373	189.951377848635	54.192011184498156	61.411124580356834
hsa-miR-425-5p	436.5815907878129	434.3829144062926	365.9643244052526	814.7052951364275	3217.412312742595	473.3515788431926	1444.0486603225404	830.7007448630069	1273.7683818147902	1998.2408625864198	984.8157482913659
hsa-miR-4286	19.661784662152503	4.491369200748568	13.320527596349542	26.597231876505038	68.37557866973285	0.05366405151685164	51.73761684718908	11.227917713681773	47.88741027362368	8.179788790056861	3.7458695058670477
hsa-miR-429	1.9779779372808628	1.214126655697455	0.821801099958761	1.7179918118468789	5.484897142865249	0.05338813238088956	4.728456489644365	5.373277611950893	2.678229340931935	1.1042618647376639	2.480622811197368
hsa-miR-431-5p	5.38126648837871	0.45181352761229565	0.3214773733003179	1.5315815026033692	0.5807628275185438	0.004713589730944752	0.934580430335035	10.19675405316204	0.7147373912467073	1.0328537219863496	90.26986437982157
hsa-miR-432-5p	21.211791615257024	2.097691619827531	0.5404634832581787	1.9655622812304878	1.1463221862196822	0.18976699529373642	2.159126456771467	25.480948582319254	1.31509434329455	8.644987309601497	432.6863899920363
hsa-miR-4326	1.0953033782953585	4.066752529089793	1.5902757981634594	4.1297019968949105	5.209256188259427	2.4478086726236152	7.391648343181725	4.02776563831267	3.0523590872670217	6.1356716019588	5.521402133747121
hsa-miR-4422	0.37158644905800275	0.016114493326334436	0.12720125751706268	2.020298190440064	0.14574507183082744	0.018095779179631587	0.03776086446161128	3.0691379791642865	0.044779722221037314	0.0	0.013002503209234894
hsa-miR-4433b-3p	0.6179769961207148	0.0035191105208858932	0.0	0.0	0.03432424919094918	0.0015090167771355577	0.04043847209847731	0.017783826404774532	0.004744178370516142	7.12159536777863	34.83911940267499
hsa-miR-4433b-5p	26.530057725365246	1.7091910012990468	0.20222962740715839	0.22258222322686846	1.511962476564688	0.08961797181010957	0.8468404012203703	0.6606631152439705	0.3087032926389999	30.72074846099357	330.1285173874724
hsa-miR-4440	0.31589062643532295	0.3352894467634302	0.22421087192598788	0.2565518322353809	0.7889548216228979	0.4026966463753575	1.9818451076888726	0.9302569953210844	0.9894640120749301	0.7828041316599912	0.03200479112613175
hsa-miR-4443	1.9961620016306523	0.6162240666834135	1.0553748818517432	1.1030055556910403	1.6531729819238827	0.04807289023678084	0.8201743152224713	0.2676160195873748	0.06608468602491058	0.0	0.13923782262422524
hsa-miR-4446-3p	1.7057928407485021	0.6167426364182343	0.4047963781588213	0.6668938826134572	0.09493488842101831	0.004796104519497823	0.06337461766272064	1.6769987160229245	0.009264059356537742	0.3132840021910809	10.35892975407659
hsa-miR-4448	19.227234012590504	21.653924063667244	10.595010874902842	54.4754494195939	18.960576305981142	6.223352242725326	3.925137344027063	26.392236454541298	1.04210364525812	5.205788891361856	1.7963358468494626
hsa-miR-4454	4.999929433193955	5.397767407455959	6.016535234214448	7.055811332851641	12.934894726446782	0.5300179760733887	37.773659223953715	10.356780205646233	10.936935096828197	1.6517529646513451	2.2675988773578326
hsa-miR-4458	2.6428390701153455	0.20496855634617753	0.45135071271774563	1.0836491211657384	0.7128268991541785	0.0	0.9672201121132866	1.0711390687257045	0.022719404006756313	0.0	0.0357453853135588
hsa-miR-4464	5.542464599295633	0.0012395764097180334	0.0035503917117313782	0.04068626646780272	0.0	0.0	0.0	0.07933905852813314	0.0	0.0	0.009343330884246093
hsa-miR-4476	1.6946544404983541	0.0	0.0	0.0	0.0	0.0008082656007837557	0.0	0.022072961335451065	0.0013266702082746981	0.0	0.0
hsa-miR-4477b	0.5698580562890639	0.43242406192997374	0.137770968080852	0.4267011261035887	0.4369264962429933	0.0009711826941645924	1.7862207812102409	0.2885476535019766	0.9550863712479771	0.0107431464097479	0.04178471906948821
hsa-miR-4484	1.7619994615677206	0.6880614116836048	1.6601248605851826	4.592164634866348	0.38739044546267504	0.0	3.5671706433471218	1.6614414939852238	0.24356357199148063	0.021572639679965578	0.2697952753023323
hsa-miR-4487	0.813894713161466	0.4783892212891544	0.05287605859299171	0.026463721866631137	1.565203384220595	0.0	0.49797209656035446	0.3102125164720934	1.1860260502414808	0.0	0.028409136602638805
hsa-miR-4491	1.878796390544763	0.0006197882048590155	0.013184274554382858	0.04405104048281479	0.0	0.0	0.0	0.0012098718843069197	0.004142199816676875	0.0	0.013090070754836657
hsa-miR-4496	3.3747003608327586	0.5892379787882578	0.015314988104544663	0.007217613746874728	0.025355750256920617	0.0	0.03978336393444604	0.005087035191959947	0.018996328258337143	0.0	0.0
hsa-miR-449a	0.5591137545818925	0.4344606370144175	0.15435972790727545	0.12185033953934613	0.28203611652138216	0.5760690500799016	1.0793385360039958	0.33439916054372587	0.02411576117731634	0.1281336653917225	0.39431419630343373
hsa-miR-4504	0.07469449195002838	0.558938640835684	0.09915519681048826	0.097745803948374	0.4117598869824579	1.929072597694394	0.33078064498027804	0.1752819675679922	0.27005745744497434	1.5425780818406396	0.2876938744178169
hsa-miR-4508	0.798256300908961	2.0444998651482047	0.21804631601696692	0.4400577979859271	1.6497999932898484	45.97657188578262	0.2909641654905053	0.6802213616591616	1.5403381738638786	57.84582765143453	1.1822700030821465
hsa-miR-450a-1-3p	0.024407431688229453	0.3214511661370049	0.2531987406179783	0.24446206277840565	13.150252017804513	0.31405374798119196	3.432565817512084	0.35330711914204227	7.54124712446288	0.18798254908337536	0.32850728930072665
hsa-miR-450a-2-3p	0.014278638135403596	0.9592024547670505	0.18994446088140976	0.13405159725055088	11.188398906303949	0.054135931596915175	3.382089882856252	0.29342588623860955	6.177243419910133	0.05371576820208988	0.27961000724228724
hsa-miR-450a-5p	0.008753316692126808	1.1609035051030154	0.3303427272254164	0.7823770210254776	16.843826316275024	0.15119661135155585	4.5118127288612415	0.26990467538824825	9.584025064898267	0.21494757123429017	0.2223584643886093
hsa-miR-450b-5p	0.13623866752200586	5.021876614978793	1.9926681733806322	1.4220845562387647	93.10006531424328	0.812461267245853	28.472309621083852	1.653632774862635	51.6080629034846	2.3198841507463936	3.5237437464660943
hsa-miR-4511	0.46109341000393295	0.24874779923890206	0.24829984073196873	0.3598843871441724	0.42054614836269516	1.9494965203672943	0.9246041058796362	0.6056741502144586	0.48139390498430795	2.1235857968537495	0.45345734432607837
hsa-miR-4516	2.525526431982525	3.491646166167409	0.13373898818126062	0.528253973214588	0.7378051484265732	4.688212033555123	0.27915408910711237	0.7670002766107471	0.6161113058181494	13.391397802363443	1.026511190199319
hsa-miR-451a	63.93967250360182	697.7201495912726	6.3046252566221685	46.13342943993223	42.297866546740266	9065.926268482888	9.662159985736652	419.647821300779	104.79688696009092	9172.14848636183	781.9734479706838
hsa-miR-4521	5.280949100778229	0.44223474791048145	1.7544230680627453	10.233269963415678	2.708619584374837	1.8232021203035045	1.4121614221878704	8.100905063105111	1.1352459287145837	0.685802511692237	0.19747643879106558
hsa-miR-4536-5p	0.712842889407916	0.1465606980506413	1.6237520716155076	1.7666169791295148	0.30332236765222165	0.0	0.19106479051385883	0.9815622842915378	0.09168580981846847	0.008620960174957212	0.041644897073527955
hsa-miR-454-3p	255.9969332913282	318.6985553484356	417.8693206122178	450.2823170860908	929.324185657537	1050.921269420319	1138.6870050883483	696.463631530829	1063.2369862894832	108.648113823369	390.9245985387087
hsa-miR-454-5p	2.0842278240276952	4.854950712329282	3.7573993832599926	6.000811087251999	16.114900827464762	4.944090575329055	16.7553160323703	7.429576717259134	10.670673897769007	3.589500482341319	7.773845251896447
hsa-miR-455-5p	0.9503955542543127	0.12576753567716115	1.6938039728691108	1.1661957910217073	0.013610881576804491	0.0	0.19127849926009485	0.040631612040144476	0.005338071100887232	0.28020865115255056	0.0054245960869486265
hsa-miR-4632-3p	1.4790465217817028	0.35435101161561156	1.922073108673496	3.4728407886098887	0.7329844942921071	0.024017119168891047	3.8904019825990863	4.631997000987347	1.9522050917106692	0.21787627806968707	0.16143983981974858
hsa-miR-4645-3p	2.2514981189557437	1.3852996619097835	1.0593662721471613	2.181463608021009	0.24071523222348667	0.021486049268838993	2.106663240176569	0.6891738349221715	2.4890010560171616	0.0	1.5469411585591553
hsa-miR-4660	0.3173075484692787	0.12869673921679836	0.24543233907338455	0.4118729628562057	0.3831791025902525	0.8598737073633568	0.5395406090485694	1.157211169454948	0.2687900060641526	0.47769677875312355	0.02937023104711495
hsa-miR-4662a-5p	5.65300450512639	0.2645310088184718	1.0546883521939983	2.002412303019642	0.04034372792566154	0.24278546551532948	4.058945555857337	9.252888558414	0.5330111629847873	0.23662659644196973	5.633946182628695
hsa-miR-4668-5p	1.0376675082482636	0.37512917221821124	0.320115283515848	0.3959252942044349	0.12494365316356305	0.433818858816168	0.26638711451783836	0.33766428047127106	2.380774323396332	0.7891082278672968	0.40990545979887844
hsa-miR-4676-3p	0.11395427064012857	0.04609839684523037	0.08766433424381194	0.09338033056045442	1.4666882871590923	0.1421593830789963	0.7569901189267916	0.19575595890046385	1.1612456183642292	0.18413857368903824	0.1858132652830026
hsa-miR-4677-3p	2.1477730874260152	1.6206851325918914	2.498910044693612	3.327681238842729	4.611716291470114	0.9768255820537577	5.142629856949133	3.650422656731146	5.025853008190813	0.13430549706978606	1.0369225113065788
hsa-miR-4685-3p	1.01433477444724	0.22261440719840356	0.38034331166723406	0.6994073530877629	1.4435066253702546	2.1738562407675364	0.8700258061972682	0.7111528672307155	0.6589292443633845	7.634217788690748	0.2545837359692987
hsa-miR-4724-5p	0.0254798026975573	0.025878207374134935	0.008461011225750421	0.02342234280517717	1.9376840838251073	0.0	0.21309756677437	0.1647731723811644	0.3641975637501387	0.0	0.0
hsa-miR-4728-3p	0.1233531749415455	0.14604073970729967	0.06240575097056276	0.31150282498023846	0.01923431083837729	0.2391473925527025	0.021775139362436444	1.7510531192465648	0.008046865322947537	0.24576556460816595	0.0
hsa-miR-4732-3p	0.30414385306694586	3.248309982923955	0.3035884302158889	0.18013675188890804	0.9990515368047342	180.1408320559087	0.04517755083158225	1.3722357574934245	4.475324466286502	230.1209418907281	1.9896904347464321
hsa-miR-4732-5p	0.3069472865478796	0.12837774514977784	0.03868552563851905	0.050833314529834354	0.2287708143473876	162.6361661117948	0.023706678900008063	0.8541057009441733	1.205096944879568	206.65560200988597	0.03750194739202301
hsa-miR-4742-3p	0.4860185748726391	0.2059348731919048	0.5066704672142603	0.6214313037961268	0.9472354510595028	3.259552227015588	0.7866359471094413	0.8113322377840821	0.8519837200262178	2.079324364292588	1.3543824696163698
hsa-miR-4746-5p	0.09030595359999713	0.3471758607053277	0.17251602462220966	0.17264097596875924	1.4120922417875343	1.2412751628013352	1.652345997540519	0.3836981219180527	0.82465639935174	2.222190389627563	0.4041005503093382
hsa-miR-4747-5p	0.06986812662511041	0.31598433400032816	0.02297897949413226	0.07769101307059109	0.2805832193463505	2.498147684002136	0.6513710228941826	0.13328863641538807	0.27451871941946376	0.8596028781081697	0.45679010869928505
hsa-miR-4766-3p	0.2322821336386338	0.44470592281256877	0.4797876915883306	1.2077385064885193	0.8247109606611372	0.28097182722323044	0.5527485213968758	1.0556746133827608	0.4887079381180483	0.6338901495430379	0.33824931747795295
hsa-miR-4772-3p	1.3558578675079647	7.68525129532223	16.46023710139689	67.39919010157146	33.43917473457534	0.0	13.52478666133166	511.1638804634698	149.3339847620285	1.1289877875591534	0.1650113735689441
hsa-miR-4772-5p	0.0	0.08904563852644005	0.46638730185728605	3.3025367077207965	1.3586653645409519	0.0	0.2475779309761904	11.281229640650393	3.043112291766415	0.06646461423937897	0.0
hsa-miR-4781-3p	1.1363117512215863	0.25786039537165206	1.6166230448757317	2.1645472908677363	1.3409684762193448	0.7319646865413204	0.9184067712147157	2.1209763056213657	1.4078252246742267	1.2589102261745997	0.13737627530899782
hsa-miR-4791	2.070804900795858	3.41820003872007	3.111337595008841	3.336045783740911	3.220387463265874	0.0	2.3179720042260286	2.3836777294327818	2.939085252415332	0.085909779006336	0.040811085288026294
hsa-miR-4799-5p	0.08313350157271764	0.0006197882048590155	0.09360029173692859	0.24730493049956367	1.3511353362851908	0.03127448701763748	0.3961442983762893	0.3073273060992332	0.1996973267165837	0.0	0.6616058038818345
hsa-miR-4804-5p	1.5391866931150062	0.5245286241826661	0.6415243748989441	0.9775123547708382	0.7134423715350643	1.0250681135330235	1.6346493982892516	2.5568097720391387	0.3771190572290392	0.18863917606225614	0.24348511459790967
hsa-miR-483-3p	0.9897197731871	0.0	0.027438906295176063	0.08120934739055398	0.007457109766920297	0.4338184671771881	0.042235085281813516	0.03270174198044892	0.018924467815387324	34.41270397972706	0.1176828778195184
hsa-miR-483-5p	0.33712688434105564	0.17925765729332857	0.019860306885486605	0.028691501757767152	0.021135726169237153	0.289423949739934	0.041210763531321276	0.0031275993582018744	0.007268011684893464	50.052093051153655	0.013780836807778087
hsa-miR-484	62.19072560948542	43.83059260300831	50.61240875349081	135.21592789715137	134.19020530177505	181.89296535478869	113.47367234068389	96.71309887102274	72.82705091127129	1594.9006775842229	56.65677898561618
hsa-miR-485-3p	12.576702220147668	0.998453056189368	0.18784100588006677	1.1997302073310847	0.6239122184084518	0.026267570277880507	1.1307433583322577	9.844169574790682	0.5018284756214495	5.026075245225952	136.33887843087885
hsa-miR-485-5p	0.5359761746044689	0.27719949018612916	0.028242728722855104	0.22442298670732314	0.04514980095576364	0.0	0.09619032276445802	1.6638083492884992	0.09777281431611827	0.6131814643222417	19.28628179788291
hsa-miR-486-3p	25.64120859141061	0.006507776151019676	1.342243102257703	1.7442541652173342	0.16815360105235475	53.438853419861545	1.5979135716223924	1.0894738341662171	0.25053598713526926	98.0974700096876	2.9783754436923973
hsa-miR-486-5p	410.33821129957903	1119.2464386583113	140.39259959732928	112.72121227081358	400.8240825857703	39009.43797420495	42.766204663298396	414.9960846347377	1816.2642544464688	112076.64578731291	1872.6356001399536
hsa-miR-487b-3p	3.9190977843306074	0.08792384758692366	0.3268049896455384	1.4149829431367829	0.3505134271800983	0.0	0.722319329877745	7.893398867455483	0.522204271666644	0.0798488086423581	23.569144455101146
hsa-miR-491-5p	4.591433087418867	10.79929580305298	7.323779678838573	13.70218008219199	24.955223103947322	2.1989888696802793	18.647820800740043	17.21464608000012	45.711429001669856	4.231333920384862	8.183631194840826
hsa-miR-493-3p	1.3492748228445894	0.03346856306238691	0.11546541281805535	0.5513837735517364	0.10709370544504776	0.024646516203323157	0.4551551884200197	4.76691866773946	0.2949778763088905	0.3900548967056384	19.2154163496682
hsa-miR-493-5p	1.7030062269349422	0.03992277820134626	0.14242198915426954	0.9647768329597745	0.24561379297705618	0.0	0.4236033769905237	5.48797786329263	0.4719320475757348	0.013439391283644093	28.36318325444948
hsa-miR-494-3p	3.7289242678978405	0.10226505380173777	0.20215754459980267	1.4039953782246104	0.47835190174815645	0.0	0.7811638861082437	5.021447981538236	0.3270452254686359	0.8103416935561547	28.62473250903328
hsa-miR-497-5p	40.275755008094954	0.8460559307152073	2.6600468038344443	8.240165225083693	0.9669864875250095	0.5435796361508756	1.1579771161710282	17.56901974681616	0.7461394997138999	1.7938743005573095	6.722185115548282
hsa-miR-4999-5p	3.461533977380588	3.876987694233945	3.389756995159735	7.034648364148082	3.4293622922680176	1.181383226113907	0.7232751939184895	3.183139461413447	1.7549896881059124	0.33691090530772316	0.6626848997874168
hsa-miR-499a-5p	2.2512940881913863	0.8493033600910405	2.1985014871951325	3.73441585811409	8.666484350221817	0.26657401986776846	2.0272645893616326	3.462574298109618	3.3143028895403748	0.43365434149037957	0.8280803131915524
hsa-miR-5001-3p	1.829273824399287	0.35994788548627044	2.396062525293896	4.637484145701867	1.1341238244366714	0.9786538208523349	3.3188003067046	1.8096882771886291	0.935465684108175	1.3129877596757946	0.32470251301576786
hsa-miR-5009-5p	0.2762936419135969	0.5820070746294862	0.37492865799372743	0.5285140918110571	0.5256672965741795	0.9494769393529706	0.8421842213432355	0.6746034126583429	0.7293215589379385	0.2033855418723427	0.08125640079186151
hsa-miR-500a-3p	16.996911231940786	9.535150445533606	23.131038550258854	24.536265609807995	21.41729425919437	19.481995918270368	158.63030906131112	37.54874619360465	20.554762824604992	30.876101592532706	8.837800389972127
hsa-miR-500a-5p	3.5422309837945325	1.0006092072524082	5.156239511746225	7.549921856059191	4.3449694866608395	2.993690783917744	25.620866715488656	5.647742011572298	2.4703413091917708	4.235231685656462	1.6876455935465282
hsa-miR-500b-3p	0.27245096580289224	0.19043284791022258	0.2514664438383186	0.14643325317118908	0.28948228038540813	0.05969477678801909	2.267895114951133	0.5797256581795289	0.19373478705275954	0.05110024326959765	0.06318534644818782
hsa-miR-500b-5p	3.087472555346136	0.5210184120911303	4.2245641377249825	6.677841548499853	3.7864763231661174	2.871308842311999	15.75431920235667	4.558501361161532	2.1843669398325996	3.9485301469070544	1.2949879475979085
hsa-miR-501-3p	9.89546566890986	4.185006761269234	6.295452021113171	9.484251135082035	6.407698882691955	15.906875348003906	29.772706591207445	11.48262526784459	6.417365991784381	70.57121591290405	3.4024169243932314
hsa-miR-501-5p	0.7284831896532195	0.8025072565360489	0.910282731707885	1.2431365407980186	0.8377582396802175	0.8792899383641277	5.7713130875587515	1.2639723373895222	1.047512304983792	7.987010182974956	0.15025240188241357
hsa-miR-5010-3p	0.7989382558763728	0.22809840226123923	0.12783779492265404	0.11541506878689013	0.5500746698800182	1.96910113743935	1.165212202358228	0.1368030094353009	0.5470351812387559	5.569774795787804	0.6263677763664415
hsa-miR-5010-5p	0.29404205267780875	0.7684637302216663	0.04814616563986912	0.013963063301007097	0.3903394114320132	7.472095496739858	0.6877903124241437	0.04335318794411867	0.46627281363687495	9.771721439290213	1.7267129234961538
hsa-miR-502-3p	15.54455270069619	5.996635367758772	18.435682341988706	21.714885795540155	13.95116508849972	13.706373171186131	55.04892451105107	21.917018290907226	11.90205075814125	24.42094399313576	3.6027673248624845
hsa-miR-502-5p	0.24875871194534402	0.3999279701858117	0.36599039662738936	0.6578052216116472	0.3017875433674132	0.23603951839734455	2.5300064871169963	0.35596144041153915	0.22978031735856488	0.05224463569378394	0.10373007372627706
hsa-miR-503-3p	0.013596734147871345	0.9120330504561638	0.1451246093466025	0.17168631236561793	1.9985810230240177	0.07669132045099351	2.3961454726243536	0.19292548873691023	0.7159932566211822	0.04273413984515102	0.4737356525670835
hsa-miR-503-5p	1.9309836822821465	7.4256902979015	2.7737508402096225	2.287552147697629	26.059664978841976	43.760029024359824	52.76775201428442	3.154267738267003	18.56674458356739	32.54713175940322	9.004392258041454
hsa-miR-504-5p	0.013291283033571731	0.03777006738242912	0.043897415732487885	0.02999856642888637	0.949387877727148	0.0	0.8527217951770995	0.09167008203491285	13.356257406708837	0.6126457528896039	1.463924446086466
hsa-miR-505-3p	30.048662923983674	16.900521758271296	28.14246651132135	52.31352210358505	74.29092880208694	3.8336130793784307	92.14560949110884	84.60665284706785	56.94213007048779	6.3481535189519525	15.890661452469539
hsa-miR-505-5p	17.653815145393597	9.201029938754914	6.353518424935714	9.436228266505097	15.73154363245932	20.09129510265669	19.60677205200644	33.915081401716016	17.21685996267118	15.03061307608979	12.308335177734277
hsa-miR-508-3p	0.02346212775568907	1.1076917819080014	9.131668801572355	3.7897872922068125	0.05395461776247501	0.02123141823640652	0.005492498032016798	0.8560728621259535	0.0016899614192829654	0.0	0.08877198702756584
hsa-miR-509-3p	0.06513926319303516	1.8713612780610402	9.184507897136417	5.217484216928018	0.14454615144399374	0.18009343408670764	0.026140232134392257	0.8885468192400455	0.49078172481068616	0.024342252281790638	0.5241049580445215
hsa-miR-5100	4.198394846732264	1.4605215807432612	2.7917021965781976	4.027513148984995	5.572491334883992	0.4507168529085887	9.276425801127347	3.99337558792236	5.41404049395772	0.20447377723170543	0.24388673103776612
hsa-miR-513c-5p	0.023291860360673763	0.08879716993527459	3.1915475962295625	0.9639855758199722	0.007096270303122538	0.004626361279950254	0.0	0.29115823852662737	0.006083302800998434	0.0	0.0031000361181941155
hsa-miR-514a-3p	0.035833322608612515	0.72311241255575	6.283850949187204	4.28738412987466	0.10847188139284193	0.06345256628448973	0.014857050060446702	0.6163349120648626	0.01792086926632645	0.0	0.10458606961678041
hsa-miR-5187-5p	1.8058102208715878	3.117490377055237	0.7607106739852953	0.811375875548715	0.9607265929464512	1.6179135395921942	4.910261604561357	3.018872917132899	2.8532869383703425	0.49579655414568435	7.939431391575819
hsa-miR-5189-3p	0.32342277226201505	0.03518355251066745	0.10106519191408317	0.17470236035582426	0.25673624193029915	2.062934901800695	0.019455145117493647	0.7929733386878826	0.13238733388343743	2.744974753986851	1.2606201739463117
hsa-miR-5193	5.374379161378598	0.7540609586647122	2.530261132037875	3.761658681440712	1.8297955083011492	0.22165733901512294	1.0035071943496285	3.1053650220103033	0.9093671532265659	0.33134142832375857	2.2504518114953056
hsa-miR-5196-3p	58.233306651697994	0.055957114892015415	0.01005781761362574	0.059983692352852044	0.0007685290094305	0.0	0.030535563130061803	0.41234572727469426	0.015741035923643128	0.06896768139965771	0.0964029961918714
hsa-miR-532-3p	32.90070936217319	14.331852495550905	30.78776099144686	31.20550538918206	16.184329476223738	42.2273813400405	135.80655281529056	43.251794216230415	17.774219549427762	94.13120152926476	7.406710601841696
hsa-miR-532-5p	109.20859973223804	64.35907160609568	147.65715718552428	117.66777782861472	97.70499853104873	224.47675548725164	825.7767540791715	245.47883335610013	102.7493717057516	278.74763924288357	39.24909552978382
hsa-miR-542-3p	0.4695125768817026	19.23089512666883	4.833723120236555	3.885490702222359	185.13385416340657	2.8210450045471593	67.7313716316161	5.8284346851446704	233.59910311019863	5.3543888747840755	5.616281922038064
hsa-miR-542-5p	0.3227118433917046	7.221250070204166	1.317896763652917	2.1467103663490676	102.10352981728785	2.8799619709199016	25.07054058867033	3.1132814570613205	55.005521140837054	1.4810646735023862	2.4687455232458384
hsa-miR-545-3p	0.8098047651231758	0.31620204701651927	0.5152304427958597	2.2940246658907153	1.6090012710475838	3.0304777852433187	0.9022793823855626	1.6377052320260075	1.624807728735219	0.3098186607275185	1.2846430709782504
hsa-miR-545-5p	0.3104079635109945	0.4690886174787178	0.36275515506765216	0.6006388603410386	1.2405684959546106	1.8215071092748665	1.1894522456485492	0.714294965511812	1.3561523197621834	0.37210112256072725	2.1424937282391667
hsa-miR-548a-3p	0.6866828601408835	3.821260221486831	2.1948654790625155	3.001399850616612	3.508169162711746	0.5661479095792397	2.075494218016446	9.45063254190577	2.186456349643762	0.7120268097310658	11.776945555041642
hsa-miR-548aa	1.3325938028998967	1.3699615517784174	3.446403200987177	11.638259940183149	2.245183664331141	1.3468278291440616	3.250065808523855	6.103497519954318	2.7478717370559638	1.0639656006882168	2.723928684353986
hsa-miR-548ad-5p	5.709457408144557	3.863769274362141	10.887309153397428	17.20021402214512	7.199631977533453	15.034850063236442	3.9711583653549067	10.674037286200402	14.297418084251811	16.593657249047304	3.453680359642176
hsa-miR-548ae-5p	4.498213933861341	3.9459303599704816	7.484030426047202	12.387862979967544	9.746077466478852	14.20814911287198	4.621564893885209	8.632940467010085	14.539005596162337	16.04858199413552	7.850299119922737
hsa-miR-548aj-5p	0.6539351453343779	0.43191125396874575	0.6920657179320275	1.6551431652255648	0.513618019510575	0.4335717182697315	0.4526911222637778	1.1847417855393494	0.567499667714258	0.12442970587189675	0.12553344671122424
hsa-miR-548ak	2.5859848956080986	0.5012245291200793	3.1105808514809223	6.838479234624646	0.23080339809073255	0.9896983472182097	0.4361583322521835	3.6964595519884984	1.0038703971625282	0.5586550971041719	0.00814046047217732
hsa-miR-548am-5p	5.266099724291708	3.1704638879533675	10.315298025178253	20.893525125919616	5.406179207062721	3.254648044453288	4.53784397314419	9.497919770928162	6.546911033688556	2.3839814793864984	9.098186763112173
hsa-miR-548ap-5p	0.3747907358676368	0.09495736823812645	0.5383628883382712	2.853284439011765	0.14476366042683284	0.2883555085869932	0.16825312531962608	2.069167105600689	0.20377648833405	0.6673162424361948	0.1416197640238445
hsa-miR-548aq-3p	1.9896209888304364	1.0563318203938095	3.9294804665556606	8.00917370010754	2.189170948726776	1.3222505506122428	3.242486076607825	4.2274005811951145	4.466764952923741	1.2499368173132743	1.460319843075614
hsa-miR-548ar-5p	0.6281817024859486	0.43129146576388677	0.5779521178597553	1.5062315502782415	0.48847936353299976	0.372434277648388	0.32047324574178576	1.027269125604193	0.46872667910482346	0.0644064506906083	0.10227605578317746
hsa-miR-548au-5p	5.100810732631284	2.9835390210180814	10.525747590734374	22.007399074738284	4.747990209481242	3.1668833765722626	4.151815214433482	10.49811499549923	8.46618289457646	2.256360816686832	2.5452068909357957
hsa-miR-548aw	1.5642224648229996	0.3002470296268855	1.747315923424068	2.0416945698180786	0.7196535663176047	0.3940500228897611	0.4345337448349248	1.8380161445836687	0.7366221178600583	0.5391885461253807	0.04810687872092627
hsa-miR-548ay-3p	0.3786878082438768	0.4310467403146892	0.7254925483207555	1.5962317600334204	1.2420453228180959	0.6445549414165671	1.5036642243789606	1.4844951817386158	0.9141296942006482	0.8328862367378802	0.18882358673972294
hsa-miR-548ay-5p	4.1444636050427395	3.0050338996207016	6.924294785910754	11.671418409630109	9.700866400734835	14.160926788278287	6.315806844646933	8.303062083980697	18.003667443893622	15.6521351050856	4.477304681863677
hsa-miR-548b-3p	0.17116932666536805	0.8608700412228507	1.5741152049406304	0.9874862244091317	0.24630639164781246	0.04448221366030389	0.2954086051791945	0.2559487967147069	0.074653236716816	0.08032388756501159	0.047116501338700906
hsa-miR-548b-5p	0.5116750411421372	1.1508606173441358	1.4937526900489664	1.3121233228292435	1.019358830365612	3.0644683653127918	0.9714656871572901	1.01028211127602	1.1826053001350856	2.5506205278693055	1.0890242606560954
hsa-miR-548bc	0.6880758658383337	0.5452286916728849	0.8827509446021835	3.5098812119435547	1.157902630779983	1.9118735548338865	1.1017152737620994	2.203249277347903	0.9820042100513994	1.125002861633533	1.3244649418249366
hsa-miR-548c-3p	0.11879960019286565	0.02031063652712118	0.6870222729330447	1.9070246220705172	0.22976109230574807	0.808515327226214	0.298290262176624	0.6101577871217979	0.3127097653546355	0.3716867980474706	0.10870507394653181
hsa-miR-548c-5p	5.365864090172062	3.4458093594798105	10.556403303567865	21.23025435230621	6.484053847175768	3.3296011803317835	5.6480871136532205	10.048827302195187	7.265664114343386	2.3839814793864984	7.503460565062578
hsa-miR-548d-3p	0.09218772534501243	0.03223572308401712	0.16842930956780713	0.21762508871729905	0.6446352263904901	0.44579597776852853	0.8985818095825356	0.35402312880020165	1.1039705527350114	0.045014695554462976	0.32772794457843796
hsa-miR-548d-5p	4.194334987654235	3.8933678337484756	6.796972031463877	11.505087295001633	11.270722465686317	14.022484566671118	7.445638582377172	8.33526367854239	20.2459433954732	15.64406728700683	5.604464574544433
hsa-miR-548e-3p	2.495793305175935	2.644279802900196	1.8458092528924606	3.9447637792551187	13.816118620865288	0.3903760952794361	9.021079810199994	4.471191171052678	10.889675583506602	0.9287303594352292	2.6080433526566886
hsa-miR-548e-5p	1.8073051261307578	1.5619066011409737	1.3039829594299401	2.9314740609517793	7.46543170386545	0.37342328796496943	5.0592264731652525	2.994646134819268	6.574922754133411	0.5574060558677532	1.505367593447026
hsa-miR-548g-5p	0.7039301843141659	0.43191125396874575	0.8315124662601888	1.9222789067665953	0.6771140936879222	0.44757703822886435	0.5949534645826556	1.4968828508448666	0.8268144655079623	0.13249752395066688	0.11843755567043143
hsa-miR-548h-3p	10.170807256457335	3.030116495822779	9.02423419336317	26.083138531253102	2.5086237909580746	1.7042756780309807	5.109446078557562	15.235080179682514	6.312523019111235	2.714437662898868	1.5472067242162226
hsa-miR-548h-5p	0.6439053570432599	0.02479152819436067	0.7727337699924447	1.604626257835235	0.28189267542250984	0.33007338323485863	0.228165638734202	0.9207229570512684	0.43383451529810924	0.10301524941353464	0.10609736327713203
hsa-miR-548j-5p	4.349322948581401	5.988540337066432	4.261571815830194	22.4099428492645	11.031205508651182	6.703694067448838	15.533010066473471	44.10789292639856	12.796295483245549	5.183754398462633	52.776304924317046
hsa-miR-548k	0.6263692402498957	0.3172049293234708	1.239503264748136	3.284401973095904	3.0070617013668484	0.7369832667639683	4.5262266406707035	2.5491087136061528	4.598923985282435	0.4417088099950196	1.245699874652186
hsa-miR-548l	0.5536822676663621	0.2746089411005505	0.4577116981656589	1.339026762616729	5.779645098189005	0.6382741180880733	3.20503249783668	1.9519120110744688	3.611925957032513	1.94420259715637	1.2758796442608795
hsa-miR-548n	0.4425641881598599	1.008936116294577	0.6685516794693549	1.606364072595387	3.059720335833156	0.7115826309725064	1.1328160306654789	1.7893908924931015	1.522401648269129	0.9508354544345424	1.1591384668619855
hsa-miR-548o-3p	0.9834465939410764	1.47999273154868	0.966086151964078	1.3773718465087277	0.7788647945009473	1.1593355764829032	0.7505502642431819	2.45533815853735	1.640087427517677	0.481292783302054	0.18446849126438358
hsa-miR-548o-5p	5.365864090172062	3.446429147684669	10.570316155281054	21.258803844042728	6.503621630762974	3.3307371895952214	5.662319607911333	10.070010796330877	7.278923674933005	2.3839814793864984	7.503460565062578
hsa-miR-548q	2.177707301672839	0.9263189487489628	2.539836341670243	2.9948522063834107	1.6407839254221304	3.248718987745028	1.5415042145041749	2.475308520320065	1.1079325524713435	4.3087940954496515	0.15744179664073651
hsa-miR-548t-3p	1.3219237490145692	1.3712011281881353	3.4387175719114054	11.599839146442996	2.2209863942349974	0.759371965254966	3.2441563675261302	6.042416091622316	2.7331720334285996	0.4907626482954033	1.8009303131102765
hsa-miR-548t-5p	0.3352090759137566	0.11808362240730699	0.35597988124464325	0.5207234846366983	0.9743146047067232	0.17984100883124637	1.3379080875529896	0.5962296845157733	1.3784083844579296	0.20294022709207962	0.18133669403061378
hsa-miR-548w	2.081625152885551	0.04342253747377935	1.5834209977074376	4.595816149389931	0.5991439515055765	0.01052098005396105	1.8871387519306364	3.3166559434000518	1.8131508314011977	0.0	0.2634772030756169
hsa-miR-548x-5p	0.6397853366870118	0.43191125396874575	0.702435500683447	1.659601593244249	0.5183721692151035	0.4301381451453796	0.44052882405050553	1.2033810777092426	0.5692724676139487	0.12442970587189675	0.10037371229297087
hsa-miR-548z	10.228607223907987	3.030116495822779	9.057143257680666	26.128406105953022	2.538728642165763	2.010427484565912	5.176024162863622	15.291076173012598	6.358583092718102	2.8755362352384304	1.5472067242162226
hsa-miR-550a-3-5p	0.25278479636875606	0.21643578443876046	0.10356324913494155	0.16264844529269018	1.162538100308543	1.8491621960981162	0.5167531972418544	0.4691173607576023	1.1762701346939581	1.0624695219601397	0.12852991450427936
hsa-miR-550a-3p	0.5766054250539384	2.9620325173377484	0.2599910874001771	0.6807139053648725	4.312467551340065	1.3284272185163615	1.5394287071220207	0.5644184755712763	1.9856046416137794	7.21198729903508	0.42300896136583055
hsa-miR-550a-5p	0.17796107344673548	0.4513646383744372	0.1523034381453598	0.1659258082598189	1.3199665343781748	1.9435450537228331	0.5639808364527147	0.5433699072677033	1.2595522443368634	0.9173872077135214	0.037226925800424006
hsa-miR-551a	0.0628391071915335	0.31056229200575214	0.3543619951617399	0.4749614747382035	1.7145600831571413	0.015434465617365627	8.566547103771963	1.1649120974713598	20.344930353386058	0.33877230834967687	0.20307471949632266
hsa-miR-551b-3p	0.29224711686423455	1.2054086383001488	0.06813446270073448	4.4995344898416265	1.5780652188093527	0.001317447014237652	1.1645466379320717	5.041422081895576	1.1285690730611546	0.09118147484211928	4.47329555369255
hsa-miR-556-3p	0.09087562476454303	0.016114493326334436	0.06356059707304436	0.013818985740855196	0.09258465776205736	0.04323381480931354	1.243563656400408	0.010935997930621985	2.3872347980696103	0.0	1.5400175488463055
hsa-miR-556-5p	0.07711648936006418	0.012076496774596301	0.016750446211274393	0.010948442318033111	0.04669893061613887	0.024216830029147075	0.35109678205570966	0.013451882952895256	1.4788135708841255	0.0	0.3949909959695649
hsa-miR-5583-3p	0.0	0.6928179224056642	0.09622420452008704	0.0012530594134762692	0.3217327104600089	0.9045190445962218	0.9652362244104971	0.10543546095428016	1.7884321529413947	0.38419621087945705	0.6131563648041125
hsa-miR-5586-3p	0.034988802415042604	0.003098941024295082	0.10584501865721724	0.0043188274887807	0.02979526992334817	0.0	1.0487917153989301	0.09629448587640319	0.1692396883412375	0.0	0.14049179653866106
hsa-miR-5586-5p	0.16341574100110354	0.5519892517288382	0.5935255773000914	0.014538164620699161	0.03373064115514582	0.0	9.22329715361647	0.638010745397098	0.9554388452435277	0.0	3.4194745433818903
hsa-miR-5690	0.5094201089460946	0.19989704759589738	3.5153674654870923	3.6286850475192174	0.8162825526016272	0.5641511473201182	2.1625517027199708	1.1273618612629226	0.5386707425150468	0.07574117332983041	0.03432029775845128
hsa-miR-570-3p	1.6808959248954325	0.9503728532818428	3.2670989908395236	4.4967843295653465	1.0554211196905448	1.6630291286293881	1.989063036658106	4.224614927846274	1.1263143209158544	1.1107826953570765	0.24298310884900406
hsa-miR-5701	18.316853516033067	7.164934567890644	4.348747091322321	9.004844312198847	4.160515643664004	0.0	2.280697405349571	16.65159029803354	1.856991955112617	0.0	0.042658414444101615
hsa-miR-574-3p	22.030445950848108	15.407646205249225	11.563973626727583	1.6930975511934148	54.918917297945775	13.986886679410647	322.3249657727458	17.621574530209564	85.89058716360849	34.329292511630165	41.046053983878494
hsa-miR-574-5p	6.93733021752956	6.412575773651264	3.1202079101582325	1.316445362587261	2.0561341233493637	7.27288602774535	78.67902748194736	4.517851001269024	7.599704894658759	3.2274609734383475	26.382742115019663
hsa-miR-576-3p	2.497493138457237	2.175302307191365	3.591227111347345	5.307442552470685	4.0822968288541945	1.2168361766309048	3.8476366653201852	5.896662628320026	5.8326785876190135	5.201845762508403	1.560131283144505
hsa-miR-576-5p	49.6695504948725	24.368611359753817	45.06415417902801	106.3742211332337	81.44212139368311	38.4630508971997	54.135124011720706	75.56682946761627	51.99143846626136	55.83358867341612	14.160395887285082
hsa-miR-577	19.966807633330948	0.11578645281304614	0.13886178187367224	0.7829440797424531	5.975169555480661	0.0	0.07350611535290648	0.40525214024435596	0.16619326625908404	0.0	0.0025836748450891534
hsa-miR-579-3p	3.165393252652933	0.23591894874937241	2.499512257379436	5.562946495573668	1.632761373348348	1.665701769026613	0.9561690756561212	3.2238737351632993	0.8909392027536618	2.2420054270273	0.4255030170106681
hsa-miR-579-5p	1.5509825861966025	0.12553677957588727	0.7248739815748618	1.2084537243874844	0.7180143968535537	1.0857901186601249	0.6987004695295809	1.3303193945160783	0.43440536051379997	0.5092563877133919	0.07768863312755361
hsa-miR-580-3p	0.4524946378462189	0.9240783942089239	0.9467803956534838	1.187132429403112	2.143982263655755	1.159849532050499	1.583900322000164	1.692851954712608	1.5994391473668255	0.05407718473013727	0.5919329352517898
hsa-miR-581	0.32104367393267264	0.13476249597944284	0.36289080099596227	0.5443898652718349	0.28799008133220616	0.5665613184983292	0.6210781024130514	1.1044918911201975	0.21936796074095108	0.0	0.48170430851931234
hsa-miR-582-3p	5.861769756526854	1.8343482451488469	2.700151133057228	0.2115085327045511	8.457122824250694	0.019318402506690334	38.87775280113723	0.8535895154978069	75.75466144907541	2.6950414916457084	1.174651270178963
hsa-miR-582-5p	14.60349819269259	0.3959810440683088	2.5743067571041944	0.20055011241191847	5.848971348099551	0.11752228947361595	27.586482487742742	1.004855453038719	63.38571510529819	0.5420428925679519	0.4311477619662562
hsa-miR-584-5p	32.88907599354156	2.083431666816259	0.60847020992809	0.8266361555604864	2.1523838160525623	87.77913977423415	8.293954229940665	2.6289833266658804	1.6181446366563759	92.0783838556572	429.9414677340742
hsa-miR-589-3p	1.5532625371492137	1.898311702275613	3.0712660851357647	6.947709499560269	5.34861833754374	1.3036494457405539	9.094975788237267	7.5830409015708655	4.416598364143526	2.0583484051321723	2.313636638214918
hsa-miR-589-5p	12.456637677980126	9.149562472583737	15.01603877403274	42.36358819168931	26.804280473285136	10.163653135397558	29.771808218215334	34.49557588979036	19.68527492052972	21.86011424020564	9.695937069853134
hsa-miR-590-3p	62.960353405668414	51.989474043342994	112.32223072103245	224.38625548057755	126.70162154885523	17.526381747512524	109.68240816933441	153.65407302426448	161.5380638174206	8.506387404501687	56.777850001516164
hsa-miR-590-5p	5.720954961301553	3.736343185151695	10.453415312166367	23.67431630338719	14.736000753963157	1.979090641412654	16.177375539180243	14.947299805253351	16.231781519297375	1.4002710128261664	2.3167424564714074
hsa-miR-597-5p	0.16924198690448083	0.14232125688450883	0.14807785619852207	1.0573799595905964	1.2193477806930415	0.0	0.3339188041212966	0.37692952126375845	0.22719500194720801	0.0	0.21711140960059797
hsa-miR-598-3p	53.317436645300056	12.896660340155679	44.394248077455714	80.37462005180211	41.46015480888334	8.687983735262765	20.937921958698436	89.66958313321285	9.474035580494158	9.963206785312087	12.46487015612109
hsa-miR-6125	1.198537710805452	0.15468795953132947	0.9709896733858389	0.2691655501166497	0.21092141168174777	0.0	1.190891834231221	0.10042429699773815	0.04147175662112056	0.0	0.02940737994266229
hsa-miR-616-3p	1.2534371782412148	0.6035845796705179	0.7686977779737172	1.6852186635202884	3.1606411446612945	0.335699569163593	1.585961341891254	1.9886683043465645	1.6088918037999822	0.43194144813007196	0.4713315378922517
hsa-miR-618	0.027442644135282728	2.788685387755577	0.20530785253979017	0.04250177664150809	42.39390084807288	0.0	6.576611413228509	0.6246694899546983	18.978789385268257	0.3030770912511772	0.06826756447791774
hsa-miR-624-5p	1.7094594265056378	1.1365655861104822	2.448776176624149	5.18430981264469	4.528831878078352	4.116358686654615	3.7661783245051814	2.859889469056254	3.43390069251431	1.9947792875201233	0.5453904980725118
hsa-miR-625-3p	221.28063637997278	52.799226474663705	124.57920905541539	184.1552152761583	93.85127567486539	28.10715079762396	55.75976912105015	102.77513323050509	27.4278466878758	76.7928830049642	178.43482431330213
hsa-miR-625-5p	160.43153162043993	31.11509625847651	92.00135299717226	109.62898065141668	75.1690780133306	10.047047056895432	38.85009784180705	102.08395762284108	51.538181922803105	5.140017379644392	66.66575820890516
hsa-miR-627-5p	7.633420667788138	2.5035299199744494	6.859190634182475	11.658419942739167	8.966010133732691	2.8996147880477805	9.406135778148933	10.287847201396726	8.304301423960213	3.5325314837247097	1.3298334473502431
hsa-miR-628-3p	16.7684617932664	37.22292969014599	10.68421689809199	16.254200796044238	177.0097799944235	20.310732413469296	53.12910092696822	34.603567868260306	104.2576763315217	17.729335030268764	72.43445923774478
hsa-miR-628-5p	6.841656041686115	19.13871600192996	8.908614989801642	13.970639062750612	210.30815467724483	3.0571840617604136	72.49830325492718	28.66147301762976	138.72831755978822	1.4295020238746345	22.892488465464748
hsa-miR-629-3p	12.553658388627674	0.49553723281807105	3.016625146468691	4.033411808091447	3.6651751246642785	0.37073754671191544	4.444667216460911	3.3248472716099684	5.225480724251943	0.9174154114351151	0.2228719791140536
hsa-miR-629-5p	149.69156976853182	106.485980269064	72.12417179331435	88.46002075554739	164.99654131501782	111.20824736627843	152.17647407646476	90.6334395435686	238.326757218786	93.89043757904574	50.576015084667524
hsa-miR-636	0.6429313721924879	0.7727885320963581	0.48373759950156137	0.8169648953903784	0.23874377030755642	6.841311280941511	0.559530559821905	0.536604048791617	0.6927048206567525	23.019309738482157	0.2416654760712766
hsa-miR-641	3.3215040293429916	0.22864098106767577	2.3374684204027507	5.379998713925896	2.955474555424108	0.945396619383946	1.8604223106899345	4.279479169607291	1.7299149968809764	0.9596689764908455	2.0799328051321626
hsa-miR-642a-3p	1.4818657450315817	7.916311884755171	5.749739916735323	22.573719152201615	73.529021774962	0.0	0.05159783978962721	24.022648367979624	1.0158478422548647	0.8287744560942201	0.01683524054317891
hsa-miR-642a-5p	7.297366037851261	17.604794839676686	28.01002628719009	99.14130643014083	246.851859364076	0.017804160890184113	0.2340839678669115	132.22476571667508	3.449417794475819	1.4043153050824022	0.21480208986649246
hsa-miR-642b-3p	0.25570001990742613	0.15712251601913077	0.6013370538686645	2.631078728858875	3.069821023682371	0.0	0.004408903245223563	1.8957974066610246	0.050323816072581476	0.0	0.0
hsa-miR-642b-5p	0.29005440863106186	1.668356753902683	1.5643352227394858	5.327057698630288	28.55739076320745	0.0	0.014344861984658348	7.883302623444278	0.3991308380121853	0.10694651434532357	0.07421632274235133
hsa-miR-643	1.3600967203812049	0.2212337628065408	1.7666151220156154	2.9426681566512065	1.5280953325066446	0.9725253217957243	1.9442834365720847	2.1516401031379178	0.9262064057273988	0.16739039872208383	0.11317904231403253
hsa-miR-6501-5p	0.9629262844185289	0.5417154780437171	0.6863326721501536	0.7923315852282892	1.8509579766095308	0.35892690887386985	1.2067456717248453	1.0344273623993732	1.6934663011988613	0.5058155318303923	0.09751241141123201
hsa-miR-6503-3p	0.269871465924405	14.11416260962226	3.271283685667076	0.11647841706562388	1.1347479512881402	0.09742300321657513	87.04735001753944	1.659160138850619	0.17708828298139404	0.4339033409458078	1.0534029766036845
hsa-miR-6503-5p	0.049093957807733034	3.0532941155540074	0.6900936883828985	0.05985597407359422	0.25000554941574143	0.022012967717230644	22.99605115580292	0.31093371292920685	0.05692367600901735	0.0	0.29364246144424927
hsa-miR-651-5p	5.468202536124182	4.831550906347787	7.74765486426752	17.93461473485163	19.24567413994097	3.3791757886765788	9.747747360165631	9.871355265257746	9.339049296565072	2.1175234587892726	3.257204422116105
hsa-miR-6511a-3p	1.9183945313920487	0.3141098170277804	0.9790391610525725	1.1098581830438674	1.0785697727420889	4.687396834846587	1.797793223604234	1.257586266945649	0.9320140713861284	6.640792719217082	1.6458173599472223
hsa-miR-6511b-3p	1.332534217250859	0.5136581316405016	0.6276388134743872	0.6800597977228543	0.45075495886388683	2.693430090854686	0.8453850262943866	0.8096752458216699	0.3896693684967936	5.421099844448849	0.7591548307255571
hsa-miR-6513-3p	5.730166858449211	4.155644748228852	4.790722433175726	6.036917854405049	8.462350459242549	6.212303506396172	5.739542106096574	7.98136130205065	3.7101359016749487	3.0852850158042573	4.2822544717558095
hsa-miR-6513-5p	0.36903903300798163	0.575302649930774	0.4235368843354315	0.6885524739622395	1.6045665169451384	0.21211619809871024	0.6752438288247252	0.9335708717063992	0.6327416479621317	0.10361991706381084	1.081397097034237
hsa-miR-6514-5p	0.5719433970939686	0.32283065638890607	0.49161608146026153	0.6666998636611117	1.377383859129142	1.2349663347263375	2.65908310856895	1.2869227245497423	1.0946776782997256	0.5010117749740836	1.2416209201362167
hsa-miR-652-3p	13.615426416201654	60.81204686624355	9.372240156165295	11.695858252813156	114.07867413179	28.564194908913784	49.5516384820772	17.23244800235289	47.45839456503474	31.080725314594297	24.981759090256432
hsa-miR-652-5p	0.6113803530978745	2.298029959227692	1.2168339255663259	1.4772478680308656	8.866002397014162	0.16158436167594503	5.541221478365275	0.7760578283144923	2.8419890375632715	0.44827036421921174	1.4690973045304812
hsa-miR-654-3p	7.303389080595893	0.443084242338531	0.6844107665040304	3.4173174354289078	0.8716411491442579	0.04332297850849332	1.8440498925300046	18.380459516104555	1.1124936153258491	2.265859822875986	77.44149516998264
hsa-miR-659-5p	1.3344342472657824	0.14667995911907125	1.4559108877550142	2.408985855081882	1.1377630430440426	0.4622479797713286	0.6872309843070277	1.2033196527655698	0.5969392530605496	0.8610090613142868	0.684713025434522
hsa-miR-660-3p	0.34983157057490266	0.026650892808937728	0.45506183492519925	0.6359671325574302	0.6856550861358762	0.13765158108607964	3.187865697216527	0.7772230334309634	0.3534368312274735	0.38371187385645306	0.11718903078812232
hsa-miR-660-5p	103.5176144977666	51.20905250211197	120.23166040954408	187.04451525952962	73.00136917141636	140.13572746066956	484.06392521601026	162.59734359391354	71.7422621852986	313.36776915251187	33.23377221520175
hsa-miR-664a-3p	27.43567459747715	6.3637400669824515	13.278240274981297	25.04738456895433	28.184155509955843	1.4295195873263171	9.535552573878418	19.237450212879573	9.496108812482927	4.469483080073361	7.150517979401896
hsa-miR-664a-5p	139.56814487556431	70.96190537983338	40.89267946330538	58.89343256779437	68.9060336384736	17.633590620521108	32.45939466013955	89.27123371005517	36.258186942564706	15.94758634857331	48.04926841959306
hsa-miR-664b-3p	6.4515984814613025	1.4067112127651704	3.268687054530933	6.103998084567596	6.008056463642272	0.5155272097993524	2.3339780080750794	4.5459271532335155	1.4908427493264549	0.909382708163006	0.4028204972356523
hsa-miR-664b-5p	20.39617032509288	7.1586892384818865	5.400758192353582	9.097031888855808	7.2570125420569	3.5996162488425516	4.450069697183534	13.311757252640495	3.2260896507004757	1.7943913118802262	6.134652562897624
hsa-miR-671-3p	8.71002248106896	6.397445452863792	6.659877106379458	15.936121696667	14.994260659695804	0.24041826431937088	19.461012234620537	21.179598970909954	9.234768352721098	0.7459297219583395	15.004343698193765
hsa-miR-671-5p	17.47400735409245	11.013197056536312	33.83429984707183	73.63361546950456	17.942252881144412	0.1436621269785589	51.823059431489064	41.50463808579891	8.470644385068509	5.609110491735973	12.821349292654771
hsa-miR-6718-5p	0.01691570382516722	27.347799287104465	0.3915493134687713	0.01646195446419561	0.5529213528661684	0.0	9.276836705916569	0.2500769710434029	0.05212871786122521	0.0	0.3167226073486419
hsa-miR-6721-5p	0.09680566146018663	0.3810157951410567	0.007492112701896708	0.00805048502018914	0.030566555731328018	2.739191189751125	0.081475802261813	0.12259854227447398	0.08204927580982663	1.681538795337391	8.971142867329041
hsa-miR-6724-5p	9.48607114558876	6.597129526680719	3.784851578265785	7.977258665153509	1.395450583065413	0.08593322988073485	1.1386242329829441	3.0459245267140114	0.26076135852364196	0.03521106148821979	0.9471511266985497
hsa-miR-6726-3p	0.8973523984759646	0.2656927677272906	0.49211024942076703	0.9203493543016854	0.9920730311245918	1.3156311247567631	1.292242552632279	1.5636880558416326	0.5009073934844532	1.5663992218072793	0.4809526635777818
hsa-miR-6731-3p	1.9988127852938606	0.028951359000159983	1.8848277638288586	8.019237141218296	1.474583355539258	0.014771363895982444	0.3299741861237656	14.479250871263993	0.29605432243709817	0.07044523104358114	0.0
hsa-miR-6731-5p	1.3934152876207728	0.712273127654299	1.1225150255516925	3.1255944430585325	0.5282928741386452	0.022456197194901592	0.21488513724273137	8.415416231680217	0.18666041068958397	0.010084772598462678	0.010189781519564262
hsa-miR-6734-3p	0.6100336853695493	0.09744392589284498	0.29684318447951524	0.5327485900824865	0.6559117857349624	1.947422878229438	0.6512688038075964	0.8259930754602761	0.44505340244703595	1.320985876843808	0.4203506800638936
hsa-miR-6734-5p	1.6949708486432864	0.8080602147580674	0.5603455980571805	0.7774246896798437	0.9226293089276033	13.68501165325247	1.6483071779471397	1.794071362962393	0.7765773198955098	10.146727276047933	1.0065079697908679
hsa-miR-6741-3p	1.0764635932812785	0.3224368458496387	0.3848014518248898	0.8814926482388681	1.500276518263988	1.5754863154814915	1.0237808080628712	1.5834746906904755	1.0008795458251711	2.447369357731109	4.653691507282664
hsa-miR-6741-5p	0.47313122703515165	0.09230391488426043	0.20802423312604582	0.1485463859456568	0.03573047794336685	1.3201648551685456	0.21107161173561734	0.1760404042215113	0.03470641362264038	1.5189332132895228	0.8036913803480275
hsa-miR-6747-3p	2.2010340990679436	1.0201133538831857	1.0320484580379357	1.5517039055535855	2.6501808170465626	3.204722853284813	3.592229172105533	2.347618129051601	1.69981986124348	2.1489029936057658	2.551221742148142
hsa-miR-6750-5p	0.253362649217145	0.022564961914043134	0.1753458506659961	0.197359440849134	0.04486764195029662	1.5752838055323095	0.14525377493350164	0.1043905587067923	0.18354600379717392	1.443622294492061	0.003616397391299082
hsa-miR-676-3p	0.19939411046793395	1.4019086520026203	5.9227146881396004	3.0413078125239936	0.2560352230876401	0.0	0.14922166000699338	0.4103395997698172	0.03486530580535416	0.257210917230411	0.005167349690178307
hsa-miR-6769b-3p	3.9781768410715523	2.761100906071681	4.977651994721948	7.46529096573993	0.742662893603644	0.10665500812296345	4.33554851638817	5.134188436415559	0.7634660599274762	0.0393771329851882	0.19745458500145852
hsa-miR-6774-3p	4.812322950707483	0.2510545592325078	0.5428538645904987	0.2668943564008837	0.08647583241739724	0.0	10.737473587193723	1.8103075420985089	0.028663991874054943	0.0	0.33314737683304896
hsa-miR-6780a-5p	0.41888465286117965	0.5112410171830278	0.16481602175463048	0.21661998993041115	0.3156425691932924	3.3770364189850914	0.2532642226300813	0.4665460239750088	0.2674869775872049	3.5159893028213403	0.6043332946192763
hsa-miR-6780b-3p	0.8839825959051184	0.610512184209015	0.5918528967697991	1.2183977497774778	1.5811044668210132	0.22715262271680678	1.2495121697490132	1.4828109322917344	0.5441009879545389	0.29796093580372407	0.5220296875667488
hsa-miR-6787-3p	0.05172159302473699	0.7137125861478884	0.034063055973033364	0.1304312463054353	1.1762218276084087	0.0	0.8091656287317893	0.33898259353721427	1.451748454151526	0.010787567975162702	0.37991811120469876
hsa-miR-6802-3p	2.4242556910508792	0.30856204975726226	1.4852260220283227	3.226410407136655	1.693906092411181	1.2558597189928362	1.1996296268399167	2.3803498508406102	0.8443879240396642	0.6985408245349329	0.3505359178680245
hsa-miR-6803-3p	12.334107131875397	5.364283323733289	7.592183826961143	12.775920050979376	13.423362081758718	11.316937897357057	5.87004315690685	13.312662386563472	5.593999982837387	15.805825585896184	6.612377614956433
hsa-miR-6805-5p	0.19912038055611442	0.0	0.05409913265821548	0.2481126719177911	0.0499348379471017	1.6280763704242023	0.09044204663579114	0.09137933224217448	0.10017415452688118	2.8968793433284827	0.06440412542387346
hsa-miR-6813-5p	1.02345690217852	1.217060835718024	0.24299926659149654	0.44497331356635184	1.3718875297349933	0.0	2.0783862847938264	1.1677219277394484	1.413582889457929	0.9785206534558585	1.6835890433519132
hsa-miR-6818-3p	0.2133212559651913	0.2550457884489288	0.15233543825896775	0.1743430151048994	1.61394738424887	0.8054008922940911	1.3894547905076446	0.41098646773917225	1.3339693837076747	0.16149863048207916	0.22425662072986555
hsa-miR-6837-3p	0.8471909861772748	0.869546554012001	0.3165876446596056	0.49730472777426993	1.1465024585954728	0.05270798954290225	0.8469972541470308	0.8918214292328347	1.174251319480549	0.05117945637930329	0.4745842923625464
hsa-miR-6842-3p	5.777758839829675	4.201171396853866	2.5303567473130544	4.505810219029619	7.245817350787153	0.9631444915782843	10.949002231178728	7.160099442342271	8.872621775226254	1.3242880859600257	3.955534622668136
hsa-miR-6842-5p	2.37980332537851	1.9856009541311266	0.5240910741294762	0.584140346263792	1.6476966563538682	0.8695232214834021	2.524839908469522	2.4612403208438054	3.506568052820449	0.4268146764614368	0.6148034417398962
hsa-miR-6852-5p	1.8197920140239865	0.43379600147407865	0.17416005963084885	0.39233535573197026	1.0429918889990903	0.2758109751311228	1.4164433010358908	1.1710395765602775	0.975958227432434	1.1734624595034457	20.833170322038704
hsa-miR-6855-3p	0.3851171079188526	0.18360690979643865	0.699666072195372	1.2583525244500977	1.7616469315197536	0.35935062892099623	0.7004086499411948	1.3562079858470855	1.412701319497953	0.3987003807958186	0.6171191198764041
hsa-miR-6859-5p	0.7915099624147701	0.5447321394757032	0.5304597132588827	0.4137968872048216	0.32497009475230865	2.1797637765126097	0.6680630158321036	0.6255615223986545	0.4134688266524379	3.6926258172174746	0.7756413811621375
hsa-miR-6873-3p	1.2021135469729936	1.2613125815613286	0.9577990836150942	1.452590557342869	1.2860933685295068	0.7392310586576148	1.432916325303079	1.9983928541114524	0.6189075839010797	0.5589060921440392	1.318577901775685
hsa-miR-6881-3p	0.26171127407334266	0.0924273921051391	0.0	0.07259911126542165	0.2377864258696212	1.8409233859158705	0.005542123939081759	0.1062850535455581	0.03712464810379735	1.2786523977016058	0.07564883010532557
hsa-miR-6882-5p	0.8118745043970164	0.08489612312004845	0.5568715313441397	0.8548314749136134	0.6966210029647605	0.33505326127099483	0.7684159454114334	1.1596523667181133	0.6362896906438162	0.04474158207658453	0.9190089666093398
hsa-miR-7-1-3p	42.747432266949176	22.530540054192333	73.32370435068044	79.92570619890397	43.88255855811836	2.3752501107185773	39.036262760360316	77.2854085789222	32.158894048356025	2.89192554548518	3.8058310498541483
hsa-miR-7-5p	337.51810350730597	275.0460930062745	482.8649605646651	868.2181729671682	250.85077791360547	603.4149866921455	498.73250570596946	1139.1301543729376	719.3372777311263	533.8490953457979	120.26394954296957
hsa-miR-708-3p	3.203372887136747	0.1195724776230377	0.19228263395528358	0.15455627512568418	0.008826033879298447	0.0	1.4330196002219382	0.4712900596927217	0.02445064434351929	0.0	0.0954194068257953
hsa-miR-708-5p	84.2750519375823	3.0100273660574612	5.189422467710008	1.5783221021186444	0.32954249678155734	0.0055129768547185825	58.013661099320785	16.757747307479693	1.0428485817144866	0.0492098523484169	2.7261055600559088
hsa-miR-744-3p	0.07219264629061022	0.012395764097180335	0.15397410851476032	0.25625389587562925	0.5913543142311908	0.0160997236117093	1.395652959003735	0.4980555115602986	0.6406010077703901	0.0	0.1268278981879917
hsa-miR-744-5p	99.37511251658644	190.81533802190913	40.12117647745167	70.09848530260908	395.15392327712664	72.24312260433948	441.6730063908593	242.81962373018067	358.03466958975747	89.92639164284653	627.7540641468639
hsa-miR-760	2.288895253390754	0.22673416690112277	1.5444324237865374	2.5638803186176893	0.16835150488940043	0.0020951213766248096	1.865465617450661	3.3406603293812993	0.05464423467739743	1.9679525157281788	8.864742171527643
hsa-miR-766-3p	7.424004879841603	1.3817587149089883	4.583761947355809	9.177407908646034	10.239992548401768	0.07790131203314445	3.8892247839503167	9.121670193560128	3.618647507158273	0.9850480468212564	2.7020514408552976
hsa-miR-766-5p	3.6028810266228324	1.7024752962603054	2.1662526995877607	4.070309155555212	2.029024142933633	0.0876759600016078	1.7583247623848868	5.983693929266832	0.3750557081457089	0.21505319208917145	1.971391595354364
hsa-miR-769-3p	4.003886406186018	2.6233764380003524	4.470040065450601	9.124790512567376	13.085005638184894	1.3308975452976826	11.002639374629322	10.739034965255316	6.189315753852304	2.6769030935333773	1.449388813830544
hsa-miR-769-5p	45.92659749894905	35.08254034213149	58.78703800826858	172.4858566803399	247.73618599816908	1.8331012569459746	58.21283315925771	85.8782144649258	77.5143819085041	12.444055887414267	19.823286784391165
hsa-miR-7704	13.292164066682188	8.681210706791981	7.068067483541508	10.429697544635177	4.456196621776393	0.384135749595294	2.197737978152647	8.017562840252221	3.6644175023854824	1.3335092457837359	0.26740795154212377
hsa-miR-7706	2.777421774528684	0.7664248432905494	2.224703309537609	3.7337578152133557	0.8798850631066428	5.582424176297336	10.033014294140663	4.300333269789141	0.9910887839048806	17.80171439641952	0.5762035672058914
hsa-miR-7845-5p	1.8004326805366186	1.4314997859746728	0.482478640169484	0.1373202653523361	0.7013665416757785	0.0	0.983969832603229	0.13433787573238032	0.8016198953904117	0.0	0.12018715100137367
hsa-miR-7847-3p	0.40980939282892587	2.629276272256534	0.04835697255162879	0.1266697927931895	0.971564621532438	2.4839448110688775	0.156989975771033	0.09263394840751123	2.3822992740977544	16.553946028246607	1.0795413259865487
hsa-miR-7848-3p	0.11714417800019475	0.009865645534429677	0.11333945460265267	0.11527289796514355	0.5983348461006827	0.0	0.772858876507323	0.38163208905945983	1.1706109767281085	0.00342400415920633	0.8678764008165527
hsa-miR-7850-5p	0.10368623053841072	0.1281606544414659	0.31721455979992164	0.3156709638985257	0.9885503371425736	0.0	0.5087951166508058	0.13616036784022922	2.90734355705403	0.008952622008123249	0.0
hsa-miR-7976	1.6320479820527998	1.623481909738128	2.1105070119305096	3.1065803439349446	3.5060659874816524	16.323782493252143	7.229075110090758	4.864986645449313	5.3389856647158656	12.551390478703233	1.3201946478838817
hsa-miR-7977	39.29955856590445	9.433031705869551	29.905104690776515	49.07982747468885	38.268603629892496	0.17494548180052055	73.28290337645396	51.627785027130805	14.449866511769427	0.27844351779989734	3.2192486385956993
hsa-miR-873-3p	0.018860164307811546	0.3820596634936995	0.010355287203315553	2.2172538081828574	0.09246847535902854	0.0	0.0964176875102283	35.13424828684649	1.3070014024285765	0.2486182788144336	0.00882851827467317
hsa-miR-873-5p	0.10134410725243735	0.9339543713736532	0.4520330996652862	31.718134279377935	0.4777947951674099	0.00636349279861083	0.5649472058698776	398.49666116305923	8.564618564217382	0.3247777599522476	0.29553591380990246
hsa-miR-874-3p	7.684104138392485	13.82770207043077	44.426777331861175	43.0657112070623	10.334277811635333	1.2610255243761952	2.6794173677675777	24.293446883126688	1.605388967606004	17.63792211955886	1.1203315965656764
hsa-miR-874-5p	3.1044996794425512	1.9650546087970056	12.9291104961215	12.883827949735014	3.151131583892958	0.6616347197904291	0.9918170033272177	8.18327089087226	0.7394420555601532	0.3020744723591776	0.7881906622018817
hsa-miR-876-3p	0.0	0.0006197882048590155	0.0015541604551341471	0.13289472535112498	0.0	0.0	0.009474779703118217	2.3496381825804584	0.06703020202542206	0.0	0.003616397391299082
hsa-miR-876-5p	0.0	0.0037187292291541003	0.0015609120500265567	0.9164904794674007	0.006911140229947244	0.0	0.018969810296335335	6.132263410456096	0.24767357511461288	0.0	0.0027122980434743133
hsa-miR-877-3p	0.660855649852125	0.09856622106793789	0.3770913641572177	0.43496453531531876	1.0141033206930172	0.48958197306214607	2.835464267487991	0.9677193002104232	0.620586404283193	1.5524466394058565	2.394016548307757
hsa-miR-877-5p	3.782292301550278	0.35604119743234713	2.28538890738656	2.7048331917224364	0.4972643514385282	2.3824586948504884	9.770034621644985	4.852589717878967	0.6444513826221	2.122685414671791	3.30763953698758
hsa-miR-889-3p	0.6030389625220569	0.09313848631616498	0.03824210868377295	0.28957673547786833	0.05778082973361351	0.007393413191429351	0.15354483744369324	1.3458908120667534	0.16439165367186798	0.06916049299767395	17.345008491646855
hsa-miR-9-3p	1.7964838411436572	0.47287196138147636	1.948084338755487	9.448564460499764	0.39323423395332446	0.04924823450662763	8.662169849936024	5.776653586640464	3.034350330425362	0.39034040174083884	1.403992694353519
hsa-miR-9-5p	22.912239169278443	19.24641144177386	19.84815134906895	89.9915640161037	7.098028271040796	1.407005905567652	75.29174639803149	65.865264034914	24.33046091807588	7.021087384593945	208.1893775193551
hsa-miR-92a-1-5p	7.5713699549700815	0.7364515954265043	2.5612629888246348	2.9253391352767455	1.111756924489074	0.26401427289151685	1.3126263904124305	2.8500647555853216	0.5423579242069565	0.7351789259421542	0.2641874014411825
hsa-miR-92a-3p	5773.100607483309	1975.7105359911207	3986.8526455905885	5957.941031435704	2493.428878746209	8231.352651639132	3149.1757463551153	3474.1569214725037	2153.1916846181857	28769.27778257614	2042.8410131854703
hsa-miR-92b-3p	2.9224853338085035	3.9116774180722995	8.629505563819897	19.034602490147932	0.7734871161420839	19.235057933770328	2.682204357192398	5.0329184809410235	2.431181839089999	61.33672853363663	7.364326579582626
hsa-miR-92b-5p	0.6044342266644137	0.9291789207106961	1.4254140522395318	1.9867400153684325	0.10669301269233537	10.610422801055734	0.32086470110705023	0.5697208476327562	0.23807193419406555	16.67980379679262	2.016921111177505
hsa-miR-93-3p	9.232266903585636	11.806763006471742	9.454116358348308	17.393095297483637	109.49948109175749	16.819970016142005	70.38791800595088	28.52200045061204	40.44726572342118	52.05657383616496	8.778908597695933
hsa-miR-93-5p	2794.967092341084	3641.27946738737	1980.485195535632	2478.93570060381	13068.798154296586	16802.75631057375	11722.764398265428	5565.469097055946	9548.421411204401	11288.406577208032	4687.842440125398
hsa-miR-935	0.07879352175505555	60.136373399515385	0.08225299631051426	0.10889478403894834	142.88710982438076	0.031944069000701396	0.6512755086197346	1.526387249939002	1.321102090393713	0.5002643685013248	0.12775942143649813
hsa-miR-941	42.14874728440229	102.64838712736137	61.724579008660186	81.88339359243369	354.44013995642587	43.06463773021471	501.41547306939043	139.67272452111595	513.1141861853218	83.23733553803494	36.222582122610966
hsa-miR-942-5p	27.3377901001698	25.667061557155417	24.77260631023879	41.30933212886782	55.976944914881294	99.11810979989689	65.93946527705825	39.203686720151325	43.40085516256704	52.14275148484986	22.930286781035885
hsa-miR-95-3p	107.38000069445381	40.39077934183532	186.99642966868387	251.97284707733027	0.6215041451993631	0.05251842605812878	3.8188482883289705	86.23871154003001	3.5270707792482963	2.6473899556428044	0.754544082589107
hsa-miR-95-5p	0.26646468928242917	0.03299169585546871	0.43534582332962657	2.22071727105625	0.002214144102456332	0.0	0.004778648391528305	0.32809860585891437	0.0029417435090218096	0.010084772598462678	0.0
hsa-miR-96-5p	3.536299177185611	1.2672212799598828	0.375001387687983	2.255700393515422	1.2222067694608618	122.01405821057287	0.19557140138431722	3.329031948678188	5.380017608344982	38.086039536496045	3.4334808935190577
hsa-miR-98-3p	0.2281471008764035	1.0204083295814885	0.4133852331213254	0.6230859182241358	3.518705501169838	0.2153944131379095	5.276437574417814	0.995910544755036	1.9725011269448087	0.19399480529489174	1.9717747311369855
hsa-miR-98-5p	198.53850851102302	211.21517258761116	159.2165517560443	199.21388705142272	530.3270579257618	216.33063298733913	623.3288486335998	515.8968194460382	183.74341325572374	37.81874863045058	272.8959297172969
hsa-miR-9983-3p	0.0	0.03408835126724593	0.021004228639473887	0.9117711153187216	0.008080315302178146	0.0	0.002624373398702485	6.522201022125908	0.003475896533736758	0.002016954519692535	0.01447701346676889
hsa-miR-9985	0.774679763606534	1.2638820186435078	5.25087366291348	5.489580899293246	0.25447367039226315	0.07815337254848428	0.3883384921555608	4.503792799318548	1.9262710124574236	0.12955736704934206	0.12504213042452886
hsa-miR-99a-3p	0.17220999089806913	0.32863937309855246	2.0991652889844596	1.307097595620826	0.12909316890400843	0.0452328696791459	0.41142468004590094	0.9498083486688113	0.15631170051119614	0.6518780383305602	0.11952681037374023
hsa-miR-99a-5p	3.419722324012668	8.27411925786853	47.113937979600664	17.96647934171424	6.807413497063818	0.879021110085756	7.6480663719080475	13.548774583200798	4.048559544957336	19.24268715057155	6.560196481396828
hsa-miR-99b-3p	1.1097984904412614	5.969399331409977	5.653121526171617	4.779483153094542	1.5003314149638676	0.0013967475844165384	2.1336291374287946	1.4188009197084803	8.527089752053422	1.0864649707135958	7.5426158649957475
hsa-miR-99b-5p	40.26264943761664	301.7643161452998	219.0394395395281	146.71421010383202	31.92887683980514	0.5202780824276346	32.5845740624199	31.932293778444002	145.79281512556264	37.91207954450491	276.6475727035137
