miRNA	B cells	Basophils	CD4+ T cells	CD8+ T cells	Eosinophils	Erythrocytes	Monocytes	Natural killer cells	Neutrophils	Plasma	Thrombocytes	Tissue_of_max_Expresison	TSI
hsa-let-7a-3p	7.8299344638777075	9.821753375999233	16.73720593875143	22.47170570529577	26.35362115133817	7.258462032086862	46.09206979885101	19.07639164781084	14.827425455146091	3.041619050631589	5.587055611192487	Monocytes	0.711435882544277
hsa-let-7a-5p	59742.2146525752	45127.85306259893	30576.69534905131	36436.92344660284	52137.613081567215	84689.31942258308	48714.3714480647	79328.46581071768	21474.86443919744	6606.100570255429	19602.71036814172	Erythrocytes	0.5279832038393066
hsa-let-7b-3p	7.652626999963113	8.68240873720926	8.525388547035051	8.50023827978253	16.567568465004342	4.07430571583957	21.40848554463005	17.740585317461495	10.413603866447724	7.57630496683849	3.1099215349259643	Monocytes	0.5663263884922697
hsa-let-7b-5p	11396.760379471296	13961.412195318611	7921.1858666677135	8079.192024821422	13154.060812768566	42093.70785483632	12275.472229303465	17564.36718389848	6231.800397664426	18255.23870733971	5552.576213842893	Erythrocytes	0.728244263001047
hsa-let-7c-5p	353.3203445971392	734.3898770757519	329.09315240288754	450.0919636882917	667.5414893813202	501.1002031364335	284.0991072117638	698.397268519631	143.45642151640573	163.5622827136688	284.9233950910475	Basophils	0.47227137121079565
hsa-let-7d-3p	119.81955736941607	80.3147895944193	48.0572257360902	62.36383238742282	177.4667414411619	115.41923199415206	181.76336842902435	102.6203203377254	196.2722957777085	207.9034745255825	177.07377845312124	Plasma	0.3933862123285223
hsa-let-7d-5p	2114.8729603105244	794.7231855946073	1315.97157113104	1767.509944300909	1695.127958141536	3574.5078004250727	2089.3089190616674	1838.8524122438305	1034.367463034102	1000.7317007271174	1372.6434191202827	Erythrocytes	0.5796873199751031
hsa-let-7e-5p	332.1402236287522	1989.3429909781496	418.14411050490605	368.5362589765052	454.0705232652595	159.15861256537397	267.5913569793359	479.2837179566287	381.6800941348966	27.698324519872028	799.5367449567195	Basophils	0.814620204549294
hsa-let-7f-1-3p	1.683409949013298	1.777899037105011	2.296319213148596	2.857611385160077	3.755520923799838	0.7305204477448748	13.11284803753544	3.2368199961692183	1.947298514419211	0.487491985474113	1.086083125442849	Monocytes	0.8485533080179768
hsa-let-7f-2-3p	1.3532349207174996	1.1776637669366123	2.342015089910379	6.597492768095645	5.449184103920177	0.5426417893280251	5.107396353887835	4.571875781380198	2.083860091114341	0.846523894947477	0.98134616233607	CD8+ T cells	0.6293176390773412
hsa-let-7f-5p	50692.037105416726	43849.20835575892	32090.71795601516	34089.27707383032	38972.89523907219	51280.20014034033	47591.464733140674	72423.91207952372	13408.436170742729	2717.968553819114	20152.68582124889	Natural killer cells	0.5376597569298454
hsa-let-7g-3p	17.251390185180362	8.967195051242506	30.220693192403814	52.023142573108345	6.093222567202532	2.101582744648734	9.347291427933063	19.431156384882385	5.172521928385549	1.51007082946303	1.1862736436871697	CD8+ T cells	0.8053147254364768
hsa-let-7g-5p	16275.85974518559	7085.012049530638	21665.15927054579	20535.987674268687	7137.712842318113	5703.815466353953	5869.122255263035	20307.7134740208	2933.6060223352315	1190.5187354077184	1526.3954744802488	CD4+ T cells	0.5912065882683314
hsa-let-7i-3p	88.17496299187866	25.566500091710523	63.44837418515768	127.08383464630892	54.30846253383369	11.923193799966594	52.19901502910457	50.70044011676914	55.66011065595333	7.594839563996809	4.340443603724994	CD8+ T cells	0.6742966218134038
hsa-let-7i-5p	23235.51349299034	10040.436564952955	13937.45076758059	15017.802865824064	10430.590529374684	24223.70083002961	18275.30430174941	17036.630372604708	4206.073017005934	5514.154320924214	7523.778624158503	Erythrocytes	0.48307760347694023
hsa-miR-1-3p	5.7675260710883	5.510163557830858	0.7380304266508512	2.8821026377520003	1.358061983581025	0.3329688916810968	1.1268589788015424	32.308467975573805	0.4521786126906772	11.620417507910384	252.79597569117843	Thrombocytes	0.9754360106114112
hsa-miR-100-5p	1.2122607403733314	8.830499382311066	5.819414089036755	12.224346427217938	88.28976794450332	3.8358162112893774	13.31600132212276	4.524117390812451	4.485393915860447	24.379435728484346	7.825420529840667	Eosinophils	0.902080719261046
hsa-miR-101-3p	3001.030733768072	2506.38046365994	5235.839868551539	10024.276524393914	1672.542973760041	6724.060693656846	1801.6909336336348	2987.303335159506	5073.203099868181	4683.601267166145	1505.9775966176476	CD8+ T cells	0.648935951834496
hsa-miR-101-5p	5.384788114496469	1.774199932738728	10.112218240316851	18.991203288417594	2.1013312772099217	4.9994165691147465	2.1954537011137973	4.23145960119701	6.961782916453226	1.6958535873295095	0.3687620463764171	CD8+ T cells	0.7902962472597226
hsa-miR-10392-5p	2.5328939760265934	1.1019273654286623	1.1552383465731229	0.6987529818995809	1.4399150209071558	0.0021976831461666	0.4404056967879987	1.1483909930499274	0.3502720726361278	0.0	0.0232185273535143	B cells	0.7488912387181784
hsa-miR-10395-3p	5.185083282249936	3.428514973363321	1.5021184240608314	3.130049245191403	2.7552912600090838	0.0214315817488507	1.2535655533344718	4.080755043431379	0.9334918329719032	0.0271040260731077	0.0723276871843149	B cells	0.6681895219259981
hsa-miR-10397-5p	1.839205866480164	0.2488830908459962	1.1392124470313507	1.914290658859416	1.6052682728842704	0.0	0.7396289034971991	1.3762974962829777	0.5651425683002483	0.0	0.0135557239628532	CD8+ T cells	0.6067893695009744
hsa-miR-10398-3p	15.909683104600385	0.9569955787098692	0.4821995244883511	1.5375655841349951	0.4476610139114811	0.0	1.13351414112409	4.930763796655598	1.0160188256622318	0.0309729934250139	0.0247925892103233	B cells	0.9336222853850036
hsa-miR-10398-5p	6.028327739025855	0.001239576409718	0.1538100342386127	0.7994411998115467	0.0935834634117178	0.0	0.2262710931809781	2.537238025433552	0.3538629529611473	0.0250490679267519	0.0051673496901783	B cells	0.9304008848772014
hsa-miR-10399-3p	1.786484588127612	2.426687152037971	2.3208640284397304	4.675219461873537	5.979318369931826	0.2375684430730496	3.6955247710027073	5.283844263831754	1.9155809681118705	0.7814089185548033	0.6146760067123564	Eosinophils	0.6030005908175776
hsa-miR-10399-5p	1.694495370807712	3.278365138977886	4.196232067593883	5.202565702188623	7.236769027197536	0.4174155566300562	4.850348183412008	7.0239607173793335	2.8880552119886382	0.4849159992552433	1.3929235379739893	Eosinophils	0.5657001436955013
hsa-miR-103a-3p	4677.130956436858	3589.946150953187	4794.798827918578	8276.72372850903	12679.530961015056	12332.729225855774	18841.335219067216	10145.326146804327	9139.181734946966	3569.1635573005124	10105.84333637151	Monocytes	0.5790618143354798
hsa-miR-10401-3p	0.7740901975579685	0.0	0.3893876789155732	0.7363437466530534	0.0837616497943321	3.767872210877533	0.5355595746625588	0.4971925580516638	0.1460820761589951	11.2547316397694	0.787396561767634	Plasma	0.9314271854588846
hsa-miR-10527-5p	4.14711519357285	1.427900622478528	1.235548212889274	1.8496674607539427	2.998925817937629	3.523149799235848	2.2542933935860003	2.8777465846703825	1.8145952686831444	5.18229262576931	1.3418996153908451	Plasma	0.5470953945655624
hsa-miR-106a-3p	1.4910770309026395	2.3730050246580707	2.37860526738061	2.733227006306536	1.2953245342540107	1.6228589530997832	2.152769839463434	17.98156100917513	0.1973301845109846	0.4992971107157261	0.5757690787066653	Natural killer cells	0.9148057055659308
hsa-miR-106a-5p	10.75593537941262	3.416113681866999	17.836784420278633	14.42509322100621	8.433992635290487	26.85271414694483	17.7647285436146	14.170850193679724	6.734206078868644	9.108639074482255	19.27280887314865	Erythrocytes	0.5459708414036791
hsa-miR-106b-3p	152.0676834848094	87.45411802414472	106.52683909977432	249.50556582437852	315.4931787415723	251.9667824610243	181.53710494005264	226.19367104007836	186.82298877538403	288.8604180706642	61.28821444506252	Eosinophils	0.43192959248306784
hsa-miR-106b-5p	28.875876436373467	14.481475659333285	18.205393569016	30.264552090539794	74.37782712149578	58.560027666904034	52.010585889947706	36.58575325474246	62.388653512933466	14.10959311001324	14.886353391519677	Eosinophils	0.5558242592356614
hsa-miR-107	484.12587128486666	213.66758668884933	559.6383479032852	1068.5152878671129	476.9230066381764	1612.2685237443138	599.8511278008706	734.109790221449	303.9851312396757	987.8285571714348	317.35311554258857	Erythrocytes	0.6436078892730679
hsa-miR-10a-3p	0.5443980882617127	1.9404455329764208	3.9470395557013833	4.916198798998409	0.5682822472593312	0.0501401814257903	0.5401417215115573	22.4580022083614	0.5003017393382175	2.8403877574876653	1.6824230062169971	Natural killer cells	0.9219442652710625
hsa-miR-10a-5p	23.28564708942163	157.87837985683854	141.14327236987788	195.744869289427	39.858735230265566	2.400992829888053	16.653613981287943	820.6518576989872	15.320480910938588	74.28327094777363	85.00271723252023	Natural killer cells	0.9084176837367357
hsa-miR-10b-5p	7.054718097897848	0.3866325540174259	0.6828496143808981	2.228527428798949	0.2807603981404868	0.0096906757306272	1.9321692051683843	1.7319805228788194	0.047230476408952	113.491872775286	0.2099527364623612	Plasma	0.9871669121728897
hsa-miR-11400	6.265140152844828	0.7175075614882694	0.0753334162595393	0.1310618132684286	0.4128761017554778	0.0031280176003032	0.53390723801265	0.156846767303007	0.0718857663338053	1.0150265491783372	55.96075532993982	Thrombocytes	0.9832334046802532
hsa-miR-11401	0.0706140760789261	0.0	0.0047899989641704	0.0	0.0237346306674809	1.5746661727411335	0.0347743512739107	0.0195062780420814	0.0236974837671825	1.4935168644541743	0.7746129840683712	Erythrocytes	0.8447133297427935
hsa-miR-1179	4.408091267043764	1.865901504607804	1.8208403934693964	3.669944630569209	1.2881442036629065	0.4003038064705244	1.589322141942286	4.229490092647753	0.8341204967783435	0.129647813506123	1.992607067376904	B cells	0.5957360891263432
hsa-miR-1180-3p	0.930181492676854	0.7886877595631273	0.4235460440194363	0.8159437999188681	0.324127581645814	33.59826922860057	0.9578842504396554	3.905378521667012	2.555545502206722	84.58679251035784	1.0647510569425085	Plasma	0.9463695053431354
hsa-miR-1185-1-3p	0.8671777930489106	0.0055780938437311	0.0585841179179856	0.0931936705365362	0.0700001547221523	0.0129155506081075	0.122444975485115	0.8489499815931879	0.0582625574198191	0.1823629496842385	24.86868998085637	Thrombocytes	0.9906731321728435
hsa-miR-12135	17.238590796932918	11.866521287742426	30.787371742031155	28.98695338890445	12.347760032742997	0.001038274864947	19.76862138097988	7.393362867083756	12.02358212156277	0.0	1.1118255660652645	CD4+ T cells	0.6403127339197366
hsa-miR-12136	43.25187260923561	10.78179503947507	19.086160033857603	30.92162715581461	19.917236814794407	0.4526167811109475	30.434836355645896	44.20920652024368	18.625338988156148	1.846032999439338	18.839616795226483	Natural killer cells	0.5608219444430645
hsa-miR-122-5p	1.1924836100840757	0.1489141112789095	0.1306971440760972	6.800145309243868	0.1003497132623086	0.2061191709161549	0.322773741929702	0.1920275045646688	0.2658939804586758	4975.983056891981	0.2437369013538156	Plasma	0.9998070101711085
hsa-miR-1224-5p	0.0210975038661359	0.0008626069124711	0.0054390366202655	0.0091057556651425	0.0021171289749467	9.211909912729755	0.0020673060436311	0.0497322856253674	0.1119050530395	10.793656426753918	0.0	Plasma	0.9127799124109378
hsa-miR-1226-3p	4.216736378983542	3.2628023011814347	2.52912208647077	2.7103193687145577	6.504390663428992	5.439129641815371	19.31613516489505	5.992492541356362	5.644163655618476	10.56541438024042	11.102793961838758	Monocytes	0.6999018463848917
hsa-miR-1229-3p	0.6918233541958908	0.295828333689817	0.1161884680898517	0.2143448878179721	0.4534565179690866	2.372149640156154	1.0374879060354778	0.2520370745508188	0.3452680407784662	4.09201136645346	7.790244457988948	Thrombocytes	0.8732954319602303
hsa-miR-1237-3p	0.5082358139491759	1.6133978379705232	0.4342684376119043	0.6376509001053664	1.1359121941404569	0.1271613143164014	4.554977798838252	1.836485545680032	0.678716048705634	1.156861024314181	1.0592150983761863	Monocytes	0.7982887157537137
hsa-miR-1246	10.52209654370178	8.377255331672822	0.8819853319095473	2.217518295470897	8.655147376248701	0.1190272214037515	3.6040042873035465	3.833151197174941	2.122650222312844	24.496429195909435	2.902715241883941	Plasma	0.8235026390854447
hsa-miR-1248	10.438427318396798	1.5787216547644864	3.1245853693957617	4.843876862890095	4.109652582204965	0.0	1.810934434238128	5.414392357070274	1.3882998105338753	0.0154836823665012	0.0253712694050945	B cells	0.7862578591360456
hsa-miR-1249-3p	1.2293744479048243	2.3064020605790274	0.690351602308836	1.2126064626039137	5.90626753550389	0.2601342980300956	15.475630202914536	4.269745752278138	4.632967801440346	1.5218662389421642	3.5557492026582134	Monocytes	0.8346725460173446
hsa-miR-1250-5p	0.109228039306595	0.1350442617629881	0.1125594054791404	0.1652850782855665	0.2414952933496949	0.0	2.622159250697306	1.999994531127998	3.0719558845154893	0.0353830631874097	1.3038675007231073	Neutrophils	0.7810835611989762
hsa-miR-1255a	10.848464061225243	2.1836873178291927	2.944864671482581	5.673981296454552	12.256906946783408	3.3165987742677525	7.523767373356142	13.989553895812412	7.562169338188529	0.346991734873634	1.496529678096313	Natural killer cells	0.6128971545778338
hsa-miR-1255b-5p	1.5203773954838609	0.9667004964783577	0.6422103383515009	0.7058109588889212	0.8236186182700134	49.84436463493439	1.0319752715806605	1.643530262492117	1.4858951134114793	21.463765104728985	0.3761587558367071	Erythrocytes	0.9384884479116542
hsa-miR-125a-3p	0.4435476267414098	4.920722630922231	7.096898721659352	4.034530414773804	1.5881543079114122	0.0131914804074105	1.1487466359111609	0.6541157867651634	7.572466946891613	0.5586934258037425	0.7261939979741924	Neutrophils	0.7202391878703949
hsa-miR-125a-5p	293.53454383962367	3978.63466651171	5180.079170742344	3710.8429113901007	338.0999307623184	6.97863649537636	200.7784342546682	554.4045870212548	1235.731581886531	400.0158652214935	821.0062109620841	CD4+ T cells	0.7772229537817781
hsa-miR-125b-5p	97.9271876765049	323.38380652299253	564.3809294064162	258.9556041536339	353.21627909300275	84.53986580849278	137.04443840208694	231.56871281320105	65.24353376443436	491.5197413305799	181.8174993392689	CD4+ T cells	0.6057243338741877
hsa-miR-126-3p	2126.4560614926904	589.6717489896595	60.12471466258969	352.66374553723705	282.3865526943974	10023.126976297372	544.2237971578719	1136.6459712383446	192.5777402314793	3349.209059498416	24912.184443166578	Thrombocytes	0.9251085892914632
hsa-miR-126-5p	275.4942428836755	68.98211651449475	11.68227158261696	87.89768117614811	48.37058234504888	996.9927372085518	75.19294499117156	143.5244999263921	28.85494832240124	1174.9907263544003	6324.0363358886	Thrombocytes	0.953953731499303
hsa-miR-1260a	584.8409081308284	74.29726486617864	266.753546062581	411.3272975613873	525.5237509958678	8.165947850731637	593.302699137369	438.6166204882977	84.76293726068353	4.693071657177818	15.806032658628212	Monocytes	0.5929923492606158
hsa-miR-1260b	592.6338513914047	74.98457315498308	267.1799939805615	413.141504259155	521.6546580229744	7.909413334102458	592.3887725684725	437.841468036184	82.63018556491308	2.729326132192901	26.0970310631157	B cells	0.5905470265629432
hsa-miR-1261	0.8784883076768805	0.1782834045562131	0.7639616817871192	2.6465964058145888	4.627311839131426	0.0895334514096309	1.4464315322369476	0.4386210301699871	1.36695275471027	0.0	0.2402367714122886	Eosinophils	0.826052238975863
hsa-miR-1262	0.0445009240959897	0.3876172851020354	0.2841263085977324	0.028654601417503	0.2172233671666935	0.009893644969299	8.906611402483518	0.1945727059289091	3.1931536183571323	0.1215503245979991	0.3547424832765762	Monocytes	0.9457028599882399
hsa-miR-1268a	3.119625891999863	1.2021667189767848	2.9295326311253125	4.36245102121404	0.4507084500220783	0.0663919764413138	3.82889089893092	2.012978852541448	0.2443051299788808	0.1765559582339225	0.5886873179525958	CD8+ T cells	0.6648708775156743
hsa-miR-1268b	3.059002017193653	1.204026083591362	3.1009031755478804	4.811757448427472	0.4019397887221864	0.0853657784248749	4.021084192416732	2.112012561063347	0.2195101221676158	0.2121882548241804	0.6479834752546613	CD8+ T cells	0.6869331920683253
hsa-miR-127-3p	7.93607604553125	0.4706160478332163	0.472374851311426	3.7667778104579615	0.572289197929858	0.055555373111378	1.8310798162480924	21.26628466178667	1.437121883566772	1.12738779343575	77.68307205408942	Thrombocytes	0.9498789601753878
hsa-miR-1270	6.289039956123814	7.8794028451065135	2.529000066797909	2.538349487278204	4.920663358220672	16.6484328070213	6.795342877143307	5.922644943257838	2.9858388597353342	10.103602729948506	3.3034025171593853	Erythrocytes	0.6800462346323279
hsa-miR-1271-5p	17.70017586096874	2.484221659338862	15.3468731119092	31.532816961353767	3.152102371644429	0.2124431356605169	2.430954838659373	24.200492439230334	0.530533076795512	0.0741888751587501	2.1197691705709083	CD8+ T cells	0.7835532593755098
hsa-miR-1273c	1.367969151053174	0.3559817910578682	1.4600282971036955	1.8286472528831013	1.2535603961970332	1.090315912113906	1.7309716363117142	2.556321317593764	1.1255904186182353	1.9458139750487893	0.2102542090362678	Natural killer cells	0.5161354343722835
hsa-miR-1273h-3p	20.52054954163261	5.993319312050681	4.647125247814366	13.409309048782529	9.086501600061556	0.0338955407872094	12.514539537893857	17.000144836256556	8.27723911927453	0.6273918516216165	8.483278178315897	B cells	0.6097923980524732
hsa-miR-1273h-5p	4.661756709140814	1.8182600680122445	0.6453078517467592	1.844469539619377	2.0305503088214403	0.0357215151746463	2.4914789277682967	3.8762034073271354	1.6147002784394666	0.6472543057320153	2.8527486667874773	B cells	0.6169535223831975
hsa-miR-1275	504.4327479057344	50.461494379413466	138.42186949817545	273.79812152609645	18.4511386692958	0.0929969601860454	10.209228971224968	128.7861653350386	3.053943636760898	0.5291480822522957	2.0213687781066616	B cells	0.8759348043054688
hsa-miR-1277-3p	2.6739920341373806	1.976529336528256	1.9335883849081672	6.772203908015479	2.190202034872709	1.7303342129177883	2.177639869466449	3.9312516763613714	4.091876880510058	0.1958983468269139	9.74258795492575	Thrombocytes	0.7159531244410974
hsa-miR-1277-5p	9.57927595988477	21.239460757638312	13.860268623070326	87.23512819319177	52.18217935212538	6.164630282543034	30.421850762381624	24.82011039105048	31.02286405273757	6.355750978494681	234.3488041568777	Thrombocytes	0.8792903934923638
hsa-miR-1278	0.3879755552796141	0.0444768801664641	0.7219326708969679	1.3363977893788723	1.1527572681091365	0.5825586931579142	1.2628875688597816	1.54538181803359	1.5631632692077155	0.3133900680386866	0.5806101242512622	Neutrophils	0.49279972269366595
hsa-miR-128-1-5p	3.3569570308614427	2.496186889971775	2.225633836723585	2.994104801945125	2.0984572274110724	0.4680644867629834	4.057931008090248	4.696966021104381	1.750451945036202	0.4056927718276142	0.8838185136453522	Natural killer cells	0.5584958796998172
hsa-miR-128-3p	476.4316819604018	530.9556836915349	462.4881656414205	586.9477958366019	716.730431933924	241.10002377134373	1159.119808109191	890.4911696611865	663.1812611595682	288.31567657707933	347.0923759267146	Monocytes	0.551061570188474
hsa-miR-1284	0.8373119836898163	0.4634015360765176	0.5069313656912545	0.5561743085983866	3.2586919913754486	0.7081481111583396	4.519120363713416	0.7857967676949105	2.722211884105467	1.4999324932262716	0.4179222429689445	Monocytes	0.7398493127338419
hsa-miR-1285-3p	1.1721852297186552	0.266592252978359	1.0786839199579004	2.499961229676181	0.8708439587855804	0.5565131317086707	0.8168475981291479	1.6693371920059823	0.4947124619971307	0.6696977457959605	0.1706270778470798	CD8+ T cells	0.6893535596977878
hsa-miR-1287-5p	3.828617171779253	4.174914309588367	8.216735504086255	23.22632119704017	31.7747728820858	5.471269021581751	6.741834880159299	36.57484951057484	2.7112778013707843	7.108017234497593	8.650318816884878	Natural killer cells	0.7213820967612984
hsa-miR-129-5p	2.576735195244855	0.0037187292291541	0.1113710696181385	0.119376633885033	0.0289833097628786	0.0836090800531508	0.1359898088579361	0.1305276679929403	0.0882924839768325	0.5139962217496906	0.0077939486676151	B cells	0.9525112647954075
hsa-miR-1290	4.058433913799008	3.4670297041020786	0.3243936155085001	0.7486448986382622	2.254388775350296	0.1078561851727474	1.292660461025507	1.2243046265389694	0.6157056612797835	18.666205625582315	0.368013179216658	Plasma	0.9225261346054593
hsa-miR-1291	10.575155630397669	6.701343045998544	6.759479256844166	8.672253303190384	6.451639435097724	0.0105571227023986	4.109950746403094	10.944088728141509	6.600524078003486	0.065842360614848	0.1315403099477428	Natural killer cells	0.5424170387030095
hsa-miR-1292-5p	3.43071148080516	1.49640015643856	2.169587031812392	2.750889265788353	1.3384848509754836	6.967698275533125	3.4876712624412174	3.442376250986603	1.2368890263608576	8.850945546222766	1.6816391590167157	Plasma	0.683623104289589
hsa-miR-1294	3.389838507617885	0.829647168444478	1.6257053264050774	3.963984426176072	3.416600229008828	28.946812857851675	1.469346198719302	9.111045500800762	4.283526627655693	14.358973243398076	0.7286484669973012	Erythrocytes	0.8508391376029786
hsa-miR-1295a	3.365553393073304	0.0	0.0595914684100467	0.0683342640437254	0.0135011164599744	0.0	0.012123330725355	0.0475842021489026	0.0088688697081841	0.0162744342030204	0.0	B cells	0.9932766573792912
hsa-miR-1296-5p	0.826307312164123	0.1044990862689544	0.5287959388125448	1.1730491628849475	6.559608272557314	0.5427403072773752	5.328084313496195	1.5461591463894124	1.884802802723176	0.7764386209622814	5.948781638149975	Eosinophils	0.7155370023055603
hsa-miR-1299	3.4177843235745344	2.0040801500522303	1.7817180500259655	3.1104156929896187	3.670965263807524	4.131333906838649	2.232709129649168	4.224050048405293	1.2008254176650353	1.3742208975677717	1.5205974437927383	Natural killer cells	0.42129828018510745
hsa-miR-1301-3p	10.85187055622008	10.588645251043854	10.132954747809231	15.300999854115192	17.64852819623967	1.967622309003183	48.16185737509339	24.275078955782583	15.127170654324315	7.579269658844441	83.7138895658417	Thrombocytes	0.8069209322410597
hsa-miR-1303	0.3171068175314888	0.1099486031551984	0.0814636664165028	0.1147761786507174	0.0756011331159727	2.256327830041809	0.8338128408132124	0.1751314058526671	0.1849477211317967	3.164605697498004	0.1979677408445398	Plasma	0.8626342630618787
hsa-miR-1304-3p	2.4191345612147463	3.699043252371768	1.9627569540100696	2.736397612016779	14.468482857779597	2.323527818906666	19.24841086273386	4.55539090100836	9.43806778395841	4.649701152637798	9.13457103283043	Monocytes	0.7122511862318592
hsa-miR-1306-3p	0.4368681095860025	0.0574160223840889	0.4069708411538929	0.9833731034394504	1.4673787298825176	1.401230416158702	2.002228281759809	1.2407941403127762	1.6904031170506544	2.4254982559569087	1.4101181021028886	Plasma	0.5424947910567399
hsa-miR-1306-5p	6.623677262232998	31.04491688891658	3.622767509953016	9.325097879158124	32.646951739610486	66.47399237735189	22.701927257197852	23.783419349386303	42.477129491394784	135.20052167255793	69.84655303776472	Plasma	0.7717860634145812
hsa-miR-1307-3p	59.53053655684816	79.78227798632946	37.77702465419773	75.07184805087932	110.7871850022032	29.200452881380784	175.10054768581205	138.30449405160215	86.26620981290563	99.15080494696478	213.51379369133764	Thrombocytes	0.5827101536507098
hsa-miR-1307-5p	6.167301014225283	6.761503414820012	10.62828362528422	68.21917459751624	35.688989947684625	1.6087557616046602	33.37014740286642	14.9320544579056	23.13032476662384	10.004700849867898	10.822496504586711	CD8+ T cells	0.775554954089046
hsa-miR-130a-3p	33.79058016458561	65.60650003658536	5.220102754383566	20.0530347706222	19.640596432326397	194.74484597074013	49.79044571497264	53.62954040226774	30.582571187358248	108.8769234694103	211.90671137234827	Thrombocytes	0.7253814486881849
hsa-miR-130b-3p	31.65831291481972	24.528583289521865	29.090465110924487	32.53945957293842	94.1813369923177	43.29026219599692	134.66463230332658	82.14031815489724	40.32755012093888	23.37513477567109	35.49354141500322	Monocytes	0.6757686431285465
hsa-miR-130b-5p	4.50659616139632	6.826893605332926	4.91066395779125	8.007205640967822	39.27563190268387	1.6666450972691946	45.81198543556471	22.22790300001348	10.84889534985519	1.87252384837552	10.608837573196888	Monocytes	0.7582471157189713
hsa-miR-132-3p	11.277770350822246	18.679737707925423	28.59847224718974	65.63801315940268	134.40573107567874	5.583733905973887	19.157617713842946	174.04700375237385	43.13784049639007	11.347229569594136	11.877080219640243	Natural killer cells	0.799075411292916
hsa-miR-132-5p	1.49672631455129	1.5554454365419228	4.72626742154584	15.0543782431034	10.636421147624574	0.2567452655580864	1.8697476779871829	21.978904537587475	3.633824266362218	0.5105709133168193	0.4944333403823874	Natural killer cells	0.8169401029147466
hsa-miR-133a-3p	2.340935725820676	0.6536778865615172	0.1184191787448133	0.8063797348654279	0.5503371259658422	0.0290217314565081	0.5977164818584132	4.200957400295698	0.2050126779395342	4.366062162357855	15.75085456929853	Thrombocytes	0.9119506815020773
hsa-miR-134-5p	11.356286862504524	0.3480039341389457	0.2548655411725525	0.6403879319257112	0.4227093621405704	0.045232230773713	0.8973260772909041	6.54575427046585	0.4207525580214411	4.076924691274455	142.1232847632469	Thrombocytes	0.9824038379767481
hsa-miR-1343-3p	0.2949238383874074	0.0332684859183122	0.1617608282950925	0.2981938672200058	0.5052002287412977	0.4431542413847173	0.7909304321524027	0.9538509464481788	1.2612671118514125	1.369690567481246	0.4639497325495928	Plasma	0.6198776689743316
hsa-miR-135a-5p	0.1848265563253705	0.2311862869511606	0.0503670636515368	0.4427939259935375	0.2637991422748968	0.4564280581333148	0.0175691517347712	1.575696399149073	0.0299643671794785	0.0470088028865836	1.5077544600026518	Natural killer cells	0.7949035222217602
hsa-miR-135b-5p	0.1109506425902563	0.0210727989652065	0.636967336860862	7.339255273553681	0.0	0.0011005489665909	0.0015483582729361	2.7617042073958262	0.0034067049486132	0.0	0.0135737164874504	CD8+ T cells	0.9516255507928575
hsa-miR-136-3p	0.5601990128350363	0.3870573630862738	0.101668498364734	0.9116726000558608	0.0941188326136397	0.0094669156007497	0.2122058421391217	2.3923506066279088	0.2343181990172908	0.1354238580786081	11.81175985206665	Thrombocytes	0.9573435136548456
hsa-miR-138-1-3p	3.3042865214255546	0.001859364614577	0.0123313010711701	0.2577415051876882	0.0	0.0	0.0	0.043661252496771	0.0	0.0	0.0	B cells	0.9904489692003449
hsa-miR-138-5p	38.630955385908216	0.6003336779334089	0.3175766531622817	9.673228504364262	0.1300766159171455	0.02739276390984	0.1447214666596306	0.6502520687791571	0.0387164031882045	0.1148351380823634	0.035837464745444	B cells	0.9696280595715692
hsa-miR-139-3p	3.851893297340333	0.362884437888775	0.1193301816549768	0.1544138238863232	0.3215401118838756	0.0038746651824322	0.4176180902558247	0.5393633078791501	0.7155808222664576	14.00625527623942	36.21165584472612	Thrombocytes	0.9434084039063291
hsa-miR-139-5p	3.119475922267563	0.7437968093292712	0.2601921008245457	0.3633124361909829	0.4107152691737066	0.0017325607332185	0.5827190329839195	1.11196802938065	0.8166614817131251	1.978095000163131	14.8750777497888	Thrombocytes	0.9368832297841709
hsa-miR-140-3p	4963.082603855392	2119.761063907164	4038.430035139446	4762.061073183226	4767.075422213959	1958.319389646928	3153.743880813822	4663.383986804078	3877.210149761012	1928.7871881005035	869.983661443399	B cells	0.3524436642249778
hsa-miR-140-5p	131.63239434744986	129.16616245230085	161.37506758141558	198.8563327403064	292.2502699146283	55.66684893034505	281.9728144892044	287.12214867369795	389.8184089656096	21.906555824575072	48.75674005887355	Neutrophils	0.5873193009838795
hsa-miR-141-3p	100.24899798872308	30.718603364898605	87.59296245992503	154.67670027779243	30.15364240603288	2.1698292743778933	16.410443536299816	90.15128304044644	20.763551287279974	5.867889697842228	4.956918774535606	CD8+ T cells	0.7484856341442029
hsa-miR-141-5p	0.8103176204531256	0.4844307128976855	0.766302273981014	1.2996075980801345	1.5470878431318908	0.0231491112741234	1.0931751201137747	1.038578921277091	0.510947248821257	0.0777178199276364	0.0487123775163399	Eosinophils	0.6022889823834238
hsa-miR-142-3p	22527.36055410885	21899.727982671026	26864.38947997421	45214.163508573634	43916.65511837888	3116.480915692725	24134.34150844617	49044.38635613533	51382.183128570905	139.64247372182632	15129.9674108853	Neutrophils	0.5095826997501177
hsa-miR-142-5p	25098.404475782823	13162.183981743348	26612.257887551543	35055.92261064442	22844.79103394585	4461.518438203799	9642.462883064294	34796.36333021135	21846.400782951965	2677.9423752281	2304.0292917443026	CD8+ T cells	0.5337553762433331
hsa-miR-143-3p	24.974539914550657	100.41942522162016	26.38771098975001	5.998858219117072	1021.292340050166	0.201146388347718	556.3445771310934	57.83022784979337	7205.627765632112	108.69742254243718	402.6047294376809	Neutrophils	0.9680145706563241
hsa-miR-143-5p	0.2863882939113802	0.7316660819751216	0.1038448431921908	0.0287545052413003	7.117856446062437	0.0	3.324192104604978	0.3261474094022151	40.62188313924752	3.4574505252963283	4.420175491000662	Neutrophils	0.9512664746909284
hsa-miR-144-3p	2.255162774891362	6.799745562496282	0.2569542348869486	2.7193988691318784	4.6872430055581455	2118.5078659476912	0.7438065775150106	23.155824383032463	8.275929344995037	343.4669918667882	61.17816493090064	Erythrocytes	0.9785915724534112
hsa-miR-144-5p	5.19480535932963	29.07026831982539	0.7680949171799508	2.1145920379598206	5.863293404859669	3472.5256174431875	1.5783216966683289	47.6369853045336	14.139883099271891	181.2986322765369	204.47252852955896	Erythrocytes	0.985827681083946
hsa-miR-145-3p	0.1571372966013622	0.1992945913869655	0.1320740721088626	0.0603855257994888	5.211846563282276	0.0	4.455619815816165	0.3691018309088947	30.53525292776849	0.8911424332189869	2.643486522985965	Neutrophils	0.9537580753448802
hsa-miR-145-5p	4.222448083756595	6.5756148902733935	1.55265379238108	0.3062123533123296	86.33658125764023	0.0	48.357412080777074	3.0286975115540447	315.9219993238704	80.80385025671124	28.20107922348696	Neutrophils	0.9178960154705837
hsa-miR-1468-5p	14.753660584277709	2.877311933478868	5.2565183719419	8.663864988424685	1.7719970644138223	1.0179443115273723	1.7701220003063345	14.509515052721111	1.0650816147634052	1.5190617222745124	1.5488564945480647	B cells	0.7288789902281843
hsa-miR-146a-3p	1.0837255603367235	0.707569547778072	5.199976628346263	8.09419568065373	0.0686683504684213	0.0155368358383868	1.4050710642080877	5.814912405096051	0.2035251161444251	0.0	3.5993432686236475	CD8+ T cells	0.7764036169758333
hsa-miR-146a-5p	7759.339863278399	5743.724635357289	17963.21027872096	16770.883909636577	179.55385137559878	61.07583982529634	1754.5032546507812	14781.990570563888	766.8758257086081	501.5769123849558	6783.536415757306	CD4+ T cells	0.6932449143357564
hsa-miR-146b-3p	14.182996732052787	43.6369110336543	179.88748604479184	178.75246707681342	2.007539324201769	0.818517723629893	9.230318534435524	380.889426661056	7.345272247461123	2.668559368264823	6.434653170735283	Natural killer cells	0.8831774551589211
hsa-miR-146b-5p	559.8195938448642	2480.1291889728827	10640.788691629175	13347.89812525739	83.24001282361353	19.82589425745038	472.517219048416	13446.704978720083	337.04082000774787	32.82415524495125	356.1074698476841	Natural killer cells	0.7893149941508513
hsa-miR-147b-3p	0.4481289824547259	0.0318018639529897	0.5129788842731839	0.9294414669456528	0.7870775775065318	0.176139498087114	0.8421925751972246	1.6553686615219148	0.6734665082345177	2.86118704682171	0.0530607417539377	Plasma	0.7864642660564756
hsa-miR-148a-3p	811.7094982920052	6953.933620186023	1112.4109702066824	1022.5448134487292	5214.406942949261	802.2307225213791	891.9296735047919	483.0169412101446	5016.303111405618	609.3696449883979	574.1884967589106	Basophils	0.7621761765559748
hsa-miR-148a-5p	3.946634418798413	4.769560671405192	2.1971705034112547	3.706908231497968	13.41607852926719	0.3498567149646158	1.2525205844364515	0.6533506434938915	4.845714920600627	0.7628921772409878	1.3224120776450283	Eosinophils	0.8225485868202144
hsa-miR-148b-3p	685.912719841778	665.8599026422094	561.2977310371272	935.9915317711092	1474.3211939295802	495.4635170149948	2158.579557306172	1607.4752138592405	1519.634672604556	282.9093409604832	1615.664075212689	Monocytes	0.5439348128007208
hsa-miR-148b-5p	12.164412428083692	10.962937834117822	12.75576954364642	16.352730540756546	11.46140384079665	23.74787635234893	13.101083579257809	26.87881199400196	10.397735418287994	4.540396540959579	6.333476381613722	Natural killer cells	0.5467886657823532
hsa-miR-150-3p	130.99962720957097	64.08603907233083	143.5223844292903	167.58356624595706	22.26697575413878	0.0090599273990631	0.1826787294845799	102.07768844454208	5.843215568650733	3.2873947977942684	0.4739451255464709	CD8+ T cells	0.7179025249021677
hsa-miR-150-5p	75463.73419704117	26101.45061939113	104326.66018682052	138196.79158140725	3415.047580376924	7.535686585326663	47.38349928663965	60697.59659054909	2259.500776101984	492.7653790252736	164.09970151433393	CD8+ T cells	0.8024731463784445
hsa-miR-151a-3p	965.882199215046	84.51791393651843	228.65506792672295	67.08381626179153	10.944258204972416	422.42617673728944	298.7442219027443	153.19524312060923	9.583269118599423	397.0774107787759	1965.6627207481476	Thrombocytes	0.8657903235709236
hsa-miR-151a-5p	254.0712713308469	13.114028957664544	31.48115816038745	8.2020144027608	1.4620708858714526	83.24828294375376	33.12413960146172	30.22915570206636	1.7443342826705186	16.786567504633805	162.5717631520416	B cells	0.8496628471245276
hsa-miR-151b	56.66281787662161	3.7553806920616832	5.719687468681845	1.563777281250517	0.0768454219730387	19.931836579398382	0.4121644905953255	3.588183881448259	0.4554722043505699	10.252244858913803	2.083352886408949	B cells	0.9155725967083961
hsa-miR-152-3p	77.41219013207429	50.17486670171888	67.97388606210633	176.7282727260298	108.60153086403967	17.426235556542103	185.0461068548268	1178.3664443099717	20.020640557535724	22.287716831285216	195.18383718726335	Natural killer cells	0.9218532326747765
hsa-miR-153-3p	2.1966688761637645	2.405635544431988	10.12766231790738	9.473553892263684	0.2019079493034138	0.4738494178645859	0.0968265849301823	1.003684700915242	0.5650918553466	0.4469138805117122	1.909759151602248	CD4+ T cells	0.8146275886377248
hsa-miR-1537-3p	1.300602027635107	0.7778144181000813	0.6259793746335662	3.102684641887647	2.6360775055334416	0.1946412721641541	9.35791308651392	3.29517810915726	10.645908243111878	0.3104817344113456	1.3154753761557283	Neutrophils	0.7847356277843186
hsa-miR-1537-5p	0.0867225697521266	0.0490901948527173	0.2479166308617759	0.4464865594680751	0.5791569576416501	0.0227737393861549	3.7036013648301	0.8903800113032139	4.360689329578083	0.0763164892526486	0.3125210391100196	Neutrophils	0.852891020854284
hsa-miR-155-5p	8238.998815271507	1069.9644099900345	3629.9741777058384	5103.477369745447	105.34053147596984	49.62016886937311	1583.9364480970398	3606.015530317813	216.15897363339243	28.76004442914138	275.8859536583907	B cells	0.8098175038103088
hsa-miR-15a-3p	0.5199504484362577	0.3291857778210237	0.7563160173454684	1.269875214129708	1.599247965771026	0.5323059708825907	5.067610174814811	1.1682276771483675	1.7100899526189897	0.5920038244350703	0.1564040010667046	Monocytes	0.8296315905954484
hsa-miR-15a-5p	1633.6689767967275	466.5009132637996	780.3732010798072	1315.2584360598823	1732.62537615013	906.832746611023	1667.16174900223	1688.58329304144	1318.3694168236666	856.7144413855509	285.62279430788726	Eosinophils	0.36979533379373253
hsa-miR-15b-3p	35.72968893060609	32.40515180626695	51.975511651772514	50.35564788192082	117.0788527358655	94.41015010504408	196.51765873869564	78.1590767545088	73.70703870101056	63.82710056187441	29.08874662928737	Monocytes	0.681078550507508
hsa-miR-15b-5p	1117.723997349991	770.0680535303215	1166.929358467142	1686.1069738590074	3731.4084926438695	1733.647075459009	2837.9143969789843	2156.6119947564544	2667.5954642941115	528.3681569171392	447.4866240057146	Eosinophils	0.5949933617450168
hsa-miR-16-1-3p	8.570271386111157	2.051235374609211	5.559575569091282	6.173399600383312	6.959568867003963	12.121837296764912	23.638863450183276	7.781847419426844	11.716306011925528	4.929837076792909	1.6901726879405987	Monocytes	0.7142246223791018
hsa-miR-16-2-3p	14.881129400479873	8.369412167386038	17.942716999457772	22.771160956125883	34.64819608294471	31.215504597309085	19.46410003928139	18.561819298545704	13.4672759434753	21.08040643719408	5.549640803965335	Eosinophils	0.4998205210212155
hsa-miR-16-5p	146973.4250849834	103980.34784699084	69598.28350558628	57992.86976144367	115277.54238690172	506271.43335641496	156713.10410376702	141133.18344740698	140630.09385509952	297885.01220661413	38661.25213663778	Erythrocytes	0.7493745388865019
hsa-miR-17-3p	33.94426743150916	9.605601897940648	23.47785607141892	71.9052916914773	18.51078422064599	16.043630148734458	48.36553587963529	27.9049224870098	22.885620851590023	5.1091523963534025	19.228891774053075	CD8+ T cells	0.6869823376496111
hsa-miR-17-5p	247.1592176153631	85.5782395277943	124.15661596039344	113.33354669676513	139.62191624875118	432.4440100432721	323.0854766208258	157.15230838051053	200.9102529911069	129.36044561389338	151.42197592958107	Erythrocytes	0.6134112262492201
hsa-miR-181a-2-3p	29.213711881368663	38.133122919549166	30.558560723653304	313.4312106279268	21.58782425285276	5.795868555572808	68.69067237058961	2023.1921607941256	26.089489970274148	13.666422846967343	24.94704569789288	Natural killer cells	0.9717222149762539
hsa-miR-181a-3p	53.497105159463246	76.3705397973495	47.48347192754698	94.11608694035836	83.44913549172733	0.7347597225039318	159.15465462388997	246.30376659379945	23.13586538282097	2.3459757479734504	21.843230615635235	Natural killer cells	0.7717733540241279
hsa-miR-181a-5p	1228.0505448009635	1420.159313797215	790.0250548046013	1990.7156660725825	1360.754469360134	146.91767526067116	1142.0894814371773	11219.677769499714	526.1830093378361	116.70692711440115	247.8800211223148	Natural killer cells	0.9200557952966252
hsa-miR-181b-2-3p	0.4449665167259828	0.1964712249245468	0.9252699399822052	5.042824523212218	0.1978211004793308	0.0831882188896594	0.7625712298309131	27.990874071284576	0.3084892211019415	0.0	0.282890878835081	Natural killer cells	0.9705457827683925
hsa-miR-181b-3p	0.9127166456723672	1.561362857981449	1.8414567855360209	1.2933434437631453	1.2998601663955385	0.0216536956812403	10.71617138117859	4.613820094421563	0.6943522735386966	0.0944291764129876	0.079324162028058	Monocytes	0.884172071723008
hsa-miR-181b-5p	178.87437387188035	132.738752970356	124.2776435034492	420.8088160982082	104.31350813886174	12.408404645951974	329.753733583249	2635.1603870600857	60.02129306465294	16.511542269581238	25.90842006693533	Natural killer cells	0.9466591674982903
hsa-miR-181c-3p	1.0220652540294162	4.480575742201894	3.296824414785692	15.917485073737286	25.68041458435433	0.0526775800331613	7.738551365780058	6.182740098072679	15.568365953931645	0.2757866342267603	5.420287174743	Eosinophils	0.7665327438752912
hsa-miR-181c-5p	1.973894135620288	18.88731246101052	5.0950584732423785	24.737052311474084	37.77157648834551	0.3228024755763183	6.2209760608858975	14.211647598921282	26.371914380499508	1.05552285690754	4.309841144550451	Eosinophils	0.7268156865771104
hsa-miR-181d-5p	1.6280209857870105	6.089721621359981	3.416440891917797	11.768901071221762	14.141474723939725	0.1148012556745712	5.860481987142155	14.460695728374322	7.850916517014129	0.3201277863111103	5.195718239790261	Natural killer cells	0.610069901619474
hsa-miR-182-5p	43.80622957605519	30.577925047864458	3.8660723253050575	4.835037530179194	8.562035781940454	3314.445279229889	3.810445937340525	44.15007335635677	70.71698533652162	522.9935088359686	94.75099377631308	Erythrocytes	0.9750163530321958
hsa-miR-183-5p	10.695030700470603	3.066093458883409	0.8868881596499051	1.5531629739198538	3.3797530175878103	801.1538777644562	1.4249352837689355	11.796159583538298	35.01256734403164	258.05170691696566	9.989948750160387	Erythrocytes	0.9580784346789719
hsa-miR-184	7.735891509764049	88.609111186057	0.2677587922081067	5.247440706564374	1.7204294801052025	4.106718306432823	0.9288697641871566	9.411828792505728	1.5430305356553051	71.77984004201662	129.66746148645103	Thrombocytes	0.8524295016483449
hsa-miR-1843	20.74853784840317	4.082051508713271	10.003050292917765	19.620858209559188	10.222558372823835	9.64339309280042	13.368156283958395	16.252160817770726	8.043152920557718	7.991597100669085	18.57258580326396	B cells	0.4322512493953865
hsa-miR-185-3p	2.1225645786119185	2.807368345723744	1.6291045231843038	2.9244115586435657	9.091984200409652	13.39592620626092	12.818059137482797	4.517971508263782	11.673674530865494	18.871368835878243	19.79188223226135	Thrombocytes	0.5965394676047404
hsa-miR-185-5p	262.79923558929846	250.39080270751293	328.22067514290563	537.8737118104244	1109.2575181035313	2530.848623924893	1196.337002809271	727.588178994875	625.1837103261182	2715.7976216320726	804.9724449198528	Plasma	0.6916754091824927
hsa-miR-186-3p	1.5115513982057145	1.5792762227224353	2.0577373455	5.005164201078557	3.0035346648821792	0.5206242435662014	2.800027682554846	3.235926359762295	3.1069429571365488	1.7938269206922617	1.7714414903693962	CD8+ T cells	0.572823419443771
hsa-miR-186-5p	547.598871632874	312.9536779840992	1003.3564854060198	1909.799198186326	896.3833202841727	228.98156963844988	974.2081986260908	1263.765316121754	653.0547239695732	292.63228758463816	481.4319270393594	CD8+ T cells	0.6515672231611331
hsa-miR-187-3p	0.4952693414691863	0.4098756111478827	0.4135073178552221	0.2201373387237324	0.1505659336123071	0.0476407633395703	6.398949188520449	0.3732647376414108	0.3843426429833625	0.0381339476231716	0.7008242984259784	Monocytes	0.9494672978709887
hsa-miR-188-3p	0.0942215563844828	0.3495693396083172	0.193486594262073	0.3215262074636445	0.1360720899480972	0.0641760835546755	1.3335867584792926	0.2898111076911234	0.1866130550015074	0.0535289339845716	0.0313944712880934	Monocytes	0.8709945619774763
hsa-miR-188-5p	0.1828307370102893	0.0853150725283596	0.4211542042997012	0.7263214527087628	0.2083382997280321	0.3787879170372648	3.2717383018510158	0.4405976648831796	0.0981251171043808	0.434394390808669	0.0791513150262925	Monocytes	0.9066240668024539
hsa-miR-18a-3p	3.4357095112861358	2.528454939383176	2.216938736644375	3.3896046056990343	4.732663097018802	7.552413961952225	10.847762461522354	3.520177115797498	4.005246170718779	26.54334576537815	2.575363926126725	Plasma	0.8312031387369797
hsa-miR-18a-5p	16.42736434739522	5.870904995042466	9.111354711427053	12.625229657132268	24.169488853690243	72.97453534017922	55.51662432528768	16.20254271108411	36.87288488878813	32.74648808681691	46.23992764843271	Erythrocytes	0.6494903201058619
hsa-miR-18b-5p	0.5994993657322765	0.1224410172794333	0.2291288833675398	0.5590389278557917	0.8135876127608466	4.566052020027317	1.061813702991241	2.492103772096654	0.5634411218430614	2.793198267713811	0.4051462051485535	Erythrocytes	0.7888898585800268
hsa-miR-1908-5p	1.5804499793793867	2.951635253281556	0.1176509577835435	0.5370171285322358	0.9707097727216144	5.796938944699071	2.107144706503912	3.344096844505772	0.325422069097726	18.94840109981273	18.567164803938056	Plasma	0.8084364465938944
hsa-miR-190a-5p	4.135237703309152	10.094035159241626	2.3719710602881974	6.817778910137372	7.605089100313765	605.123301790858	9.529304480759237	16.10794082407104	7.5445547850046255	47.03580870623195	103.9074759382797	Erythrocytes	0.9644453955035439
hsa-miR-190b-5p	19.338738179971987	12.356652078085276	24.31915869182002	21.996499143776543	15.77391053239952	9.774898183378696	105.97167375412252	52.01432400242002	47.33224231691357	11.505439796137756	9.90496039111142	Monocytes	0.7883237893963259
hsa-miR-191-3p	7.6620543263010115	7.468728532818151	4.719078742350591	6.302064237944003	33.97986454096642	1.0906666824940945	46.20151104872626	17.91873721136266	14.436444688305324	1.0190129718866376	12.696542417680837	Monocytes	0.76777124402067
hsa-miR-191-5p	10079.259229570747	7956.510162821693	5787.645271960448	7489.413730280883	32650.36718877328	5382.395606496037	27493.67466180048	21237.070030541297	29622.010196000323	4414.665933159484	6151.22064882526	Eosinophils	0.6152757953832491
hsa-miR-192-3p	1.3468226299116248	0.8790290454198206	4.648170513147245	5.631042032932202	3.735394728724411	1.4011735268734982	0.6660010896086216	3.8487559738835246	3.028498709269553	0.3178342085943353	0.0298909496800496	CD8+ T cells	0.6465739154720974
hsa-miR-192-5p	344.3861971230156	384.9301146965024	1043.5133933619284	1014.7164787149188	638.9783571585973	580.6735708638855	95.67887702433794	738.5182406561837	478.4748254273049	591.7770577031163	40.25698937999921	CD4+ T cells	0.5296283938499049
hsa-miR-193a-5p	18.678307637092544	14.61356737380854	3.188807823198072	4.111757606149559	10.70153794913212	3.483511981308873	47.81451620108468	9.590735177707977	108.59008361566492	58.440911610310174	2.8144247310649337	Neutrophils	0.8402818449751726
hsa-miR-193b-3p	2.547622012558832	0.030190935409878	1.2411139634066657	0.7812234063790744	0.0090007443066496	0.0011122939442655	0.0190481763943757	0.0984450375407993	0.0	0.2174091337033993	0.0	B cells	0.9058909179122292
hsa-miR-193b-5p	9.919260746695112	2.8875489312786726	4.496265809851368	2.508011476946628	0.0350303404353946	0.0215978582488582	0.3230470728125407	0.3608021763853142	0.0317612276952024	7.210144510256581	0.0254968863375692	B cells	0.8195459646908472
hsa-miR-194-3p	0.4361450707703556	1.4439595210752307	0.9717334733452327	1.388274465820454	5.97259912760851	0.1602578579671703	0.8286711555858702	2.681527116662855	6.6315504862987735	0.0367359396274748	0.1105877623228647	Neutrophils	0.7884281885544873
hsa-miR-194-5p	94.7640469182709	111.32852151674554	385.5364839365228	456.2989572472953	163.15695030881534	269.45408002767056	20.41946361337013	270.1697001792238	89.10196501777635	226.1236363365512	19.222949903509612	CD8+ T cells	0.6385532398083883
hsa-miR-195-3p	3.27680657817653	0.0296916139056028	0.201541262125656	0.4443558266393777	0.0415053841115027	0.0098578842552391	0.0857308263495693	0.904256975039612	0.0110694913481727	0.0550928224991161	0.0859407117348583	B cells	0.9429614548976891
hsa-miR-195-5p	178.69173680517108	10.471711416865704	18.457461101815092	28.82120912490716	5.849120546601989	10.1312736501024	3.3662806416348667	55.17329054555504	4.765350692777579	11.868672913188991	7.6528238774552015	B cells	0.9123869982406633
hsa-miR-196a-1-3p	0.0811439687402927	0.0068176702534491	0.0544518764268517	1.74378659253014	0.0072005954453196	0.0328195965543195	0.0	0.3470999183655548	0.0	0.2228024209016673	0.0	CD8+ T cells	0.9568561858480713
hsa-miR-196a-5p	3.7507819522017374	2.681803672295093	5.5634219115475885	127.8760233496363	0.4655239579053988	2.0134421456887206	0.2880201706276806	40.12338831220902	0.3209069280033911	0.5278932678049626	0.6094622007103893	CD8+ T cells	0.9559380695121105
hsa-miR-196b-5p	3.4992969368757127	204.5156766742988	4.128284686577298	27.12996483888553	78.20790947939493	71.81845051532359	50.162416014609626	167.6745250826414	72.94370540419213	29.44234241505647	34.307994828410976	Basophils	0.736296552434534
hsa-miR-197-3p	159.48107694571382	92.71407115567298	89.42957136509015	196.14788498996637	627.5049409476298	14.455591049450296	265.73831015530243	308.4842357003828	421.6158471458681	71.58660801138113	68.25569249770557	Eosinophils	0.7310126536266742
hsa-miR-197-5p	0.3074048859836746	0.9544156073084336	0.2283012203551775	0.3492130121856004	0.5299896557127826	2.4833871319153804	0.8388420393954559	0.7744901063408787	0.6547998995168504	6.1934001537240775	0.2738941285749446	Plasma	0.8806029401661906
hsa-miR-1976	9.66776428025149	10.104827253262105	7.6097900118571005	15.064599210027875	35.00090154460542	17.981585168567424	22.06286862504804	25.869647915419836	25.5870574389158	27.606749904907048	3.820535464872267	Eosinophils	0.5275109555038939
hsa-miR-199a-3p	355.04279857609686	449.1078022594221	142.78290465914614	131.66604739070806	1899.6074929443264	21.49158468189062	1137.7819933027015	129.18548637667814	2359.193788385184	147.83994098729087	4190.769455581788	Thrombocytes	0.8383662019264414
hsa-miR-199a-5p	34.133158941251025	1.4668566174628732	4.368744701930551	4.379645819964577	3.779951857269847	1.3689461939320045	3.887509612289709	5.969264267531769	3.31976577606182	6.171439518171291	167.26572045776757	Thrombocytes	0.9588407695746315
hsa-miR-199b-3p	354.6355980667249	448.3457821789297	142.60591106742908	131.4527747029363	1894.7232110403272	21.48412544939044	1135.6205687898205	128.98640940873818	2353.34549322702	147.7979695101836	4184.914242739505	Thrombocytes	0.8384913656195506
hsa-miR-199b-5p	11.626289469209402	102.05460280263604	54.237481179867984	49.01965040629552	919.5190746517594	1.0217006753615907	684.5253685667308	46.87603874043989	958.8876792297236	6.529038207967505	16.58255542163664	Neutrophils	0.8026889028711115
hsa-miR-19a-3p	98.6545484093644	86.68418294199229	147.28779120875038	408.58625728553176	238.2631439943987	194.35250770661295	239.18018480173475	124.2381200289154	213.3722495962689	278.5562578478234	103.99699504937418	CD8+ T cells	0.577913855193606
hsa-miR-19b-1-5p	2.1813262512580507	0.3001534417069096	1.7356197267653348	3.972636779136741	2.0879162412910675	0.367852477297498	1.8976005231745232	2.114546576627733	0.95527152507407	0.2041891332703214	1.45194082043727	CD8+ T cells	0.6652999643276699
hsa-miR-19b-3p	816.0403192750565	488.9144082767621	1185.7776869727395	2251.712230042333	1117.1747549369477	735.0592192819803	1006.5380723211956	888.9328589691139	806.2026581889212	1045.4784417298229	304.5528156229047	CD8+ T cells	0.6271872078690259
hsa-miR-200a-3p	33.852886041150576	9.76580428570297	10.170981111203858	21.53253831176592	29.18221087604246	0.4525797381861426	15.610572786833655	38.75950409783136	8.279908669881097	7.222626909301215	6.434698717245046	Natural killer cells	0.632335834102464
hsa-miR-200b-3p	27.875501317700078	8.999361213336734	12.55976463860382	21.78298031665904	23.572940811631756	0.3656497686078228	16.010492864112884	45.42744759437679	9.503875908970778	2.899710525582239	2.3837667301807297	Natural killer cells	0.722735811133318
hsa-miR-200b-5p	1.3240965861452976	0.0390856126404718	0.1979902305065213	0.5055654198727036	0.628705544936804	0.0219042798135877	0.4377539989324399	1.5814351665132775	0.207942084497557	0.1112123354712567	0.0361880054715559	Natural killer cells	0.778021624115773
hsa-miR-200c-3p	111.64679092163838	35.314176700773906	88.1314529138517	134.7589673917984	59.63200212671092	3.4961928195514718	63.43175086336756	143.51340714374456	35.25165621817872	8.529801606769485	20.99068538295502	Natural killer cells	0.6089679089121561
hsa-miR-200c-5p	0.519503391504923	0.0882850144617079	0.3123689015761441	0.4381297492871031	1.226386509819176	0.0036266125061585	1.0679465930125702	0.5868222144254494	0.2398920177817393	0.0	0.0671570341770339	Eosinophils	0.7289817278548754
hsa-miR-202-5p	0.0397653541573334	0.2995628192932588	0.0230605195335333	0.0538855817755422	1.923964228272812	0.3246055742314682	0.0110068428024977	0.058821980297362	0.0448674468400518	0.0846315330418712	0.0	Eosinophils	0.9511317498445921
hsa-miR-203a-3p	1.4189020361269693	8.382817135975907	1.5097341302920224	2.3981657819808344	0.2676332427375634	0.3852582361563633	1.71309655987196	1.6885227963890068	0.481437146827522	4.666056360472969	10.038482277825215	Thrombocytes	0.7717620772470517
hsa-miR-205-5p	1.3198173234133532	4.617617681605987	0.4033982668112219	1.9382977276818565	0.6376132459284668	0.3706383064660411	0.1677315791465083	0.4822289400509203	0.0536459560389031	14.874299465724327	4.65117945917753	Plasma	0.9015606178962474
hsa-miR-206	0.0028256416757702	0.5994712186062205	0.3372650896365328	0.0878550603078909	0.0010585644874733	0.0032435448007618	0.0018310193143168	0.1567591683589584	0.0013266702082746	14.440398183217008	0.0997456785605674	Plasma	0.9910571603388496
hsa-miR-20a-3p	11.102324370322265	5.100465126883284	11.960792408252734	23.130955817572577	13.026909021129429	6.59135562672166	13.44472973157821	9.850674371030284	8.530095933240183	1.0358989579590347	4.501578914219865	CD8+ T cells	0.6319009679805256
hsa-miR-20a-5p	1165.5665808518238	388.40246568461134	1198.9590166521862	1761.113069193328	1022.299372178912	1188.304609349252	1423.5003121303075	843.6550810069593	686.9559550858284	867.3294110741874	759.8643359805003	CD8+ T cells	0.4580224684627121
hsa-miR-20b-5p	163.01882796835136	69.96444136274614	105.8519441003467	139.75026882969345	60.9607749128861	627.9843023352825	188.02134397216312	1082.747632256974	11.243239107307565	522.16724404311	54.57271171649837	Natural killer cells	0.8204997138347825
hsa-miR-21-3p	10.97549922100295	23.68911422134998	62.77293593476983	52.37277012398936	5.110824792729823	1.7703143294440458	343.63953320835486	22.84904172840388	32.71447408502944	2.408215326482962	16.513957768379605	Monocytes	0.9327268474109425
hsa-miR-21-5p	7583.166091872011	12245.280801258608	37109.719048368985	33732.740726961856	4367.496392945317	1364.5154210049975	32602.032228657816	17101.391965793027	5506.731074522515	1881.4735728881217	5325.258251161542	CD4+ T cells	0.6720263864880563
hsa-miR-210-3p	23.25565817784914	3.2656443543434794	10.4145919764559	14.270360366006596	34.00952127164168	35.06455093294963	4.091325683297447	19.036867471454148	2.1349443237765104	38.349471902423474	7.050868152922146	Plasma	0.6020953480168952
hsa-miR-2110	14.011639809310566	12.3601149918981	11.475341545969432	24.264442543093978	24.109308317235243	25.48829077191227	20.19038372664967	30.10214497465808	19.96297100700452	58.81246257788223	10.682367897227657	Plasma	0.6724384643308426
hsa-miR-2114-5p	0.2226773746397852	0.4021129290092171	0.3399538983991202	1.4845481066335136	0.1033828328465601	0.0030096442847246	0.0383114828826753	0.415017226639123	0.4471630736352888	0.0	0.0533902187769334	CD8+ T cells	0.8635935964577443
hsa-miR-2115-3p	0.0151872438282857	0.963701680849119	0.0979907744430949	0.0328453269540993	13.51808020595158	0.0	3.914233038494977	0.3413066699404924	24.483389560804177	0.287093072745225	0.0104633225787417	Neutrophils	0.9216574923657932
hsa-miR-2115-5p	0.0023466253089913	0.228690598162602	0.0125500498332895	0.0027371105795082	2.71598657245659	0.0	0.7452144767540787	0.0541433440954288	5.792379276294669	0.0215726396799655	0.0	Neutrophils	0.9346858823220816
hsa-miR-2116-3p	4.087341971535443	0.1240880844982676	0.1350380149338771	0.2540786072086454	0.0391620291492599	0.0081015440862818	2.689627348599914	2.634244800817977	0.0464893775044328	0.4105036486668281	0.2279900835383484	B cells	0.8392763907509306
hsa-miR-2116-5p	2.161877220656104	0.0275232675529152	0.0655121003405843	0.1221059520625129	0.0253178788584223	0.018511466535324	1.4064997285434175	1.287193542611183	0.0260325685774336	0.1339758785542463	0.0352552589755682	B cells	0.854389157139264
hsa-miR-212-3p	0.1786689939206874	0.0173540697360524	0.5450677816192078	1.7259657761597855	1.627281509333427	0.0036444657121425	0.3683627219834005	3.324541341471112	0.3946439389673272	0.0772977362416442	0.029355357268298	Natural killer cells	0.8505766107049284
hsa-miR-212-5p	0.136170602309862	0.1032952464674237	0.4699241883743748	1.6381587504341484	1.0927473932084375	0.0430606098244802	0.2757236177166109	3.5945312942561887	0.4274827902933643	0.0182822324062902	0.0313012777043492	Natural killer cells	0.8821502342876133
hsa-miR-215-5p	5.794190078788704	6.640880427484664	23.014856717253	22.646044012945097	8.75633555658376	3.347139556185811	1.2676486952540431	12.970692959849693	4.345497284551389	7.562931507817529	0.5528986911296347	CD4+ T cells	0.6789714588350956
hsa-miR-218-5p	0.0535437616791093	1.4857579218090275	0.1528229131483545	0.3657520949473852	15.029759539388056	0.4698969525534003	1.814182744810623	5.200398676590518	7.86981063011466	1.751666098642212	0.4691077839263633	Eosinophils	0.8693728963076875
hsa-miR-219a-5p	0.1236195723580558	0.0960120331913992	0.5580115474065968	2.2078921960749858	0.9025850284868042	0.1072445718823164	0.382797399529997	0.493599581642724	0.6569394525350779	0.3175334846979524	0.2823528106933314	CD8+ T cells	0.8224235997847108
hsa-miR-219b-5p	0.3067282140211414	0.6287802702846387	0.3590385600287453	0.4552494249563451	0.7166734367145635	0.317268917525066	1.6332708574678945	0.9884110446267792	0.6981829312695482	0.4740766415217392	0.2345478199110006	Monocytes	0.6829088551247006
hsa-miR-22-3p	60.05826282509023	101.0247934609398	177.27676242635135	569.3378258705806	222.51603915130167	368.0900627112577	252.59494659897356	654.9574756232472	154.86319136448438	651.2890670586568	240.2940365849296	Natural killer cells	0.5728967006001946
hsa-miR-22-5p	2.773255807624903	4.428544831763587	6.42852775750026	22.744091654177723	15.120828210864056	2.1343774964701696	15.041060508483186	30.28047896141691	6.484459168634804	0.9458880418660234	8.890478113623493	Natural killer cells	0.7193191306540972
hsa-miR-221-3p	2057.654401380312	883.7081286208205	1219.673247641521	2136.9803487597324	2726.4994211057538	80.197173124127	1526.8134981068129	2331.686104738171	834.3875176417891	163.37507223079183	1516.0667661142934	Eosinophils	0.5323475163920157
hsa-miR-221-5p	54.6214201776405	29.469103162979952	30.80711999951938	65.23164351311662	42.64833063624015	0.2204537214183626	34.840324358128775	46.66519321853999	27.18173946832614	0.4160465054288848	32.03591070084129	CD8+ T cells	0.5417781526707046
hsa-miR-222-3p	670.7088420391063	164.88943223364402	337.58329674726144	468.2047184949425	177.14028516095206	18.355436019253997	216.61713482174187	635.5572105711854	135.48620524972685	31.62383084117112	171.48242530642622	B cells	0.6485896967929221
hsa-miR-222-5p	1.2972347172093337	1.674912145636932	0.7293019058070809	1.320940701816181	0.7211488242207751	0.0320227564018981	0.8056531068992054	2.434827698685325	0.2706254569231257	0.0	0.6441966238525536	Natural killer cells	0.6921327844752818
hsa-miR-223-3p	5891.484931282908	41148.13537587776	5899.733951400483	982.3666945808418	300959.53429289313	234.9967103784031	153195.0808199948	12921.93427764714	303180.3614142713	3625.581743661749	23693.725141402432	Neutrophils	0.819067247172528
hsa-miR-223-5p	223.84458071314583	715.8850394963508	47.74280842972748	13.564268118362133	1369.2312117585243	7.330525732464389	1281.2435403126924	136.0451505893747	1433.7838351157573	42.94074138647252	237.23500583793464	Neutrophils	0.7157826185112452
hsa-miR-224-5p	36.54882041162388	3.133556127025037	0.4919917901297362	0.5460076938964676	1.4299449578621295	0.1334441561258912	3.391369442365246	1.038793575523333	0.0789420124365679	5.512871209383442	411.2892822911681	Thrombocytes	0.98728249345935
hsa-miR-2277-3p	0.8063389774865967	0.5215457616194352	0.4981481739943658	1.285528814869212	1.4542431192816667	0.2164251821634991	1.3755617791541244	2.1449515965261687	1.3300428713632717	1.3806104191106077	1.1529824971824527	Natural killer cells	0.5327900353343489
hsa-miR-2277-5p	0.5949849324015318	0.2330851759242644	0.615491457401893	1.8417935548216544	1.9011310855907089	0.0747382088466637	1.5998020229620145	2.484447817125925	1.0211862002354797	0.0720107785887077	0.3464702891373748	Natural killer cells	0.6658938195967925
hsa-miR-2355-3p	3.5365719207313213	0.517405562313058	2.2187262351441817	2.2911351409913348	18.061772309373858	0.0121829825399236	11.54120370880925	5.692221058293769	21.233379135286675	0.2996641710519431	13.505047461052143	Neutrophils	0.7283713996588886
hsa-miR-2355-5p	0.5231642646580759	0.0241717399895016	0.3938116839286258	0.4615953122053658	3.890713585753759	0.0009574494343666	1.7244478586544894	0.99401336101331	3.011006586438477	0.0020169545196925	1.050103781152716	Eosinophils	0.7896198522048532
hsa-miR-23a-3p	794.285409481236	1292.39027056369	3353.492783959724	6242.288423028824	6953.140618425606	75.5745784102258	5564.378938746828	5859.929195769978	5695.32544032698	369.6789481764751	1433.821359628458	Eosinophils	0.5587437816691311
hsa-miR-23a-5p	2.4438803161289595	4.671676185753982	2.193288039742342	3.8529305020935913	9.656367204937428	0.1023619587238991	21.884215086056784	5.2554588993540605	8.636360014655185	0.5428157357855983	3.4040937210148337	Monocytes	0.8137505392909474
hsa-miR-23b-3p	242.4451588818263	184.49401522279925	929.2384260673072	1670.3888707186345	248.24240767976983	43.09037101865675	216.94256380472973	933.84131905471	243.24245249077424	86.06085868064432	271.4067334449912	CD8+ T cells	0.7965141910408029
hsa-miR-23b-5p	2.602938745275845	1.1504029695116476	1.199950717565317	1.8271511525907624	2.129197523987708	0.5654848690423843	2.500177523984144	4.368344093297066	1.05713173987502	1.032758838682417	4.624298048228623	Thrombocytes	0.6013765120335738
hsa-miR-23c	0.1766366865423789	0.1449555441066493	1.180867789131535	1.9920051831727263	0.4549864052352611	0.0267028525574106	0.4663610415612074	1.0252498037395406	0.6366683863520698	0.1083033986445421	0.161687869217089	CD8+ T cells	0.7799995796141618
hsa-miR-24-3p	751.4316899850778	1285.5002764673134	1995.791982567671	2735.9498200932294	4411.525804865267	218.07686803670043	4631.975224902695	4513.290391238831	4781.316387434033	306.779521718732	1423.909003099919	Neutrophils	0.5341402078825984
hsa-miR-25-3p	5322.133246370328	4054.278385099572	4795.272250056149	6757.789874339099	10219.6970144254	12969.152903327193	8835.13494951096	8978.873105414294	7413.850457835805	12976.03450741095	1707.2013699573213	Plasma	0.4524260588567664
hsa-miR-25-5p	33.577841157589845	12.294866212442242	18.390506529900318	33.03778306068592	24.93335786694689	10.28281776206078	22.41425379781879	47.030312786966505	13.667131244463723	20.081835971472884	5.780298753754707	Natural killer cells	0.5865205208436826
hsa-miR-26a-1-3p	1.1060185917731171	1.1457075072020748	0.3343957565000494	0.2732371716601781	2.0749861250318338	0.4759593721027228	2.05497160042509	0.9612162670281412	5.457919459325837	0.2806430220032024	15.588107221715775	Thrombocytes	0.9091290900711863
hsa-miR-26a-2-3p	16.88469690316569	19.697899334581425	39.073741388655336	30.62144679631761	16.505205956232835	0.3425177632830719	27.103212769972917	13.507705254723884	13.937623564138224	0.5822409696587105	1.9908661382872148	CD4+ T cells	0.6387000311893607
hsa-miR-26a-5p	32297.468367925063	12579.938652916431	38326.79871963042	37794.14747046257	20053.37372976565	4731.782325064869	9953.965457152626	20569.70566222512	17451.641761603383	1039.8362366902493	7435.103562722454	CD4+ T cells	0.5723437158799864
hsa-miR-26b-3p	24.784336177157392	19.01886662309145	24.89108659283095	31.28208128314457	69.07711440997338	2.517417478680124	75.41205567629564	55.46857330129846	52.568525592217	1.5329554513497845	9.460124113057306	Monocytes	0.6146490393124964
hsa-miR-26b-5p	16367.865946548318	12629.153838340108	19084.202529607883	26398.142351615235	32336.44701781412	6473.689243234475	28725.63870109741	47079.16235340183	37454.8911054083	1456.4267866859104	9475.42553806406	Natural killer cells	0.5955707928081736
hsa-miR-27a-3p	575.0330953523996	807.9070961743485	1998.8199998388968	2487.0092695911326	1393.4717945857485	59.58531631526039	2710.6603176049102	3086.862499430265	3338.2100928895597	75.65059192609228	442.4425426269774	Neutrophils	0.5914744086211351
hsa-miR-27a-5p	14.171330328671996	28.284990857172275	37.03577368758006	39.45878680100972	80.36713430477701	0.0023656796582202	288.9215913747716	49.18730922332288	75.26127842768196	1.2359186535255815	11.081087257280988	Monocytes	0.8836757150542168
hsa-miR-27b-3p	413.96573889491776	246.92484018910585	448.3521429161111	485.346642499769	467.149116911668	94.33338582826816	757.8111510143	833.0173942654333	652.3963138240997	91.12481530643583	683.5311135004362	Natural killer cells	0.47889020196114734
hsa-miR-28-3p	1348.2372433727128	290.0296168193571	879.2113269739775	1275.194588890966	402.1882983365335	8.038993666664755	1011.6408292344764	2205.567046352367	481.4258304849968	50.43589984242342	345.29373891683593	Natural killer cells	0.7238036188193157
hsa-miR-28-5p	26.623693439494176	4.459022202713104	18.729431170536333	36.87702961193044	18.1862109643016	0.2815803461199193	25.49805265324861	76.01391721215192	20.472532854246985	0.1818333701335415	12.025093096445966	Natural killer cells	0.7851255589771666
hsa-miR-296-3p	4.954802470695729	4.17860929363313	3.6589695013776886	5.688001258968223	0.2796278908627412	0.0557163055168099	0.1872878978108392	3.044461408390829	0.0416950053949766	0.2152271939892151	0.6247236278442047	CD8+ T cells	0.6968861325701671
hsa-miR-296-5p	8.050315918321461	6.261128224615385	7.963033229568106	14.445900798586669	6.468971978935683	4.101447613541367	0.5718116293841636	7.076140890918417	0.8655441240497902	35.767019704277786	1.581586918481267	Plasma	0.8395564355071528
hsa-miR-29a-3p	27677.77877413354	9763.147911801529	33757.17877260517	62856.87424746997	2673.3950906514333	50.56729132203616	2371.8704471938263	17321.564793388694	5384.474511666659	304.6348067002822	258.9992373912435	CD8+ T cells	0.8416026682382127
hsa-miR-29a-5p	6.420776280418517	2.16776246120916	10.683133140625776	31.615984166551407	8.509543113892597	0.030036470423493	3.212588633535477	10.265072061907546	12.359203670365662	0.2394815744831957	1.6344861925279344	CD8+ T cells	0.8243860342701912
hsa-miR-29b-1-5p	23.964810967118567	5.182376493348781	17.467892280493672	24.681526137397523	13.213560819940414	0.0931885008658764	11.570963631653992	21.604144517183336	17.523363920830185	0.0064494658552378	1.2108735362133145	CD8+ T cells	0.5468771926382352
hsa-miR-29b-2-5p	32.63511875209541	7.591280391097448	15.356960649106105	17.28038557117914	18.032125912965885	8.458167805691263	20.666568923353363	17.88558324842299	14.49190631831603	2.693701489900932	2.878220684389172	B cells	0.6159508352137529
hsa-miR-29b-3p	10976.973212892084	3749.456243071128	11633.321667783575	14739.765885705385	615.6848633093731	428.2935415135975	462.58608451192623	4186.262862835734	1475.3753828120566	290.4327960520992	97.0551719207891	CD8+ T cells	0.7699051525669514
hsa-miR-29c-3p	12191.093263570145	4282.309473568379	9736.752271237518	18837.69688713613	2717.233135946027	871.4072142970797	1272.6129956415568	4524.708176836443	1839.508292654368	1269.4842216648449	287.92128574108744	CD8+ T cells	0.7930053203171297
hsa-miR-29c-5p	167.1296253542578	52.91247806704399	116.78836808081242	238.85370532873887	144.38134035906174	11.76977878275495	68.06984911712787	87.44734257194177	70.372757028422	17.087304195837465	17.526334375947126	CD8+ T cells	0.6845411391478431
hsa-miR-301a-3p	12.21296840742474	23.4929005287692	19.100580463050104	24.81800878668997	73.01209006935612	93.26920118337442	127.18700682956258	37.60082495662319	142.27014444412	32.51331168098774	76.01712791458904	Neutrophils	0.6350435835648112
hsa-miR-301a-5p	1.1621413979525688	0.6962349459337682	1.4029527287732246	1.3208729418964305	3.4453735019198315	1.003009230361874	9.166188939153365	2.140217743663568	4.317740040051364	1.012594258191248	1.4793545440862892	Monocytes	0.8038389623846119
hsa-miR-301b-3p	1.0047662069806362	2.275963518757559	1.700363979741224	2.457061284025386	9.662547911728794	2.565765879155125	8.737642220053376	3.778558143723479	9.091647338412812	2.151740849416752	1.647124757888299	Eosinophils	0.6335269485683814
hsa-miR-3064-5p	2.1448563765114583	0.9507769764910138	1.5506193625189264	1.9864485665639957	2.037340893089989	0.8754732648762059	3.1485700361825617	3.770685830600313	1.5389326730113173	0.3841053797699396	1.9761388560956492	Natural killer cells	0.5599404689075005
hsa-miR-3065-3p	0.4282901618311608	0.1576228899072823	0.3523603298562608	0.4823299595512661	0.4957051373508127	0.0135159369867263	1.277140767382561	1.3208742506611015	0.9463692524485784	0.336450560524007	2.058074427102578	Thrombocytes	0.7176652520443496
hsa-miR-3065-5p	1.1149722825068058	2.144985181915211	1.6974038486532903	1.5279283225092202	1.8980434047029848	0.0492159053285645	4.962797757502553	4.711060179352419	2.889848973557069	1.0592868223063856	5.0825478211380375	Thrombocytes	0.5660534154424143
hsa-miR-3074-3p	0.035875292241311	0.0598569701613176	0.123682219293776	0.4310977941767386	1.2411577082092726	0.029668656719457	0.5905983996615688	0.4676131010517743	0.198795017558062	0.0136960166368253	0.2176015324197322	Eosinophils	0.825285297301241
hsa-miR-3074-5p	1.0160259940045195	3.85355357897966	0.92322932855218	2.085299529459048	5.339991910448276	1.260058883433347	3.593476061893216	2.757868143240626	0.9527498791255512	1.1046169962689234	2.137716702317207	Eosinophils	0.631374065216106
hsa-miR-30a-3p	25.827992776686777	16.571151104123395	11.828125781601605	13.68592911725612	18.75745072320797	1.699772629735577	12.068016251498948	24.184501048304465	19.87776556038912	5.197535043172556	8.39089294394943	B cells	0.48791552891162887
hsa-miR-30a-5p	54.14621126333432	6.9700143393843685	9.803797132584194	17.49029596605242	56.81615062253141	9.774586043345128	13.756281080038738	11.255808353609686	8.73174509853986	175.2983352250892	84.20476740545637	Plasma	0.8442942102362812
hsa-miR-30b-3p	4.151220691520383	1.9370840099339195	2.0265968017786764	2.47452832427864	2.32687330811154	0.1948133363394661	4.364244471728522	3.527561735398685	1.11995856135051	0.1942596083795428	1.5096313007827815	Monocytes	0.5540458880351007
hsa-miR-30b-5p	443.4105566876209	152.91508458584784	422.26788305063167	579.4616744987956	338.07897499885274	75.05390346515006	316.163654866951	380.1103736338228	169.6049285504455	35.20063355501075	80.66051033151946	CD8+ T cells	0.583498510783586
hsa-miR-30c-1-3p	20.07524948457821	11.366032246426196	9.973007581501484	10.774113448467402	18.07448832187384	1.107784124070213	24.171537814062205	17.84934309000563	20.27667170784169	0.087950104262595	4.253206551714634	Monocytes	0.529041769967508
hsa-miR-30c-5p	1516.0034961188685	519.3563308001995	976.467748378664	1290.114853117957	2265.127218298391	343.6005120332571	1986.9648910876097	1690.0925380329566	1639.9370930736295	125.1417902077384	364.6544379703324	Eosinophils	0.5385542319043248
hsa-miR-30d-3p	10.304768155436244	5.935449770067844	9.979561373903662	13.590643242699056	7.719848674883193	1.4664671332147694	17.540817309934152	10.826340272762272	3.451627795650883	2.7141090298317887	5.922971633885052	Monocytes	0.5900317196644657
hsa-miR-30d-5p	3516.897063124308	1693.859758512358	3543.3969038220503	6258.901875285796	3653.164565223067	1650.754539056285	3333.921586316176	3171.747349350699	1589.9072906782285	6482.468497107659	3727.097355819022	Plasma	0.5042066413199228
hsa-miR-30e-3p	924.0450696729756	464.50922216878246	680.9197129547056	858.9311734368722	1000.473527601521	145.36897323700137	1061.6911658810482	890.8215933019769	1288.146351241231	31.10577085970288	207.44947444183532	Neutrophils	0.513617712962561
hsa-miR-30e-5p	3999.464043383656	2392.893027993718	3816.837384341904	8687.000312992732	6032.2501697092985	2002.2875526402215	3306.723988788813	4432.997489998993	4783.463781301675	4099.874098230164	2354.888468998088	CD8+ T cells	0.5715243621009678
hsa-miR-31-3p	0.0	0.0718954317636459	2.950443510912641	6.931590901018721	0.0069733437212297	0.0	0.0	0.4304328580283885	0.0	0.0	0.0	CD8+ T cells	0.9500872859660913
hsa-miR-31-5p	6.263291538935484	50.86365579535554	638.1918338008874	973.3254278612288	1.7020129162183255	0.0112425282734444	0.0651461788957808	96.92368303211612	4.928591672958586	1.0767732973048578	0.4531984501054289	CD8+ T cells	0.9177582947801937
hsa-miR-3116	0.1583954933864809	0.0439448952184698	0.4406083844615064	0.4857379425807346	1.1964794368682723	0.0	0.0084463715152488	0.1086841994727573	0.0430114472008077	0.0	0.0	Eosinophils	0.8922815809346918
hsa-miR-3127-5p	1.1819812185839564	0.4506633227713125	0.2198671999532288	0.4522270325075694	1.0983097603218304	0.7005436780745201	1.350246120667425	1.9326736027772444	0.3439719545642968	1.2891625218234517	0.4373616581154449	Natural killer cells	0.6106774337596065
hsa-miR-3136-5p	1.8156846903104111	0.4046146533722776	1.2616783168021644	2.3516914760635226	1.6858460069847787	0.8208068378521514	1.771117017717985	2.5411958386274547	1.082349935431571	0.4001802794472345	0.880612806389766	Natural killer cells	0.5091058378598003
hsa-miR-3138	0.7200233486442609	0.6760340302490883	0.5506097567114695	0.9776712133481688	0.9298357540872568	1.3893065625517322	1.1939361905166046	1.6535596062130944	1.2263352188947356	1.9064223162988876	3.7375397658560487	Thrombocytes	0.6997026198878554
hsa-miR-3140-3p	0.9423668640783024	0.4178816028337503	0.5875582753098767	0.9432678726384188	1.6598986829268665	1.68755238991842	2.306782089877806	1.4636607626504408	1.3425598417277085	1.4921684301883038	0.4617622055502435	Monocytes	0.5232026043515473
hsa-miR-3143	0.1390100561995129	0.0179738579409114	0.246202111634531	0.2903541302713119	0.855051661201857	2.1642626557630957	2.163458806692433	0.2904432473264774	1.0493317947308418	3.2091126272042083	0.3224324885526307	Plasma	0.7650901764429131
hsa-miR-3150b-3p	28.342362040093064	7.7235538175019025	0.0808470200378308	0.0997538794779952	1.515141141437101	0.584190708588008	2.816612328770437	0.4544583126189605	5.441239107225396	1.047273929378966	0.0627501893506358	B cells	0.9300488067778486
hsa-miR-3150b-5p	1.4870418311202551	0.0	0.0030294197001393	0.0	0.1744692155189909	0.0020678013066071	0.4238190679291005	0.0051757001144346	0.7675246848655343	0.0364366075215736	0.0	B cells	0.905011246664644
hsa-miR-3154	0.0117913447526095	0.3319411237053623	0.0873367392588089	0.0563263188451428	0.700422875966682	0.0093368342911133	2.3882990962687924	0.4019197400821975	1.7170713541405471	0.1032274436126825	0.2394856711610691	Monocytes	0.8468006184178356
hsa-miR-3157-5p	4.046596377715463	0.9080196564428852	2.1772407016308435	3.747909873784835	3.022534180128063	3.723449955913359	3.4368358243029644	6.572563616944565	2.3897483296041875	2.110787762512143	0.7886379633093974	Natural killer cells	0.5990641983683914
hsa-miR-3158-3p	0.3572275016399751	0.2011905558917407	0.1741787743917973	0.2968325098410205	0.2050609419948506	2.899933196633287	0.4481280499425528	0.5063136883313971	0.2810444390377612	3.7486645971323407	0.1571822050471363	Plasma	0.8525583786028859
hsa-miR-3163	0.0	0.0037187292291541	0.0173885431513017	0.0195493989719272	0.0026556081513355	1.6627942365871269	0.0641246715842779	0.035058415754942	0.0056072495217472	0.1597043531223309	0.4199293350218144	Erythrocytes	0.9562341335749092
hsa-miR-3164	0.0775610700484857	0.0111561876874623	0.0955765376559747	0.1357131110192708	0.2259629135966109	0.6451075274524919	1.0679942506605278	0.2599018714881947	0.3111814668311813	0.4468727099436659	0.0634235651695526	Monocytes	0.7872219855596195
hsa-miR-3168	6.597443917669862	56.792892456423445	1.3135052566661558	22.965120697492047	120.7970251573002	1.3467457502907578	8.8265616216292	25.480199861257194	3.033943861778856	104.26075482510798	650.4411137232925	Thrombocytes	0.9459729426705471
hsa-miR-3173-5p	10.552110531333613	13.618000230139794	5.087044187186161	7.163358298691392	12.975546688603934	11.14706299031471	13.573169617209984	15.6600441270755	8.348435711515501	14.663078786609034	3.393103734760241	Natural killer cells	0.3581058267737042
hsa-miR-3174	0.2469328380648371	0.1119829467791555	0.2365777637819194	0.1652866424676053	0.626038761598886	0.0469849018498498	2.749745050877432	1.1037394682502557	0.4720503765376932	0.076029497146105	0.6501820391911028	Monocytes	0.8641399414656522
hsa-miR-3186-3p	0.0	0.0345042764988465	0.0061668988982036	0.0	1.2359713180976022	0.0	0.1316380058123937	0.0322531484846238	0.9289963901223732	0.0	0.0	Eosinophils	0.908286001202584
hsa-miR-3187-3p	0.32767108173947	0.0039615479367662	0.2863963796288788	0.6931939452079543	0.0826870192966496	2.1818715989624136	1.5677775416214377	0.481045359227911	0.318323415324203	7.711385544519985	1.2521912219316007	Plasma	0.9066948595769483
hsa-miR-3194-3p	0.2626459290274309	0.131263274461191	0.4301734134099106	1.428755052729286	0.3978851196119054	0.0309171004547319	0.0028860403670466	1.3084837791824713	0.4741904744720334	0.0053715732048739	0.008638829220685	CD8+ T cells	0.7863555738556225
hsa-miR-3199	2.503775111080865	0.1569920447233135	1.1329753281748745	0.9027270676071216	0.2007605852967078	0.4315825070615027	0.2488874552867073	0.5353648790431467	0.2037287112513929	0.3468985920032544	0.0841500235307358	B cells	0.830493274927291
hsa-miR-32-3p	2.8490840698471507	3.290693751569849	4.12331939340274	4.0527313361489	5.811503781863483	0.8097924364260233	9.71953920558044	6.178052079791652	7.535638010327457	0.2518666919972597	1.520929493594093	Monocytes	0.6252537257727597
hsa-miR-32-5p	161.61594816466257	128.98578614724468	357.82397952116906	702.786705278402	67.7614209320691	93.51393759676324	39.51425357371432	188.0459768610511	69.64052086216262	169.521329408152	20.099173026870854	CD8+ T cells	0.8155169532439783
hsa-miR-3200-3p	0.280164134902861	0.3773224620544262	0.8724283191980756	1.0916204206790192	0.2204670131234825	15.528131042503151	0.7484845557722006	1.1604188173793244	0.5447236383491542	19.772921652137786	0.0	Plasma	0.8946854654546699
hsa-miR-3200-5p	0.1177836829116685	0.3556387812856688	0.0144470455283244	0.0667309784085464	0.014678928399042	1.6100673396035252	0.0017762709694827	0.0131274838666771	0.0292400521796475	3.431208449202324	0.800316921676973	Plasma	0.9118733959304478
hsa-miR-3202	0.94662335222525	1.8859960331295011	4.144880987539731	3.630044942275229	0.4502520286829613	0.4943082588639233	0.9246046206429834	0.863139345104537	0.7167310097528415	0.0987368051217606	0.0432227910800031	CD4+ T cells	0.757443959980947
hsa-miR-320a-3p	853.3353934927885	171.6988125281144	543.5282513658315	879.2660908955215	394.3286164005066	615.768712314868	499.2959606276355	474.6603320361915	171.5457854023643	2136.818680985034	494.56697737741376	Plasma	0.7614212671478913
hsa-miR-320a-5p	1.5653233057518512	0.1605936076408083	0.995249369505205	2.5861728318336152	0.1247963305827888	0.0186737488739961	0.1081772326649796	0.7293656827298509	0.0278894381983889	0.070013995070632	0.0085960542869953	CD8+ T cells	0.852729147935364
hsa-miR-320b	85.03380526852241	16.59093801705175	62.53164063779635	104.46903833575628	17.883976213361574	21.12665563885069	22.979222897386265	42.28027512595068	10.346703459086456	92.67526663602958	10.558526756456656	CD8+ T cells	0.6343347112828317
hsa-miR-320c	63.193526045690064	13.512597343388425	46.758394715292006	77.51442191143326	11.982708414863207	13.2088467997642	16.50348593083851	32.240852413749806	7.8546151096302035	57.08470676559216	8.9483449511819	CD8+ T cells	0.650015994701012
hsa-miR-320d	39.966631501759295	9.608226710358078	30.02167173622345	51.13263241331382	8.470865452421627	5.441411008803595	9.549711159209254	21.575749616746776	6.219489499777154	17.52274804333362	4.57266064354506	CD8+ T cells	0.7008775841308861
hsa-miR-320e	0.9611819493539816	0.1733508731681646	0.7737549965777358	1.2369074296063418	0.4469464260124331	2.5562374936313192	0.3482680496496237	0.5086313594759498	0.2762656219350599	5.959951623468077	0.7619690996681098	Plasma	0.8650406277224407
hsa-miR-323a-3p	2.782395581006834	0.4626097659974443	0.1230027399262937	0.2101882610206374	0.2056255496957757	0.0043627899975298	0.4545841035114659	3.613601297716782	0.2307424365606712	1.7730168585610795	22.715437249655466	Thrombocytes	0.9565928259463987
hsa-miR-323b-3p	3.966119942783708	0.0968914297124127	0.0933390014342886	0.444227574188096	0.3044685794124159	0.0359435830478746	0.5941953061414894	2.95022715960066	0.1851852549710205	2.184368596759048	31.889582038636924	Thrombocytes	0.965960775481788
hsa-miR-324-3p	9.417223660249023	3.945231195339765	7.414880059712334	10.028285469903205	12.929302354007756	11.673080871611544	39.76205776654436	17.4253164900911	6.344462156602044	29.04928859296496	18.014358115255874	Monocytes	0.6825078075512565
hsa-miR-324-5p	49.72667488397308	15.60105958787748	32.1043596995708	42.323153411018296	26.117149468244715	147.90234256537363	57.46961738197087	68.09351287685432	33.63899522582603	214.2127625032637	15.335005373530326	Plasma	0.7720435212319343
hsa-miR-326	4.763872452402574	1.8479137098086904	5.220904147746542	7.052562861933644	22.402153108675844	0.579587020339432	65.71555150137353	16.610074125714746	6.744978270147622	3.887478509398717	27.097765155313805	Monocytes	0.8536004230909168
hsa-miR-328-3p	64.39242642210203	63.04364065834185	53.65387566374736	76.8237587596267	119.49237518393323	42.51796363670973	72.5432217284809	91.67720061306376	89.57317650112512	131.40304997918096	205.6307094277377	Thrombocytes	0.6084628159933255
hsa-miR-330-3p	4.182036933578308	2.4589891180615293	4.12004729837415	6.716276210352115	5.542767806411856	0.0573276424488538	7.515581248541053	15.785227615228798	5.802336798963784	0.6288648290815612	5.67324941765875	Natural killer cells	0.7295099041696456
hsa-miR-330-5p	4.705673495360641	5.103620757874238	8.12949737148278	18.61678208359333	6.022654804080669	1.0704305658875235	9.146690076889634	26.04397004002105	8.728085825065914	0.3905374709141916	5.556660261005714	Natural killer cells	0.7409356845040354
hsa-miR-331-3p	22.421900330527173	6.822836282876064	22.32737700736852	29.72418086511632	25.10369247131459	13.815352033418243	47.38249399028015	23.06236443711086	22.7664453588464	14.539134253565152	20.182192427924992	Monocytes	0.5762876569788571
hsa-miR-331-5p	0.9831798880801949	0.2083053976534336	1.3805037885714802	1.3880767507866028	0.4679532614552886	1.682635877276088	0.980783595997808	1.2526638335657228	0.2073250759320329	5.413190029286009	0.2406455068610611	Plasma	0.8375805591783487
hsa-miR-335-3p	5.730584720075232	0.5073374286375082	5.566992631775162	18.249163716328272	2.4206141521504496	0.1989571074353666	2.5694221968530515	2.9341067210445133	0.1298046643327914	0.4542760620962246	19.291915425776423	Thrombocytes	0.7990802958376095
hsa-miR-335-5p	173.54477852551645	98.86189070241817	187.9727078281509	406.3247881310805	161.28284022424268	52.42810379125	154.0455671557122	84.42475903149897	121.44329542750953	104.4868882020132	450.6057819541158	Thrombocytes	0.6571691529744512
hsa-miR-337-5p	1.157057776037236	0.0334685630623869	0.0688190726559904	0.3457325313653286	0.14236472320059	0.0011360092634375	0.3433611656216624	2.534989392556706	0.2655930244672376	0.4930109337703478	20.314490354851955	Thrombocytes	0.9734892035294668
hsa-miR-338-3p	12.995821174254568	47.74122044847452	34.95862524760786	59.08580660198928	90.04279561266776	0.2567255522079643	346.6425256184521	619.2616940070761	1305.174253815787	6.904506656145335	58.72449542588069	Neutrophils	0.9021882164306824
hsa-miR-338-5p	0.0392111537449038	0.0037187292291541	0.054130898670946	0.0789506165202037	0.2858376290266269	0.0	1.0650725670942198	1.2311498312221154	2.968247235137333	0.0125336708113725	0.0368653329127528	Neutrophils	0.9054165570846593
hsa-miR-339-3p	147.503489962625	28.49168990092608	138.52620223403014	255.8628500247263	180.74274852933655	20.696467792439417	93.0543386605296	106.76790567223726	17.116194465221454	54.74751981948732	36.92311271183394	CD8+ T cells	0.6777298190538481
hsa-miR-339-5p	484.8275385048083	95.85075157585165	388.8894875530488	676.1442697451587	893.931026773548	44.33995030172647	568.6781041579876	413.9034648322618	53.54520593385618	85.60374478456932	175.21485640104896	Eosinophils	0.665858183201086
hsa-miR-33a-3p	3.694599524976401	0.7619482347564493	1.597170515474091	2.382536761648228	1.949234260710143	0.0758303283995441	3.5899250012788437	3.353746494169197	1.435124616206375	0.0164427853552222	0.491236215916671	B cells	0.5763222750369744
hsa-miR-33a-5p	17.278326150998314	2.7450603036947583	7.837186299862437	31.355131658225183	5.653878571410508	1.0245119080157132	7.891863269782191	12.9307901629234	10.499400347740846	2.2359722667513724	10.680447558496038	CD8+ T cells	0.7487574356301245
hsa-miR-33b-5p	0.3460595923696714	0.0843958562610982	1.053986358899917	3.756813164390695	0.1665756719743671	0.7377717176922437	0.3249992330935534	0.5842106188273607	0.7169544667023158	1.1122516129805633	1.1066487742442963	CD8+ T cells	0.8340653732228805
hsa-miR-340-3p	4.9591961592957325	20.708400334542223	4.175347599653596	3.830915318627718	36.12052926435057	4.638453989223828	57.43885063800213	15.23274810053728	26.082846937522284	2.587072320476812	10.128411025451287	Monocytes	0.7763466371231873
hsa-miR-340-5p	51.326991764091375	361.86041899690895	86.41470796589034	117.47104693228576	1203.2297067244267	34.06922513289748	894.9205529300367	195.02188570426063	574.0903798661527	37.04766375843344	304.9650772804151	Eosinophils	0.7791620390120619
hsa-miR-342-3p	13878.84531725817	6048.922079031896	27843.11570262549	40565.69371522124	5533.504455949492	71.07557858481462	2277.9272819947973	35650.10626846866	1048.9992666814408	544.6061764704248	1076.3229890259418	CD8+ T cells	0.7683426153739605
hsa-miR-342-5p	114.3351356975912	31.158185057320274	165.25719303391452	165.42251625783197	38.52823900304148	2.984999396156017	29.401376856325506	256.1610397052151	7.752173636047429	2.188970244062368	5.020603025861521	Natural killer cells	0.7805874801043331
hsa-miR-345-3p	0.086508290193599	0.101394574474814	0.097502747973415	0.092180429436123	0.5633803567470353	0.0182802251254456	2.253415170096836	0.0972902260502966	0.2154688610343277	0.2184169142058361	0.5427838825855024	Monocytes	0.9097722188610712
hsa-miR-345-5p	11.367111918421177	20.72956685761379	14.554954268989372	15.584177250221028	124.9748224133758	7.019412615383841	281.5106071585182	19.17123157364305	73.28908260770112	28.38884847300725	19.50838105542113	Monocytes	0.8811456547193719
hsa-miR-34a-5p	149.6770336762224	85.42240650769259	202.0630081850576	187.2548250429004	30.24791294449884	1.892953062393196	42.80722840568808	157.9132116672074	29.198821353190237	17.52544277470936	16.267865721392493	CD4+ T cells	0.6445625017627518
hsa-miR-34c-5p	0.0586953510214287	0.6414118468871816	1.284087913438536	3.5630840358978197	0.4991766574647284	0.0024319289547818	2.8042490103688538	0.4654668350488832	6.95861794389926	0.1043478727741068	0.1488423633886326	Neutrophils	0.8624469127000038
hsa-miR-3605-3p	4.918343088005001	6.062942204624546	4.284300758354627	6.585429342502924	8.143498195806863	15.30085050825522	15.442579098019085	11.740645320253574	23.99804808352184	21.965556038146243	2.832915739614135	Neutrophils	0.594645948057846
hsa-miR-3605-5p	0.8517827869887475	0.679676011059366	0.7668082164305484	0.6876533693548006	0.6750942585460613	3.870869870111101	1.9421895165822476	1.8599315031396504	3.050422461537299	3.1520939729217363	0.1676139745111186	Erythrocytes	0.6426315909536235
hsa-miR-3609	5.587724377689936	1.5820093685768284	2.005881947903146	2.061566253264401	1.7663137295691684	0.0	0.8852227627987156	2.537940063481312	1.84966283008646	0.0	0.0300064767419342	B cells	0.7723831282157825
hsa-miR-361-3p	2469.510207621616	599.2924151912732	1695.847180029637	2433.4954485226463	332.1500198998674	58.0232201420411	498.4221590545377	1711.4925302532647	307.11221749851205	142.34214843544902	91.28514084267096	B cells	0.6813350900278734
hsa-miR-361-5p	662.7476286927351	249.4634645925929	636.8645327234624	1172.9383305276006	960.6714614861648	32.73826994730497	801.5471385039029	859.261291573232	457.3343932404116	83.56118839624718	203.1542877748908	CD8+ T cells	0.5782093970187183
hsa-miR-3611	0.485502485935734	0.6351243463869807	1.2269030501688725	3.226734030333884	1.2814244861188449	0.5973023024163943	1.3437125402466064	2.4923394545089024	2.674896494096524	0.8878303500015127	1.4658331491651555	CD8+ T cells	0.594299730440102
hsa-miR-3613-3p	0.9266334558640428	0.266012219797724	1.1600823188691585	1.8313804129517357	7.217559162974108	0.6071429826961261	9.861296152165842	2.5538389186336734	4.041722697752709	3.433331003389881	0.5684567309127645	Monocytes	0.7707587364275951
hsa-miR-3613-5p	38.54598114893708	41.52421737852456	43.86090798743218	101.22700236959756	73.03447151623182	226.7227591258753	74.9149090285645	126.87115377165334	177.05702875811377	109.49434369026064	31.87952480639903	Erythrocytes	0.6390262964286979
hsa-miR-3614-3p	1.337919191705634	0.6158838465854667	0.5561908530176091	1.1866399855206669	1.00862606334315	0.0084620958477032	2.4335683099114807	0.8738896003417793	3.7462892759923343	0.278088825278645	0.003616397391299	Neutrophils	0.7783704205077936
hsa-miR-3614-5p	1.5927814416426644	7.710792119807317	0.6657519174652702	0.3932857784450038	3.738138616199617	0.0152417551419068	13.048556832871324	3.0089353524318896	27.620176471966587	0.1168243630654051	0.1598700553857075	Neutrophils	0.8897538606845548
hsa-miR-3615	29.57568680553464	23.503001769501427	21.96630118549633	61.14678143936981	119.36538007480311	71.46439743494903	79.52313341543669	97.12382699475256	156.80155188077418	317.6038783997418	24.83698638665275	Plasma	0.7842258567999189
hsa-miR-362-3p	0.8607049361234285	0.1159003943086361	1.2770633454594496	1.8065067000571664	0.8947258095827387	0.3223836575282965	3.951853211260244	1.706609935489675	0.6054419069360374	0.1160946657514254	0.0334762776083323	Monocytes	0.8041701648534345
hsa-miR-362-5p	6.29347798643582	3.656809779103312	8.80230059672296	11.308617764284332	10.270490742552896	7.774551917494812	54.403728273261216	13.769246162368594	7.059778369492135	5.54744558196745	4.417375589714888	Monocytes	0.8549730009424452
hsa-miR-363-3p	151.57822050387932	66.16052541929032	110.2665340826282	168.37652598499832	47.861668835986485	331.25874525092246	75.70798011937305	706.7714903146996	12.816682051816482	256.9915677616626	30.32771829363715	Natural killer cells	0.8229489749583679
hsa-miR-363-5p	1.460931665013366	0.26139064178831	0.530346384231752	0.5845389034183076	0.1749824864429019	0.5093062619004423	0.4170379121765739	6.436536751563272	0.0266654699361038	0.6363295417631678	0.2292562817444718	Natural killer cells	0.924947440916233
hsa-miR-365a-3p	24.74156864723219	9.337874674998597	29.255081433889917	14.462969351243144	7.439785673886998	0.8950419509794786	75.00884131814965	4.764722057987548	59.16597542959559	8.81465377629904	0.8888092584226028	Monocytes	0.7870031326348768
hsa-miR-365b-3p	24.74156864723219	9.337874674998597	29.255081433889917	14.462969351243144	7.438564168452715	0.8950419509794786	75.01352125759418	4.764722057987548	59.17338423428215	8.81465377629904	0.8888092584226028	Monocytes	0.7870081728264257
hsa-miR-365b-5p	0.1810741517671178	0.4260324606316149	0.0401545328028368	0.0297140758625486	0.094544039090344	0.0602454259760323	1.3305833740430717	0.0946193925124139	0.3444650501019482	0.0542616286435758	0.0510435069307095	Monocytes	0.89657511951787
hsa-miR-3667-3p	0.7825112778621115	0.4320786422983506	0.6645957665569678	1.3061060662337878	0.6197695662415958	0.0320939580253963	0.8497895857825934	1.2824329619049464	0.7093519283776183	0.0421891734836006	0.0316942475268542	CD8+ T cells	0.5829965690485407
hsa-miR-3667-5p	1.8896477522676285	0.6313207112454555	1.4871665016976752	2.664679065222188	1.070062240083553	0.434684359547244	1.076059721298793	2.5184858802653487	1.1147394722451185	0.6073210242333793	0.1540091729817079	CD8+ T cells	0.5878116438404911
hsa-miR-3679-5p	5.158057588729802	2.107394978845963	1.834286144261495	2.472429098849159	1.5785792634904767	0.0690430600925765	3.6942402217535593	3.3983167126673948	3.679001832501868	0.6657225312719396	4.010996861856948	B cells	0.5442080608607388
hsa-miR-3688-3p	0.1034385359739164	0.1378613116766507	0.1902372868479194	0.2961249335366751	0.7071616893878369	5.538693490880416	0.923080002109444	0.4808868089565131	0.8366928815787127	5.996990139109132	0.4290906113161808	Plasma	0.8391982089585893
hsa-miR-369-3p	1.4271395278129495	0.1016452655968787	0.0882249919291436	0.8083119600850144	0.2374710020155899	0.0137163031178523	0.3287445365090172	3.2688524196325623	0.2690973063942939	0.5218037325788976	19.709156470756373	Thrombocytes	0.9641536812792827
hsa-miR-369-5p	2.7751677809984114	0.7452225167283095	0.1788435208374584	0.849890529003548	0.3993518301454513	0.0154229952982285	0.4842657393765265	5.650926495647538	0.3532470185212783	0.0566909901706728	44.50510403829789	Thrombocytes	0.9741399786262189
hsa-miR-3690	0.0418544186563605	0.0063065499665675	0.1072595086403542	0.0	2.92210812661872	0.0	2.3088039032909684	0.1422613742479958	1.51760733961457	0.0171014016225671	0.0335549017105688	Eosinophils	0.8571322751639341
hsa-miR-370-3p	5.32811065596474	0.194962008244739	0.1567336440261146	0.5881724104279168	0.2992696832254946	0.0087397162876745	0.8892943830669012	7.930317825564138	0.6156427375711495	1.156429804706427	97.15844173559604	Thrombocytes	0.9823302303305719
hsa-miR-371b-5p	0.0	0.0210020083339799	0.0298662310607828	0.0092872616116708	0.654163984238806	0.0	1.255712093809105	0.0950421667985619	1.4076004775771618	0.0	0.003616397391299	Neutrophils	0.8530342823693164
hsa-miR-374a-3p	12.74661813587653	36.51589967886488	34.200355903945024	83.65817996825427	57.02417916240847	33.646767232332124	46.74495922653554	46.29827651104315	57.72790227909503	3.35681930609252	46.34438386584677	CD8+ T cells	0.5522181316349559
hsa-miR-374a-5p	116.07680076312344	144.40968635156733	311.6063562621391	818.1543478341865	546.367432600636	211.07149635464455	332.50941624855176	371.9509368816347	285.8069513344875	52.07858392324732	215.13223234523116	CD8+ T cells	0.6837992855610215
hsa-miR-374b-3p	2.0034923485651506	5.106650016360117	4.501494961317359	5.244918719049789	7.290935514059162	1.092213828520722	14.227523777547514	9.6424601240247	8.651563387571118	0.1679620253016396	6.418953065539636	Monocytes	0.6477205396106603
hsa-miR-374b-5p	37.36002932661903	33.18124985700112	94.38310013818626	194.42458212967225	154.79963225949217	28.537994988274622	146.99548315052488	136.86082914177902	104.88709875581432	8.617874599520412	60.30002448606599	CD8+ T cells	0.5854828088735384
hsa-miR-374c-5p	0.2251568209372959	0.2039983091411668	0.53104198015742	2.3746387607182458	1.288920964541583	0.2519811942295771	1.0115833896162008	0.8144981712021714	0.6030784940662074	0.0506968512849499	0.115278695897723	CD8+ T cells	0.7853890471520452
hsa-miR-375-3p	0.0664312079665774	0.0726155417866805	0.0744536448783759	0.1975166076207236	0.0861583170899352	0.0542320152717842	0.0093063871279259	0.0603780272261968	0.0313914125203774	39.02250242619225	0.0303262423939896	Plasma	0.9982502162561869
hsa-miR-376a-3p	4.0043698508834655	0.2441815735108561	0.6211242217362605	3.2237199309310904	0.3693659311586803	0.0181182616499022	1.1416649722744832	13.43056704340139	0.9965008170979478	0.600597350984375	39.91300979354888	Thrombocytes	0.9382401625907635
hsa-miR-376c-3p	2.3384912114263634	0.1564010091213834	0.3595359165052159	1.990953808596418	0.4244723784628926	0.0	0.7470600361534253	8.222236987179121	0.6177374966923609	0.0335778926848282	19.07375978282728	Thrombocytes	0.921932189005398
hsa-miR-378a-3p	349.59293560243594	68.38036306404959	143.32714442558105	291.0869521318039	111.2489831756044	62.59966684393431	804.6757522604307	249.6660865214105	126.14355594760008	98.32420231454208	34.02875342507755	Monocytes	0.8093146662936307
hsa-miR-378a-5p	43.54270021770821	6.017654923092626	21.17223725355434	27.170882201270288	16.5175353559714	8.923171763920871	155.16979063117927	29.06452920433125	14.720337798152242	13.911594936218282	2.883523253793188	Monocytes	0.8814690886931855
hsa-miR-378c	45.03692994212911	7.5950273328656195	17.01188243387411	66.99219976113245	13.484906412592496	4.6020213560400585	43.85566441893046	20.553130878485728	16.077630021519283	4.733553952185705	1.3301048143892304	CD8+ T cells	0.7398490388665725
hsa-miR-378d	8.667398561708366	0.7455106616479278	3.811148807164174	20.67903851444605	2.56035592442152	0.6327248624462333	7.034863460067305	3.686050832222095	2.9710869058475926	0.5908674421379341	0.1737952588820493	CD8+ T cells	0.8507000086344573
hsa-miR-378f	2.815888837681644	1.2095632556915463	1.0098480722758714	3.1043024615639614	2.035161572144585	0.2027789453739258	3.080131409841431	1.5861418538024803	1.6462288610204512	0.2704604010051633	0.1636788303887889	CD8+ T cells	0.5483725502648795
hsa-miR-378i	23.42688569685155	2.708910857090082	5.432129662030877	12.74679806052845	8.37807325270412	0.9562995935385328	17.01864886407071	10.516714469355463	5.410950349528805	4.177939813914206	1.4357802329477891	B cells	0.706396120910971
hsa-miR-379-5p	9.008804407266094	3.5198328256387184	0.5704161473724926	1.3224675329080164	0.8261739716856926	0.0692586173964047	1.864498166561371	17.808559357057774	2.3725814038197592	0.392542979205408	156.03581321925748	Thrombocytes	0.9758035449490949
hsa-miR-381-3p	5.240868713882516	1.005232381378483	0.261746661083758	2.96478642910465	0.6049576199141162	0.0394028718029814	1.1007168639854052	13.382599839944408	1.343559929296322	0.3888988299417796	95.34743814501915	Thrombocytes	0.9723822992493165
hsa-miR-382-5p	24.068194457437773	2.006113487701826	0.4623697497589116	1.1898765360976191	1.255047765830614	0.1225065663940803	2.238397351075602	13.417682830098745	1.0394319974822923	9.280177449447294	314.6481993031689	Thrombocytes	0.9824947994893005
hsa-miR-3912-3p	1.0592460248394089	0.4664135194107155	2.857348971435317	4.549304542957073	1.8930588621855529	0.6212135917590373	0.5652918878312592	1.846818723663022	0.905597057241134	0.6618466813624367	0.3052284712078286	CD8+ T cells	0.7542027867040242
hsa-miR-3913-5p	1.428600946283812	2.122908569994121	0.6010569322968993	1.2506972282783966	3.76448365084877	2.4984451107312258	0.6413873898343314	1.863773120116854	1.2306280328480173	1.3868601623999566	0.7660389151893673	Eosinophils	0.6336709709215049
hsa-miR-3928-3p	2.4637033919611446	2.163158395631924	1.6881591550561068	1.8150249334648385	3.8769044528483287	1.8500678408664455	6.686467244200979	4.597177843906003	5.310431917446176	1.1597049109297466	2.752828480685172	Monocytes	0.5860719822294852
hsa-miR-3934-5p	0.788513653290416	0.1004555246938894	1.183455331174331	2.256549455908927	0.0427535356719766	0.0369570658547903	0.1133162830654139	1.0761801683593837	0.0160573341326767	0.0061572935684718	0.0018081986956495	CD8+ T cells	0.8508495180686687
hsa-miR-3940-3p	1.6658470802323906	0.0616119623785034	0.7602588688596382	1.0591677551262182	0.4911003971747857	5.098719365221858	0.9262684201681164	1.4743161791295931	0.42654856439242	11.099680369798202	0.8299777319147807	Plasma	0.8847370744169373
hsa-miR-3960	0.8412623682693814	3.01393028653302	0.1758976346354112	0.2978315590321295	0.3046610716797259	13.365475663317806	0.1265873335019019	0.6004307720168387	0.1717039350221302	88.61358121897528	0.8798102085336403	Plasma	0.9776810839145875
hsa-miR-409-3p	46.42382303997514	3.1577763446775724	1.24386544576155	3.705251927424276	2.133569208934519	0.1112574777162746	5.041567030062745	51.599434084707525	3.111578157860261	17.969364890434864	540.5416548013649	Thrombocytes	0.975118016083889
hsa-miR-411-5p	2.8134674187704443	0.5803372329524862	0.276633862981922	1.2431278148619826	0.3815002987114314	0.0157115224577423	0.8180410846410471	7.559725820985354	0.896438376751633	0.0650194381283595	68.86586588105916	Thrombocytes	0.9787267571767049
hsa-miR-421	17.589280312216893	12.564741641669915	22.090045138045628	31.725839708982672	69.92645452095144	43.60336968362487	148.71348706850392	53.12874199710786	95.78562162601044	44.41162857775514	25.535089344985742	Monocytes	0.7200248472691944
hsa-miR-423-3p	292.6605770116192	155.03240204051033	219.9847992482147	294.52584582825017	533.6733820345481	83.79772342923515	569.7237784068127	439.4981008297036	407.7270467898778	194.27160107887863	385.6292112060981	Monocytes	0.4722353527344049
hsa-miR-423-5p	1659.8113595030482	1058.1385805222524	726.5331723530863	1218.1020384353828	1179.383508861422	2329.9732938478523	874.5977341288407	1508.861397866763	784.1894870931806	5719.9896773764185	1113.483971653238	Plasma	0.7822885136747849
hsa-miR-424-3p	0.2138308064955183	2.1863815091797085	0.716681054944499	1.2327422922954685	33.414110632633694	1.569365840057685	12.123238810169742	1.523155607678806	16.08328982294375	1.7540420761627755	0.6800484131922722	Eosinophils	0.8860278621453809
hsa-miR-424-5p	2.6962738003001405	52.150546649349	17.53539521042968	34.8933438377727	436.1944699649742	37.71395495415066	257.91416053789874	27.537162080306743	592.5032597041888	24.603079548603997	19.812067718822156	Neutrophils	0.8462370561881035
hsa-miR-425-3p	71.09263123799148	53.98903924693572	63.19807797670597	118.24619621120566	325.65586333407015	36.04959760555549	267.5730919846987	149.89773135087373	189.951377848635	54.19201118449816	61.411124580356834	Eosinophils	0.6727831434331268
hsa-miR-425-5p	436.5815907878129	434.3829144062926	365.9643244052526	814.7052951364275	3217.412312742595	473.3515788431926	1444.0486603225404	830.7007448630069	1273.7683818147902	1998.24086258642	984.815748291366	Eosinophils	0.7185141591710674
hsa-miR-4286	19.661784662152503	4.491369200748568	13.320527596349542	26.59723187650504	68.37557866973285	0.0536640515168516	51.73761684718908	11.227917713681771	47.88741027362368	8.179788790056861	3.745869505867048	Eosinophils	0.7266521407877669
hsa-miR-429	1.9779779372808628	1.214126655697455	0.821801099958761	1.7179918118468789	5.484897142865249	0.0533881323808895	4.728456489644365	5.373277611950893	2.678229340931935	1.104261864737664	2.480622811197368	Eosinophils	0.5961613649502989
hsa-miR-431-5p	5.38126648837871	0.4518135276122956	0.3214773733003179	1.5315815026033692	0.5807628275185438	0.0047135897309447	0.934580430335035	10.19675405316204	0.7147373912467073	1.0328537219863496	90.26986437982156	Thrombocytes	0.9765696547223326
hsa-miR-432-5p	21.211791615257024	2.097691619827531	0.5404634832581787	1.965562281230488	1.1463221862196822	0.1897669952937364	2.159126456771467	25.48094858231925	1.31509434329455	8.644987309601497	432.6863899920363	Thrombocytes	0.9850349453158753
hsa-miR-4326	1.0953033782953585	4.066752529089793	1.5902757981634594	4.129701996894911	5.209256188259427	2.4478086726236152	7.391648343181725	4.02776563831267	3.0523590872670217	6.1356716019588	5.521402133747121	Monocytes	0.49569709902396897
hsa-miR-4422	0.3715864490580027	0.0161144933263344	0.1272012575170626	2.020298190440064	0.1457450718308274	0.0180957791796315	0.0377608644616112	3.0691379791642865	0.0447797222210373	0.0	0.0130025032092348	Natural killer cells	0.9089456273971508
hsa-miR-4433b-3p	0.6179769961207148	0.0035191105208858	0.0	0.0	0.0343242491909491	0.0015090167771355	0.0404384720984773	0.0177838264047745	0.0047441783705161	7.12159536777863	34.83911940267499	Thrombocytes	0.9774911325208179
hsa-miR-4433b-5p	26.530057725365246	1.7091910012990468	0.2022296274071583	0.2225822232268684	1.511962476564688	0.0896179718101095	0.8468404012203703	0.6606631152439705	0.3087032926389999	30.72074846099357	330.1285173874724	Thrombocytes	0.9809763189218645
hsa-miR-4440	0.3158906264353229	0.3352894467634302	0.2242108719259878	0.2565518322353809	0.7889548216228979	0.4026966463753575	1.9818451076888728	0.9302569953210844	0.98946401207493	0.7828041316599912	0.0320047911261317	Monocytes	0.7447770183493784
hsa-miR-4443	1.9961620016306525	0.6162240666834135	1.0553748818517432	1.1030055556910403	1.6531729819238827	0.0480728902367808	0.8201743152224713	0.2676160195873748	0.0660846860249105	0.0	0.1392378226242252	B cells	0.7109972429525653
hsa-miR-4446-3p	1.705792840748502	0.6167426364182343	0.4047963781588213	0.6668938826134572	0.0949348884210183	0.0047961045194978	0.0633746176627206	1.6769987160229245	0.0092640593565377	0.3132840021910809	10.35892975407659	Thrombocytes	0.9463566385907195
hsa-miR-4448	19.227234012590504	21.653924063667244	10.595010874902842	54.4754494195939	18.960576305981142	6.223352242725326	3.925137344027063	26.392236454541298	1.04210364525812	5.205788891361856	1.7963358468494626	CD8+ T cells	0.7888558958073809
hsa-miR-4454	4.999929433193955	5.397767407455959	6.016535234214448	7.055811332851641	12.934894726446782	0.5300179760733887	37.77365922395372	10.356780205646231	10.936935096828195	1.6517529646513451	2.2675988773578326	Monocytes	0.8354725898111842
hsa-miR-4458	2.642839070115345	0.2049685563461775	0.4513507127177456	1.0836491211657384	0.7128268991541785	0.0	0.9672201121132866	1.0711390687257043	0.0227194040067563	0.0	0.0357453853135588	B cells	0.8278510670214747
hsa-miR-4464	5.542464599295633	0.001239576409718	0.0035503917117313	0.0406862664678027	0.0	0.0	0.0	0.0793390585281331	0.0	0.0	0.009343330884246	B cells	0.9975794410302831
hsa-miR-4476	1.694654440498354	0.0	0.0	0.0	0.0	0.0008082656007837	0.0	0.022072961335451	0.0013266702082746	0.0	0.0	B cells	0.9985715142529358
hsa-miR-4477b	0.5698580562890639	0.4324240619299737	0.137770968080852	0.4267011261035887	0.4369264962429933	0.0009711826941645	1.7862207812102409	0.2885476535019766	0.9550863712479772	0.0107431464097479	0.0417847190694882	Monocytes	0.8152068424971866
hsa-miR-4484	1.7619994615677206	0.6880614116836048	1.6601248605851826	4.592164634866348	0.387390445462675	0.0	3.5671706433471218	1.6614414939852238	0.2435635719914806	0.0215726396799655	0.2697952753023323	CD8+ T cells	0.7765515694777797
hsa-miR-4487	0.813894713161466	0.4783892212891544	0.0528760585929917	0.0264637218666311	1.565203384220595	0.0	0.4979720965603544	0.3102125164720934	1.1860260502414808	0.0	0.0284091366026388	Eosinophils	0.7831436125806105
hsa-miR-4491	1.878796390544763	0.000619788204859	0.0131842745543828	0.0440510404828147	0.0	0.0	0.0	0.0012098718843069	0.0041421998166768	0.0	0.0130900707548366	B cells	0.9959390359656931
hsa-miR-4496	3.3747003608327586	0.5892379787882578	0.0153149881045446	0.0072176137468747	0.0253557502569206	0.0	0.039783363934446	0.0050870351919599	0.0189963282583371	0.0	0.0	B cells	0.9792279911302003
hsa-miR-449a	0.5591137545818925	0.4344606370144175	0.1543597279072754	0.1218503395393461	0.2820361165213821	0.5760690500799016	1.0793385360039958	0.3343991605437258	0.0241157611773163	0.1281336653917225	0.3943141963034337	Monocytes	0.7212318184987629
hsa-miR-4504	0.0746944919500283	0.558938640835684	0.0991551968104882	0.097745803948374	0.4117598869824579	1.929072597694394	0.330780644980278	0.1752819675679922	0.2700574574449743	1.5425780818406396	0.2876938744178169	Erythrocytes	0.8004903469481325
hsa-miR-4508	0.798256300908961	2.0444998651482047	0.2180463160169669	0.4400577979859271	1.6497999932898484	45.97657188578262	0.2909641654905053	0.6802213616591616	1.5403381738638786	57.84582765143453	1.1822700030821465	Plasma	0.9052290751312835
hsa-miR-450a-1-3p	0.0244074316882294	0.3214511661370049	0.2531987406179783	0.2444620627784056	13.150252017804512	0.3140537479811919	3.432565817512084	0.3533071191420422	7.54124712446288	0.1879825490833753	0.3285072893007266	Eosinophils	0.9011335826028183
hsa-miR-450a-2-3p	0.0142786381354035	0.9592024547670503	0.1899444608814097	0.1340515972505508	11.188398906303949	0.0541359315969151	3.382089882856252	0.2934258862386095	6.177243419910133	0.0537157682020898	0.2796100072422872	Eosinophils	0.8968780238915155
hsa-miR-450a-5p	0.0087533166921268	1.1609035051030154	0.3303427272254164	0.7823770210254776	16.843826316275024	0.1511966113515558	4.5118127288612415	0.2699046753882482	9.584025064898269	0.2149475712342901	0.2223584643886093	Eosinophils	0.8976680157909624
hsa-miR-450b-5p	0.1362386675220058	5.021876614978793	1.992668173380632	1.4220845562387647	93.10006531424328	0.812461267245853	28.47230962108385	1.653632774862635	51.6080629034846	2.3198841507463936	3.5237437464660943	Eosinophils	0.8958508115448385
hsa-miR-4511	0.4610934100039329	0.248747799238902	0.2482998407319687	0.3598843871441724	0.4205461483626951	1.9494965203672945	0.9246041058796362	0.6056741502144586	0.4813939049843079	2.123585796853749	0.4534573443260783	Plasma	0.7102449253347866
hsa-miR-4516	2.525526431982525	3.491646166167409	0.1337389881812606	0.528253973214588	0.7378051484265732	4.688212033555123	0.2791540891071123	0.7670002766107471	0.6161113058181494	13.391397802363445	1.026511190199319	Plasma	0.8895263973066961
hsa-miR-451a	63.93967250360182	697.7201495912726	6.3046252566221685	46.13342943993223	42.297866546740266	9065.926268482888	9.662159985736652	419.647821300779	104.79688696009092	9172.14848636183	781.9734479706838	Plasma	0.8774725208085231
hsa-miR-4521	5.280949100778229	0.4422347479104814	1.7544230680627453	10.233269963415678	2.708619584374837	1.8232021203035045	1.4121614221878704	8.100905063105111	1.1352459287145835	0.685802511692237	0.1974764387910655	CD8+ T cells	0.7699560348736945
hsa-miR-4536-5p	0.712842889407916	0.1465606980506413	1.6237520716155076	1.7666169791295148	0.3033223676522216	0.0	0.1910647905138588	0.9815622842915378	0.0916858098184684	0.0086209601749572	0.0416448970735279	CD8+ T cells	0.767858182217891
hsa-miR-454-3p	255.9969332913282	318.6985553484356	417.8693206122178	450.2823170860908	929.324185657537	1050.921269420319	1138.6870050883483	696.463631530829	1063.2369862894832	108.648113823369	390.9245985387087	Monocytes	0.5009720945083205
hsa-miR-454-5p	2.0842278240276952	4.854950712329282	3.757399383259993	6.000811087251999	16.114900827464762	4.944090575329055	16.7553160323703	7.429576717259134	10.670673897769008	3.589500482341319	7.773845251896447	Monocytes	0.5988140323401623
hsa-miR-455-5p	0.9503955542543128	0.1257675356771611	1.6938039728691108	1.1661957910217071	0.0136108815768044	0.0	0.1912784992600948	0.0406316120401444	0.0053380711008872	0.2802086511525505	0.0054245960869486	CD4+ T cells	0.8359402128769626
hsa-miR-4632-3p	1.4790465217817028	0.3543510116156115	1.922073108673496	3.4728407886098887	0.7329844942921071	0.024017119168891	3.8904019825990863	4.631997000987347	1.9522050917106688	0.217876278069687	0.1614398398197485	Natural killer cells	0.6932805389702865
hsa-miR-4645-3p	2.251498118955744	1.3852996619097837	1.0593662721471613	2.181463608021009	0.2407152322234866	0.0214860492688389	2.106663240176569	0.6891738349221715	2.4890010560171616	0.0	1.5469411585591553	Neutrophils	0.5386660383922012
hsa-miR-4660	0.3173075484692787	0.1286967392167983	0.2454323390733845	0.4118729628562057	0.3831791025902525	0.8598737073633568	0.5395406090485694	1.157211169454948	0.2687900060641526	0.4776967787531235	0.0293702310471149	Natural killer cells	0.6835702833557211
hsa-miR-4662a-5p	5.65300450512639	0.2645310088184718	1.0546883521939985	2.002412303019642	0.0403437279256615	0.2427854655153294	4.058945555857337	9.252888558414	0.5330111629847873	0.2366265964419697	5.633946182628695	Natural killer cells	0.7868741773337378
hsa-miR-4668-5p	1.0376675082482636	0.3751291722182112	0.320115283515848	0.3959252942044349	0.124943653163563	0.433818858816168	0.2663871145178383	0.337664280471271	2.380774323396332	0.7891082278672968	0.4099054597988784	Neutrophils	0.8113779702388783
hsa-miR-4676-3p	0.1139542706401285	0.0460983968452303	0.0876643342438119	0.0933803305604544	1.4666882871590925	0.1421593830789963	0.7569901189267916	0.1957559589004638	1.1612456183642292	0.1841385736890382	0.1858132652830026	Eosinophils	0.7976938742533032
hsa-miR-4677-3p	2.1477730874260152	1.6206851325918914	2.498910044693612	3.327681238842729	4.611716291470114	0.9768255820537576	5.142629856949133	3.650422656731146	5.025853008190813	0.134305497069786	1.0369225113065788	Monocytes	0.513262751808738
hsa-miR-4685-3p	1.01433477444724	0.2226144071984035	0.380343311667234	0.6994073530877629	1.4435066253702546	2.1738562407675364	0.8700258061972682	0.7111528672307155	0.6589292443633845	7.634217788690748	0.2545837359692987	Plasma	0.8895924297734162
hsa-miR-4724-5p	0.0254798026975573	0.0258782073741349	0.0084610112257504	0.0234223428051771	1.9376840838251077	0.0	0.21309756677437	0.1647731723811644	0.3641975637501387	0.0	0.0	Eosinophils	0.957407418789389
hsa-miR-4728-3p	0.1233531749415455	0.1460407397072996	0.0624057509705627	0.3115028249802384	0.0192343108383772	0.2391473925527025	0.0217751393624364	1.7510531192465648	0.0080468653229475	0.2457655646081659	0.0	Natural killer cells	0.9327677869766265
hsa-miR-4732-3p	0.3041438530669458	3.248309982923955	0.3035884302158889	0.180136751888908	0.9990515368047342	180.1408320559087	0.0451775508315822	1.3722357574934243	4.475324466286502	230.1209418907281	1.989690434746432	Plasma	0.9161056402629189
hsa-miR-4732-5p	0.3069472865478796	0.1283777451497778	0.038685525638519	0.0508333145298343	0.2287708143473876	162.6361661117948	0.023706678900008	0.8541057009441733	1.205096944879568	206.655602009886	0.037501947392023	Plasma	0.9199101352876916
hsa-miR-4742-3p	0.4860185748726391	0.2059348731919048	0.5066704672142603	0.6214313037961268	0.9472354510595028	3.259552227015588	0.7866359471094413	0.8113322377840821	0.8519837200262178	2.079324364292588	1.3543824696163698	Erythrocytes	0.7345969996350128
hsa-miR-4746-5p	0.0903059535999971	0.3471758607053277	0.1725160246222096	0.1726409759687592	1.4120922417875343	1.2412751628013352	1.652345997540519	0.3836981219180527	0.82465639935174	2.222190389627563	0.4041005503093382	Plasma	0.6984593525432417
hsa-miR-4747-5p	0.0698681266251104	0.3159843340003281	0.0229789794941322	0.077691013070591	0.2805832193463505	2.498147684002136	0.6513710228941826	0.133288636415388	0.2745187194194637	0.8596028781081697	0.456790108699285	Erythrocytes	0.8741997097209921
hsa-miR-4766-3p	0.2322821336386338	0.4447059228125687	0.4797876915883306	1.207738506488519	0.8247109606611372	0.2809718272232304	0.5527485213968758	1.0556746133827608	0.4887079381180483	0.6338901495430379	0.3382493174779529	CD8+ T cells	0.5585361361587704
hsa-miR-4772-3p	1.3558578675079649	7.68525129532223	16.46023710139689	67.39919010157146	33.43917473457534	0.0	13.52478666133166	511.1638804634698	149.3339847620285	1.1289877875591534	0.1650113735689441	Natural killer cells	0.9431703817919463
hsa-miR-4772-5p	0.0	0.08904563852644	0.466387301857286	3.3025367077207965	1.358665364540952	0.0	0.2475779309761904	11.281229640650391	3.043112291766415	0.0664646142393789	0.0	Natural killer cells	0.9239995096036964
hsa-miR-4781-3p	1.1363117512215863	0.257860395371652	1.6166230448757315	2.1645472908677363	1.3409684762193448	0.7319646865413204	0.9184067712147156	2.1209763056213657	1.4078252246742269	1.2589102261745997	0.1373762753089978	CD8+ T cells	0.49517281496571164
hsa-miR-4791	2.070804900795858	3.41820003872007	3.111337595008841	3.336045783740911	3.220387463265874	0.0	2.317972004226029	2.3836777294327818	2.939085252415332	0.085909779006336	0.0408110852880262	Basophils	0.42934786226016375
hsa-miR-4799-5p	0.0831335015727176	0.000619788204859	0.0936002917369285	0.2473049304995636	1.3511353362851908	0.0312744870176374	0.3961442983762893	0.3073273060992332	0.1996973267165837	0.0	0.6616058038818345	Eosinophils	0.8504437209331392
hsa-miR-4804-5p	1.5391866931150062	0.5245286241826661	0.6415243748989441	0.9775123547708382	0.7134423715350643	1.0250681135330235	1.6346493982892516	2.5568097720391387	0.3771190572290392	0.1886391760622561	0.2434851145979096	Natural killer cells	0.6923840262100813
hsa-miR-483-3p	0.9897197731871	0.0	0.027438906295176	0.0812093473905539	0.0074571097669202	0.4338184671771881	0.0422350852818135	0.0327017419804489	0.0189244678153873	34.41270397972706	0.1176828778195184	Plasma	0.9949112171547293
hsa-miR-483-5p	0.3371268843410556	0.1792576572933285	0.0198603068854866	0.0286915017577671	0.0211357261692371	0.289423949739934	0.0412107635313212	0.0031275993582018	0.0072680116848934	50.052093051153655	0.013780836807778	Plasma	0.9981201920235235
hsa-miR-484	62.19072560948542	43.83059260300831	50.61240875349081	135.21592789715135	134.19020530177505	181.89296535478869	113.47367234068388	96.71309887102274	72.82705091127129	1594.9006775842229	56.65677898561618	Plasma	0.9405854270459264
hsa-miR-485-3p	12.576702220147668	0.998453056189368	0.1878410058800667	1.1997302073310847	0.6239122184084518	0.0262675702778805	1.1307433583322577	9.844169574790682	0.5018284756214495	5.026075245225952	136.33887843087885	Thrombocytes	0.9764441931004392
hsa-miR-485-5p	0.5359761746044689	0.2771994901861291	0.0282427287228551	0.2244229867073231	0.0451498009557636	0.0	0.096190322764458	1.6638083492884992	0.0977728143161182	0.6131814643222417	19.28628179788291	Thrombocytes	0.9814275028779209
hsa-miR-486-3p	25.64120859141061	0.0065077761510196	1.342243102257703	1.7442541652173342	0.1681536010523547	53.438853419861545	1.5979135716223924	1.0894738341662171	0.2505359871352692	98.0974700096876	2.9783754436923973	Plasma	0.9100307892916596
hsa-miR-486-5p	410.33821129957903	1119.2464386583113	140.39259959732928	112.72121227081358	400.8240825857703	39009.43797420495	42.7662046632984	414.9960846347377	1816.2642544464688	112076.64578731293	1872.6356001399536	Plasma	0.9595458783192513
hsa-miR-487b-3p	3.919097784330608	0.0879238475869236	0.3268049896455384	1.4149829431367829	0.3505134271800983	0.0	0.722319329877745	7.893398867455483	0.522204271666644	0.0798488086423581	23.569144455101146	Thrombocytes	0.9350120904952616
hsa-miR-491-5p	4.591433087418867	10.79929580305298	7.323779678838573	13.70218008219199	24.95522310394732	2.1989888696802797	18.647820800740043	17.21464608000012	45.711429001669856	4.231333920384862	8.183631194840826	Neutrophils	0.7553164819743221
hsa-miR-493-3p	1.3492748228445894	0.0334685630623869	0.1154654128180553	0.5513837735517364	0.1070937054450477	0.0246465162033231	0.4551551884200197	4.76691866773946	0.2949778763088905	0.3900548967056384	19.2154163496682	Thrombocytes	0.9579065096695716
hsa-miR-493-5p	1.7030062269349422	0.0399227782013462	0.1424219891542695	0.9647768329597745	0.2456137929770561	0.0	0.4236033769905237	5.48797786329263	0.4719320475757348	0.013439391283644	28.36318325444948	Thrombocytes	0.9665316328769946
hsa-miR-494-3p	3.728924267897841	0.1022650538017377	0.2021575445998026	1.4039953782246104	0.4783519017481564	0.0	0.7811638861082437	5.021447981538236	0.3270452254686359	0.8103416935561547	28.62473250903328	Thrombocytes	0.9550888626509034
hsa-miR-497-5p	40.27575500809496	0.8460559307152073	2.6600468038344443	8.240165225083693	0.9669864875250096	0.5435796361508756	1.1579771161710282	17.56901974681616	0.7461394997138999	1.7938743005573097	6.722185115548282	B cells	0.8975909207566043
hsa-miR-4999-5p	3.461533977380588	3.876987694233945	3.389756995159735	7.034648364148082	3.4293622922680176	1.181383226113907	0.7232751939184895	3.183139461413447	1.7549896881059124	0.3369109053077231	0.6626848997874168	CD8+ T cells	0.6872619185087946
hsa-miR-499a-5p	2.2512940881913863	0.8493033600910405	2.1985014871951325	3.73441585811409	8.666484350221817	0.2665740198677684	2.027264589361633	3.462574298109618	3.3143028895403748	0.4336543414903795	0.8280803131915524	Eosinophils	0.7765418540834577
hsa-miR-5001-3p	1.829273824399287	0.3599478854862704	2.396062525293896	4.637484145701867	1.1341238244366714	0.9786538208523348	3.3188003067046	1.809688277188629	0.935465684108175	1.3129877596757946	0.3247025130157678	CD8+ T cells	0.6894931396259882
hsa-miR-5009-5p	0.2762936419135969	0.5820070746294862	0.3749286579937274	0.5285140918110571	0.5256672965741795	0.9494769393529706	0.8421842213432355	0.6746034126583429	0.7293215589379385	0.2033855418723427	0.0812564007918615	Erythrocytes	0.49254566395165456
hsa-miR-500a-3p	16.996911231940786	9.535150445533606	23.13103855025885	24.536265609807995	21.41729425919437	19.481995918270368	158.63030906131112	37.54874619360465	20.554762824604992	30.876101592532702	8.837800389972127	Monocytes	0.8657784453200379
hsa-miR-500a-5p	3.5422309837945325	1.0006092072524082	5.156239511746225	7.549921856059191	4.34496948666084	2.993690783917744	25.620866715488656	5.647742011572298	2.4703413091917708	4.235231685656462	1.6876455935465282	Monocytes	0.8492298373105165
hsa-miR-500b-3p	0.2724509658028922	0.1904328479102225	0.2514664438383186	0.146433253171189	0.2894822803854081	0.059694776788019	2.267895114951133	0.5797256581795289	0.1937347870527595	0.0511002432695976	0.0631853464481878	Monocytes	0.907504249688755
hsa-miR-500b-5p	3.087472555346136	0.5210184120911303	4.224564137724983	6.677841548499853	3.786476323166117	2.871308842311999	15.75431920235667	4.558501361161532	2.1843669398326	3.9485301469070544	1.2949879475979085	Monocytes	0.7895493433338606
hsa-miR-501-3p	9.89546566890986	4.185006761269234	6.295452021113171	9.484251135082037	6.407698882691955	15.906875348003906	29.772706591207445	11.48262526784459	6.417365991784381	70.57121591290405	3.4024169243932314	Plasma	0.8536940829817552
hsa-miR-501-5p	0.7284831896532195	0.8025072565360489	0.910282731707885	1.2431365407980186	0.8377582396802175	0.8792899383641277	5.771313087558752	1.2639723373895222	1.047512304983792	7.987010182974956	0.1502524018824135	Plasma	0.8292914655647089
hsa-miR-5010-3p	0.7989382558763728	0.2280984022612392	0.127837794922654	0.1154150687868901	0.5500746698800182	1.96910113743935	1.165212202358228	0.1368030094353009	0.5470351812387559	5.569774795787804	0.6263677763664415	Plasma	0.8875199854884056
hsa-miR-5010-5p	0.2940420526778087	0.7684637302216663	0.0481461656398691	0.013963063301007	0.3903394114320132	7.472095496739858	0.6877903124241437	0.0433531879441186	0.4662728136368749	9.771721439290213	1.7267129234961538	Plasma	0.8781056210871817
hsa-miR-502-3p	15.54455270069619	5.996635367758772	18.435682341988706	21.714885795540155	13.95116508849972	13.706373171186131	55.04892451105107	21.917018290907222	11.90205075814125	24.42094399313576	3.6027673248624845	Monocytes	0.7253496300325275
hsa-miR-502-5p	0.248758711945344	0.3999279701858117	0.3659903966273893	0.6578052216116472	0.3017875433674132	0.2360395183973445	2.5300064871169963	0.3559614404115391	0.2297803173585648	0.0522446356937839	0.103730073726277	Monocytes	0.8833194363588759
hsa-miR-503-3p	0.0135967341478713	0.9120330504561638	0.1451246093466025	0.1716863123656179	1.9985810230240175	0.0766913204509935	2.3961454726243536	0.1929254887369102	0.7159932566211822	0.042734139845151	0.4737356525670835	Monocytes	0.8020528535620685
hsa-miR-503-5p	1.9309836822821465	7.4256902979015	2.7737508402096225	2.287552147697629	26.059664978841976	43.760029024359824	52.76775201428442	3.154267738267003	18.56674458356739	32.54713175940322	9.004392258041454	Monocytes	0.7204538725268415
hsa-miR-504-5p	0.0132912830335717	0.0377700673824291	0.0438974157324878	0.0299985664288863	0.949387877727148	0.0	0.8527217951770995	0.0916700820349128	13.356257406708837	0.6126457528896039	1.463924446086466	Neutrophils	0.969337912846487
hsa-miR-505-3p	30.048662923983677	16.900521758271296	28.14246651132135	52.31352210358505	74.29092880208694	3.833613079378431	92.14560949110884	84.60665284706785	56.94213007048779	6.3481535189519525	15.89066145246954	Monocytes	0.5992024849504747
hsa-miR-505-5p	17.653815145393597	9.201029938754914	6.353518424935714	9.436228266505095	15.73154363245932	20.09129510265669	19.60677205200644	33.915081401716016	17.21685996267118	15.03061307608979	12.308335177734277	Natural killer cells	0.5794495991627184
hsa-miR-508-3p	0.023462127755689	1.1076917819080014	9.131668801572356	3.789787292206813	0.053954617762475	0.0212314182364065	0.0054924980320167	0.8560728621259535	0.0016899614192829	0.0	0.0887719870275658	CD4+ T cells	0.9348623490872773
hsa-miR-509-3p	0.0651392631930351	1.87136127806104	9.184507897136417	5.217484216928018	0.1445461514439937	0.1800934340867076	0.0261402321343922	0.8885468192400455	0.4907817248106861	0.0243422522817906	0.5241049580445215	CD4+ T cells	0.8972994477672
hsa-miR-5100	4.198394846732264	1.4605215807432612	2.7917021965781976	4.027513148984995	5.572491334883992	0.4507168529085887	9.276425801127347	3.99337558792236	5.41404049395772	0.2044737772317054	0.2438867310377661	Monocytes	0.6943098865994846
hsa-miR-513c-5p	0.0232918603606737	0.0887971699352745	3.1915475962295625	0.9639855758199722	0.0070962703031225	0.0046263612799502	0.0	0.2911582385266273	0.0060833028009984	0.0	0.0031000361181941	CD4+ T cells	0.9565057774233184
hsa-miR-514a-3p	0.0358333226086125	0.72311241255575	6.283850949187204	4.28738412987466	0.1084718813928419	0.0634525662844897	0.0148570500604467	0.6163349120648626	0.0179208692663264	0.0	0.1045860696167804	CD4+ T cells	0.9049634808015741
hsa-miR-5187-5p	1.805810220871588	3.117490377055237	0.7607106739852953	0.811375875548715	0.9607265929464512	1.6179135395921942	4.910261604561357	3.018872917132899	2.8532869383703425	0.4957965541456843	7.939431391575819	Thrombocytes	0.7436561349241629
hsa-miR-5189-3p	0.323422772262015	0.0351835525106674	0.1010651919140831	0.1747023603558242	0.2567362419302991	2.062934901800695	0.0194551451174936	0.7929733386878826	0.1323873338834374	2.744974753986851	1.2606201739463117	Plasma	0.8120390358812961
hsa-miR-5193	5.374379161378598	0.7540609586647122	2.530261132037875	3.761658681440712	1.8297955083011488	0.2216573390151229	1.0035071943496283	3.1053650220103037	0.909367153226566	0.3313414283237585	2.2504518114953056	B cells	0.6893135797180708
hsa-miR-5196-3p	58.233306651698	0.0559571148920154	0.0100578176136257	0.059983692352852	0.0007685290094305	0.0	0.0305355631300618	0.4123457272746942	0.0157410359236431	0.0689676813996577	0.0964029961918714	B cells	0.9987107718916284
hsa-miR-532-3p	32.90070936217319	14.331852495550905	30.78776099144686	31.20550538918206	16.184329476223738	42.2273813400405	135.80655281529056	43.251794216230415	17.774219549427762	94.13120152926476	7.406710601841696	Monocytes	0.7568589599645561
hsa-miR-532-5p	109.20859973223804	64.35907160609568	147.65715718552428	117.66777782861472	97.70499853104872	224.47675548725164	825.7767540791715	245.47883335610013	102.7493717057516	278.7476392428836	39.24909552978382	Monocytes	0.8271567596018269
hsa-miR-542-3p	0.4695125768817026	19.23089512666883	4.833723120236555	3.885490702222359	185.13385416340657	2.82104500454716	67.7313716316161	5.8284346851446704	233.59910311019863	5.354388874784076	5.616281922038064	Neutrophils	0.8711874344544908
hsa-miR-542-5p	0.3227118433917046	7.221250070204166	1.317896763652917	2.146710366349068	102.10352981728784	2.8799619709199016	25.07054058867033	3.1132814570613205	55.005521140837054	1.4810646735023862	2.4687455232458384	Eosinophils	0.9010536809269751
hsa-miR-545-3p	0.8098047651231758	0.3162020470165192	0.5152304427958597	2.2940246658907157	1.6090012710475838	3.0304777852433187	0.9022793823855626	1.6377052320260077	1.624807728735219	0.3098186607275185	1.2846430709782504	Erythrocytes	0.6270054404698814
hsa-miR-545-5p	0.3104079635109945	0.4690886174787178	0.3627551550676521	0.6006388603410386	1.2405684959546106	1.8215071092748665	1.1894522456485492	0.714294965511812	1.3561523197621834	0.3721011225607272	2.1424937282391667	Thrombocytes	0.6062080955520384
hsa-miR-548a-3p	0.6866828601408835	3.821260221486831	2.1948654790625155	3.001399850616612	3.508169162711746	0.5661479095792397	2.075494218016446	9.45063254190577	2.186456349643762	0.7120268097310658	11.776945555041642	Thrombocytes	0.7605224948091802
hsa-miR-548aa	1.3325938028998967	1.3699615517784174	3.446403200987177	11.638259940183149	2.245183664331141	1.3468278291440616	3.250065808523855	6.103497519954318	2.747871737055964	1.0639656006882168	2.723928684353986	CD8+ T cells	0.7797755031125922
hsa-miR-548ad-5p	5.709457408144557	3.863769274362141	10.887309153397428	17.20021402214512	7.199631977533453	15.034850063236442	3.9711583653549063	10.674037286200402	14.297418084251811	16.593657249047304	3.453680359642176	CD8+ T cells	0.4669544861294921
hsa-miR-548ae-5p	4.498213933861341	3.9459303599704816	7.484030426047202	12.387862979967544	9.746077466478852	14.20814911287198	4.621564893885209	8.632940467010085	14.539005596162337	16.04858199413552	7.850299119922737	Plasma	0.4522003602043883
hsa-miR-548aj-5p	0.6539351453343779	0.4319112539687457	0.6920657179320275	1.6551431652255648	0.513618019510575	0.4335717182697315	0.4526911222637778	1.1847417855393494	0.567499667714258	0.1244297058718967	0.1255334467112242	CD8+ T cells	0.6870362823018983
hsa-miR-548ak	2.585984895608098	0.5012245291200793	3.1105808514809223	6.838479234624646	0.2308033980907325	0.9896983472182096	0.4361583322521835	3.6964595519884975	1.0038703971625282	0.5586550971041719	0.0081404604721773	CD8+ T cells	0.8081214344548957
hsa-miR-548am-5p	5.266099724291708	3.1704638879533675	10.315298025178253	20.893525125919616	5.406179207062721	3.254648044453288	4.53784397314419	9.497919770928162	6.546911033688556	2.3839814793864984	9.098186763112173	CD8+ T cells	0.7153303162068442
hsa-miR-548ap-5p	0.3747907358676368	0.0949573682381264	0.5383628883382712	2.853284439011765	0.1447636604268328	0.2883555085869932	0.168253125319626	2.069167105600689	0.20377648833405	0.6673162424361948	0.1416197640238445	CD8+ T cells	0.8355802589104254
hsa-miR-548aq-3p	1.9896209888304364	1.0563318203938097	3.9294804665556606	8.00917370010754	2.189170948726776	1.3222505506122428	3.242486076607825	4.2274005811951145	4.466764952923741	1.2499368173132743	1.460319843075614	CD8+ T cells	0.6861878142823021
hsa-miR-548ar-5p	0.6281817024859486	0.4312914657638867	0.5779521178597553	1.5062315502782415	0.4884793635329997	0.372434277648388	0.3204732457417857	1.027269125604193	0.4687266791048234	0.0644064506906083	0.1022760557831774	CD8+ T cells	0.70247001642027
hsa-miR-548au-5p	5.100810732631284	2.983539021018081	10.525747590734374	22.007399074738284	4.747990209481242	3.1668833765722626	4.151815214433482	10.49811499549923	8.46618289457646	2.256360816686832	2.545206890935796	CD8+ T cells	0.7526166015453306
hsa-miR-548aw	1.5642224648229996	0.3002470296268855	1.747315923424068	2.0416945698180786	0.7196535663176047	0.3940500228897611	0.4345337448349248	1.838016144583669	0.7366221178600583	0.5391885461253807	0.0481068787209262	CD8+ T cells	0.5923995409387903
hsa-miR-548ay-3p	0.3786878082438768	0.4310467403146892	0.7254925483207555	1.5962317600334204	1.242045322818096	0.6445549414165671	1.5036642243789606	1.4844951817386158	0.9141296942006482	0.8328862367378802	0.1888235867397229	CD8+ T cells	0.4771544775719113
hsa-miR-548ay-5p	4.14446360504274	3.0050338996207016	6.924294785910754	11.671418409630109	9.700866400734837	14.160926788278289	6.315806844646933	8.303062083980697	18.003667443893622	15.6521351050856	4.477304681863677	Neutrophils	0.5314548390338909
hsa-miR-548b-3p	0.171169326665368	0.8608700412228507	1.5741152049406304	0.9874862244091316	0.2463063916478124	0.0444822136603038	0.2954086051791945	0.2559487967147069	0.074653236716816	0.0803238875650115	0.0471165013387009	CD4+ T cells	0.805365883290896
hsa-miR-548b-5p	0.5116750411421372	1.1508606173441358	1.4937526900489664	1.3121233228292437	1.019358830365612	3.064468365312792	0.97146568715729	1.01028211127602	1.1826053001350856	2.550620527869305	1.0890242606560954	Erythrocytes	0.5988939377558474
hsa-miR-548bc	0.6880758658383337	0.5452286916728849	0.8827509446021835	3.5098812119435547	1.157902630779983	1.9118735548338863	1.1017152737620994	2.203249277347903	0.9820042100513994	1.125002861633533	1.3244649418249366	CD8+ T cells	0.6603227422119698
hsa-miR-548c-3p	0.1187996001928656	0.0203106365271211	0.6870222729330447	1.9070246220705167	0.229761092305748	0.808515327226214	0.298290262176624	0.6101577871217979	0.3127097653546355	0.3716867980474706	0.1087050739465318	CD8+ T cells	0.813009303888254
hsa-miR-548c-5p	5.365864090172062	3.4458093594798105	10.556403303567864	21.23025435230621	6.484053847175768	3.3296011803317835	5.6480871136532205	10.048827302195187	7.265664114343386	2.3839814793864984	7.503460565062578	CD8+ T cells	0.7078143703510092
hsa-miR-548d-3p	0.0921877253450124	0.0322357230840171	0.1684293095678071	0.217625088717299	0.6446352263904901	0.4457959777685285	0.8985818095825356	0.3540231288002016	1.1039705527350114	0.0450146955544629	0.3277279445784379	Neutrophils	0.707758814635412
hsa-miR-548d-5p	4.194334987654235	3.893367833748476	6.796972031463877	11.505087295001632	11.270722465686315	14.022484566671118	7.445638582377172	8.33526367854239	20.2459433954732	15.64406728700683	5.604464574544433	Neutrophils	0.5618262801103567
hsa-miR-548e-3p	2.495793305175935	2.644279802900196	1.8458092528924608	3.944763779255119	13.816118620865288	0.3903760952794361	9.021079810199994	4.471191171052678	10.889675583506602	0.9287303594352292	2.6080433526566886	Eosinophils	0.7159857729283392
hsa-miR-548e-5p	1.8073051261307576	1.5619066011409737	1.30398295942994	2.9314740609517798	7.46543170386545	0.3734232879649694	5.0592264731652525	2.994646134819268	6.574922754133411	0.5574060558677532	1.505367593447026	Eosinophils	0.669548098145782
hsa-miR-548g-5p	0.7039301843141659	0.4319112539687457	0.8315124662601888	1.9222789067665955	0.6771140936879222	0.4475770382288643	0.5949534645826556	1.4968828508448666	0.8268144655079623	0.1324975239506668	0.1184375556704314	CD8+ T cells	0.6742600215309567
hsa-miR-548h-3p	10.170807256457335	3.030116495822779	9.02423419336317	26.083138531253105	2.508623790958074	1.704275678030981	5.109446078557562	15.235080179682514	6.312523019111235	2.714437662898868	1.5472067242162226	CD8+ T cells	0.7801002704855735
hsa-miR-548h-5p	0.6439053570432599	0.0247915281943606	0.7727337699924447	1.604626257835235	0.2818926754225098	0.3300733832348586	0.228165638734202	0.9207229570512684	0.4338345152981092	0.1030152494135346	0.106097363277132	CD8+ T cells	0.7603658534885751
hsa-miR-548j-5p	4.349322948581401	5.988540337066432	4.261571815830194	22.4099428492645	11.031205508651182	6.703694067448838	15.533010066473471	44.10789292639856	12.796295483245547	5.183754398462633	52.776304924317046	Thrombocytes	0.7491957222256487
hsa-miR-548k	0.6263692402498957	0.3172049293234708	1.239503264748136	3.284401973095904	3.0070617013668484	0.7369832667639683	4.526226640670704	2.5491087136061528	4.598923985282435	0.4417088099950196	1.245699874652186	Neutrophils	0.6091636114883855
hsa-miR-548l	0.5536822676663621	0.2746089411005505	0.4577116981656589	1.339026762616729	5.779645098189005	0.6382741180880733	3.20503249783668	1.9519120110744688	3.611925957032513	1.94420259715637	1.2758796442608795	Eosinophils	0.7361039261774494
hsa-miR-548n	0.4425641881598599	1.008936116294577	0.6685516794693549	1.606364072595387	3.059720335833156	0.7115826309725064	1.1328160306654789	1.7893908924931017	1.522401648269129	0.9508354544345424	1.1591384668619855	Eosinophils	0.6407324861857787
hsa-miR-548o-3p	0.9834465939410764	1.47999273154868	0.966086151964078	1.3773718465087277	0.7788647945009473	1.1593355764829032	0.7505502642431819	2.45533815853735	1.640087427517677	0.481292783302054	0.1844684912643835	Natural killer cells	0.6008086858751676
hsa-miR-548o-5p	5.365864090172062	3.446429147684669	10.570316155281054	21.258803844042728	6.503621630762974	3.3307371895952214	5.662319607911333	10.070010796330877	7.278923674933005	2.3839814793864984	7.503460565062578	CD8+ T cells	0.7078120443990705
hsa-miR-548q	2.177707301672839	0.9263189487489628	2.539836341670243	2.9948522063834107	1.6407839254221304	3.248718987745028	1.5415042145041749	2.475308520320065	1.1079325524713437	4.308794095449652	0.1574417966407365	Plasma	0.5634415481713582
hsa-miR-548t-3p	1.3219237490145692	1.371201128188135	3.4387175719114054	11.599839146442996	2.220986394234997	0.759371965254966	3.2441563675261302	6.042416091622316	2.7331720334286	0.4907626482954033	1.8009303131102763	CD8+ T cells	0.7980692838333928
hsa-miR-548t-5p	0.3352090759137566	0.1180836224073069	0.3559798812446432	0.5207234846366983	0.9743146047067232	0.1798410088312463	1.3379080875529896	0.5962296845157733	1.3784083844579296	0.2029402270920796	0.1813366940306137	Neutrophils	0.6515861028500288
hsa-miR-548w	2.081625152885551	0.0434225374737793	1.5834209977074376	4.595816149389931	0.5991439515055765	0.010520980053961	1.8871387519306364	3.316655943400052	1.8131508314011977	0.0	0.2634772030756169	CD8+ T cells	0.7476279300038262
hsa-miR-548x-5p	0.6397853366870118	0.4319112539687457	0.702435500683447	1.659601593244249	0.5183721692151035	0.4301381451453796	0.4405288240505055	1.2033810777092426	0.5692724676139487	0.1244297058718967	0.1003737122929708	CD8+ T cells	0.6890441528710473
hsa-miR-548z	10.228607223907987	3.030116495822779	9.057143257680666	26.128406105953022	2.538728642165763	2.010427484565912	5.176024162863622	15.291076173012598	6.358583092718102	2.8755362352384304	1.5472067242162226	CD8+ T cells	0.7775851720287229
hsa-miR-550a-3-5p	0.252784796368756	0.2164357844387604	0.1035632491349415	0.1626484452926901	1.162538100308543	1.849162196098116	0.5167531972418544	0.4691173607576023	1.176270134693958	1.0624695219601397	0.1285299145042793	Erythrocytes	0.7160275872077746
hsa-miR-550a-3p	0.5766054250539384	2.9620325173377484	0.2599910874001771	0.6807139053648725	4.312467551340065	1.3284272185163617	1.5394287071220207	0.5644184755712763	1.9856046416137796	7.21198729903508	0.4230089613658305	Plasma	0.7971058754825617
hsa-miR-550a-5p	0.1779610734467354	0.4513646383744372	0.1523034381453598	0.1659258082598189	1.3199665343781748	1.9435450537228327	0.5639808364527147	0.5433699072677033	1.2595522443368634	0.9173872077135214	0.037226925800424	Erythrocytes	0.7124307150240726
hsa-miR-551a	0.0628391071915335	0.3105622920057521	0.3543619951617399	0.4749614747382035	1.7145600831571413	0.0154344656173656	8.566547103771963	1.1649120974713598	20.344930353386054	0.3387723083496768	0.2030747194963226	Neutrophils	0.9350893543621144
hsa-miR-551b-3p	0.2922471168642345	1.2054086383001488	0.0681344627007344	4.4995344898416265	1.578065218809353	0.0013174470142376	1.1645466379320717	5.041422081895576	1.1285690730611546	0.0911814748421192	4.47329555369255	Natural killer cells	0.7123371168397515
hsa-miR-556-3p	0.090875624764543	0.0161144933263344	0.0635605970730443	0.0138189857408551	0.0925846577620573	0.0432338148093135	1.243563656400408	0.0109359979306219	2.3872347980696103	0.0	1.5400175488463057	Neutrophils	0.8695266431616979
hsa-miR-556-5p	0.0771164893600641	0.0120764967745963	0.0167504462112743	0.0109484423180331	0.0466989306161388	0.024216830029147	0.3510967820557096	0.0134518829528952	1.4788135708841257	0.0	0.3949909959695649	Neutrophils	0.9359386933593636
hsa-miR-5583-3p	0.0	0.6928179224056642	0.096224204520087	0.0012530594134762	0.3217327104600089	0.9045190445962218	0.9652362244104972	0.1054354609542801	1.788432152941395	0.384196210879457	0.6131563648041125	Neutrophils	0.7716116210656355
hsa-miR-5586-3p	0.0349888024150426	0.003098941024295	0.1058450186572172	0.0043188274887807	0.0297952699233481	0.0	1.04879171539893	0.0962944858764031	0.1692396883412375	0.0	0.140491796538661	Monocytes	0.9443099309720594
hsa-miR-5586-5p	0.1634157410011035	0.5519892517288382	0.5935255773000914	0.0145381646206991	0.0337306411551458	0.0	9.22329715361647	0.638010745397098	0.9554388452435276	0.0	3.4194745433818903	Monocytes	0.9309344217828799
hsa-miR-5690	0.5094201089460946	0.1998970475958973	3.5153674654870923	3.6286850475192174	0.8162825526016272	0.5641511473201182	2.1625517027199708	1.1273618612629226	0.5386707425150468	0.0757411733298304	0.0343202977584512	CD8+ T cells	0.7369911145619614
hsa-miR-570-3p	1.6808959248954325	0.9503728532818428	3.267098990839524	4.4967843295653465	1.0554211196905448	1.663029128629388	1.989063036658106	4.224614927846274	1.1263143209158544	1.1107826953570763	0.242983108849004	CD8+ T cells	0.6150454449605266
hsa-miR-5701	18.316853516033067	7.164934567890644	4.348747091322321	9.004844312198847	4.160515643664004	0.0	2.280697405349571	16.65159029803354	1.856991955112617	0.0	0.0426584144441016	B cells	0.751534947592505
hsa-miR-574-3p	22.030445950848108	15.407646205249224	11.563973626727584	1.6930975511934148	54.918917297945775	13.986886679410649	322.3249657727458	17.621574530209564	85.89058716360849	34.329292511630165	41.046053983878494	Monocytes	0.9073951734439493
hsa-miR-574-5p	6.93733021752956	6.412575773651264	3.1202079101582325	1.316445362587261	2.056134123349364	7.27288602774535	78.67902748194736	4.517851001269024	7.599704894658759	3.2274609734383475	26.382742115019663	Monocytes	0.9125010303219587
hsa-miR-576-3p	2.497493138457237	2.175302307191365	3.591227111347345	5.307442552470685	4.0822968288541945	1.2168361766309048	3.847636665320185	5.896662628320026	5.8326785876190135	5.201845762508403	1.560131283144505	Natural killer cells	0.40113768347631296
hsa-miR-576-5p	49.6695504948725	24.368611359753817	45.06415417902801	106.3742211332337	81.44212139368311	38.4630508971997	54.13512401172071	75.56682946761627	51.99143846626136	55.83358867341612	14.160395887285082	CD8+ T cells	0.5387088529501509
hsa-miR-577	19.966807633330948	0.1157864528130461	0.1388617818736722	0.7829440797424531	5.975169555480661	0.0	0.0735061153529064	0.4052521402443559	0.166193266259084	0.0	0.0025836748450891	B cells	0.9616348431492685
hsa-miR-579-3p	3.165393252652933	0.2359189487493724	2.499512257379436	5.562946495573668	1.632761373348348	1.665701769026613	0.9561690756561212	3.2238737351633	0.8909392027536618	2.2420054270273	0.4255030170106681	CD8+ T cells	0.6955250590268156
hsa-miR-579-5p	1.5509825861966025	0.1255367795758872	0.7248739815748618	1.2084537243874844	0.7180143968535537	1.0857901186601249	0.6987004695295809	1.3303193945160785	0.4344053605137999	0.5092563877133919	0.0776886331275536	B cells	0.5542800217116028
hsa-miR-580-3p	0.4524946378462189	0.924078394208924	0.9467803956534838	1.187132429403112	2.143982263655755	1.159849532050499	1.583900322000164	1.692851954712608	1.5994391473668257	0.0540771847301372	0.5919329352517898	Eosinophils	0.5245978893573388
hsa-miR-581	0.3210436739326726	0.1347624959794428	0.3628908009959622	0.5443898652718349	0.2879900813322061	0.5665613184983292	0.6210781024130514	1.1044918911201975	0.219367960740951	0.0	0.4817043085193123	Natural killer cells	0.6795097695019165
hsa-miR-582-3p	5.861769756526854	1.8343482451488469	2.700151133057228	0.2115085327045511	8.457122824250694	0.0193184025066903	38.87775280113723	0.8535895154978069	75.75466144907541	2.6950414916457084	1.174651270178963	Neutrophils	0.9172522815446895
hsa-miR-582-5p	14.60349819269259	0.3959810440683088	2.5743067571041944	0.2005501124119184	5.848971348099551	0.1175222894736159	27.586482487742742	1.004855453038719	63.38571510529819	0.5420428925679519	0.4311477619662562	Neutrophils	0.9159031995606369
hsa-miR-584-5p	32.88907599354156	2.083431666816259	0.60847020992809	0.8266361555604864	2.1523838160525623	87.77913977423415	8.293954229940665	2.6289833266658804	1.618144636656376	92.0783838556572	429.9414677340742	Thrombocytes	0.946281384560955
hsa-miR-589-3p	1.5532625371492137	1.898311702275613	3.0712660851357647	6.947709499560269	5.34861833754374	1.303649445740554	9.094975788237267	7.5830409015708655	4.416598364143526	2.0583484051321723	2.313636638214918	Monocytes	0.5987406369606206
hsa-miR-589-5p	12.456637677980126	9.149562472583735	15.01603877403274	42.36358819168931	26.804280473285136	10.163653135397558	29.77180821821533	34.49557588979036	19.68527492052972	21.86011424020564	9.695937069853134	CD8+ T cells	0.5536287388683236
hsa-miR-590-3p	62.960353405668414	51.989474043342994	112.32223072103244	224.38625548057755	126.70162154885524	17.526381747512524	109.6824081693344	153.65407302426448	161.5380638174206	8.506387404501687	56.77785000151616	CD8+ T cells	0.6159930375245143
hsa-miR-590-5p	5.720954961301553	3.736343185151695	10.453415312166369	23.67431630338719	14.736000753963156	1.979090641412654	16.177375539180243	14.947299805253351	16.231781519297375	1.4002710128261664	2.3167424564714074	CD8+ T cells	0.6295594176272941
hsa-miR-597-5p	0.1692419869044808	0.1423212568845088	0.148077856198522	1.0573799595905964	1.2193477806930415	0.0	0.3339188041212966	0.3769295212637584	0.227195001947208	0.0	0.2171114096005979	Eosinophils	0.7808520391949061
hsa-miR-598-3p	53.317436645300056	12.89666034015568	44.394248077455714	80.37462005180211	41.46015480888334	8.687983735262765	20.93792195869844	89.66958313321285	9.474035580494158	9.963206785312089	12.46487015612109	Natural killer cells	0.6721618102062961
hsa-miR-6125	1.198537710805452	0.1546879595313294	0.9709896733858387	0.2691655501166497	0.2109214116817477	0.0	1.190891834231221	0.1004242969977381	0.0414717566211205	0.0	0.0294073799426622	B cells	0.7523682537686901
hsa-miR-616-3p	1.2534371782412148	0.6035845796705179	0.7686977779737172	1.6852186635202884	3.1606411446612945	0.335699569163593	1.585961341891254	1.9886683043465645	1.6088918037999822	0.4319414481300719	0.4713315378922517	Eosinophils	0.6604033259910091
hsa-miR-618	0.0274426441352827	2.788685387755577	0.2053078525397901	0.042501776641508	42.39390084807288	0.0	6.576611413228509	0.6246694899546983	18.978789385268257	0.3030770912511772	0.0682675644779177	Eosinophils	0.9301424214030567
hsa-miR-624-5p	1.7094594265056378	1.1365655861104822	2.448776176624149	5.18430981264469	4.528831878078352	4.116358686654615	3.766178324505181	2.859889469056254	3.43390069251431	1.9947792875201236	0.5453904980725118	CD8+ T cells	0.48806820994938566
hsa-miR-625-3p	221.2806363799728	52.799226474663705	124.5792090554154	184.1552152761583	93.8512756748654	28.10715079762396	55.75976912105015	102.77513323050508	27.4278466878758	76.7928830049642	178.43482431330213	B cells	0.5821222549050327
hsa-miR-625-5p	160.43153162043993	31.11509625847651	92.00135299717226	109.62898065141668	75.1690780133306	10.047047056895432	38.85009784180705	102.08395762284108	51.53818192280311	5.140017379644392	66.66575820890516	B cells	0.6370790940706126
hsa-miR-627-5p	7.633420667788138	2.5035299199744494	6.859190634182475	11.658419942739169	8.966010133732691	2.8996147880477805	9.406135778148933	10.287847201396726	8.304301423960213	3.5325314837247097	1.3298334473502431	CD8+ T cells	0.4705764950871673
hsa-miR-628-3p	16.7684617932664	37.22292969014599	10.68421689809199	16.254200796044238	177.0097799944235	20.310732413469296	53.12910092696822	34.603567868260306	104.2576763315217	17.729335030268764	72.43445923774478	Eosinophils	0.7834048033968177
hsa-miR-628-5p	6.841656041686115	19.13871600192996	8.908614989801642	13.970639062750612	210.30815467724483	3.0571840617604136	72.49830325492718	28.66147301762976	138.72831755978822	1.4295020238746343	22.892488465464748	Eosinophils	0.8496839578261878
hsa-miR-629-3p	12.553658388627674	0.495537232818071	3.016625146468691	4.033411808091447	3.6651751246642794	0.3707375467119154	4.444667216460911	3.3248472716099684	5.225480724251943	0.9174154114351152	0.2228719791140536	B cells	0.7951452185052036
hsa-miR-629-5p	149.69156976853182	106.485980269064	72.12417179331435	88.46002075554739	164.99654131501782	111.20824736627844	152.17647407646476	90.6334395435686	238.326757218786	93.89043757904574	50.57601508466752	Neutrophils	0.5467387253711391
hsa-miR-636	0.6429313721924879	0.7727885320963581	0.4837375995015613	0.8169648953903784	0.2387437703075564	6.841311280941511	0.559530559821905	0.536604048791617	0.6927048206567525	23.01930973848216	0.2416654760712766	Plasma	0.948621472623917
hsa-miR-641	3.321504029342992	0.2286409810676757	2.3374684204027507	5.379998713925896	2.955474555424108	0.945396619383946	1.8604223106899345	4.279479169607291	1.7299149968809764	0.9596689764908456	2.0799328051321626	CD8+ T cells	0.6152805239367984
hsa-miR-642a-3p	1.4818657450315815	7.916311884755171	5.749739916735323	22.573719152201612	73.529021774962	0.0	0.0515978397896272	24.022648367979624	1.015847842254865	0.8287744560942201	0.0168352405431789	Eosinophils	0.9134255578155105
hsa-miR-642a-5p	7.297366037851261	17.604794839676686	28.01002628719009	99.14130643014084	246.851859364076	0.0178041608901841	0.2340839678669115	132.22476571667508	3.449417794475819	1.4043153050824022	0.2148020898664924	Eosinophils	0.8826832079062474
hsa-miR-642b-3p	0.2557000199074261	0.1571225160191307	0.6013370538686645	2.631078728858875	3.069821023682371	0.0	0.0044089032452235	1.8957974066610248	0.0503238160725814	0.0	0.0	Eosinophils	0.8177167853935478
hsa-miR-642b-5p	0.2900544086310618	1.668356753902683	1.5643352227394858	5.327057698630288	28.55739076320745	0.0	0.0143448619846583	7.883302623444278	0.3991308380121853	0.1069465143453235	0.0742163227423513	Eosinophils	0.9393230796604959
hsa-miR-643	1.3600967203812049	0.2212337628065408	1.7666151220156154	2.9426681566512065	1.5280953325066446	0.9725253217957244	1.944283436572085	2.1516401031379178	0.9262064057273988	0.1673903987220838	0.1131790423140325	CD8+ T cells	0.6210491617692452
hsa-miR-6501-5p	0.9629262844185288	0.5417154780437171	0.6863326721501536	0.7923315852282892	1.8509579766095308	0.3589269088738698	1.2067456717248453	1.0344273623993732	1.693466301198861	0.5058155318303923	0.097512411411232	Eosinophils	0.5742636890269264
hsa-miR-6503-3p	0.269871465924405	14.11416260962226	3.271283685667076	0.1164784170656238	1.1347479512881402	0.0974230032165751	87.04735001753944	1.659160138850619	0.177088282981394	0.4339033409458078	1.0534029766036843	Monocytes	0.9743501417703504
hsa-miR-6503-5p	0.049093957807733	3.0532941155540074	0.6900936883828985	0.0598559740735942	0.2500055494157414	0.0220129677172306	22.99605115580292	0.3109337129292068	0.0569236760090173	0.0	0.2936424614442492	Monocytes	0.9791883568578426
hsa-miR-651-5p	5.468202536124182	4.831550906347787	7.74765486426752	17.93461473485163	19.24567413994097	3.3791757886765788	9.747747360165633	9.871355265257746	9.339049296565072	2.1175234587892726	3.257204422116105	Eosinophils	0.617087569407493
hsa-miR-6511a-3p	1.9183945313920487	0.3141098170277804	0.9790391610525724	1.1098581830438674	1.0785697727420889	4.687396834846587	1.797793223604234	1.257586266945649	0.9320140713861284	6.640792719217082	1.6458173599472223	Plasma	0.7632725506324557
hsa-miR-6511b-3p	1.332534217250859	0.5136581316405016	0.6276388134743872	0.6800597977228543	0.4507549588638868	2.693430090854686	0.8453850262943866	0.8096752458216699	0.3896693684967936	5.421099844448849	0.7591548307255571	Plasma	0.8321012203738344
hsa-miR-6513-3p	5.730166858449211	4.155644748228852	4.790722433175726	6.036917854405049	8.462350459242549	6.212303506396172	5.739542106096574	7.98136130205065	3.7101359016749487	3.0852850158042573	4.2822544717558095	Eosinophils	0.3887710696081594
hsa-miR-6513-5p	0.3690390330079816	0.575302649930774	0.4235368843354315	0.6885524739622395	1.6045665169451384	0.2121161980987102	0.6752438288247252	0.9335708717063992	0.6327416479621317	0.1036199170638108	1.081397097034237	Eosinophils	0.6450679643515731
hsa-miR-6514-5p	0.5719433970939686	0.322830656388906	0.4916160814602615	0.6666998636611117	1.377383859129142	1.2349663347263375	2.65908310856895	1.2869227245497423	1.0946776782997256	0.5010117749740836	1.2416209201362167	Monocytes	0.6694472142636464
hsa-miR-652-3p	13.615426416201654	60.81204686624355	9.372240156165295	11.695858252813156	114.07867413179	28.564194908913784	49.5516384820772	17.23244800235289	47.45839456503474	31.080725314594297	24.981759090256432	Eosinophils	0.7419634000000853
hsa-miR-652-5p	0.6113803530978745	2.298029959227692	1.216833925566326	1.4772478680308656	8.866002397014162	0.161584361675945	5.541221478365275	0.7760578283144923	2.8419890375632715	0.4482703642192117	1.4690973045304812	Eosinophils	0.8100416430491459
hsa-miR-654-3p	7.303389080595893	0.443084242338531	0.6844107665040304	3.417317435428908	0.8716411491442579	0.0433229785084933	1.8440498925300048	18.380459516104555	1.1124936153258491	2.265859822875986	77.44149516998264	Thrombocytes	0.9530406425915025
hsa-miR-659-5p	1.3344342472657824	0.1466799591190712	1.4559108877550142	2.408985855081882	1.1377630430440426	0.4622479797713286	0.6872309843070277	1.2033196527655698	0.5969392530605496	0.8610090613142868	0.684713025434522	CD8+ T cells	0.6442383388944436
hsa-miR-660-3p	0.3498315705749026	0.0266508928089377	0.4550618349251992	0.6359671325574302	0.6856550861358762	0.1376515810860796	3.187865697216527	0.7772230334309634	0.3534368312274735	0.383711873856453	0.1171890307881223	Monocytes	0.8769590930127249
hsa-miR-660-5p	103.5176144977666	51.20905250211197	120.23166040954408	187.0445152595296	73.00136917141636	140.13572746066956	484.0639252160103	162.59734359391354	71.7422621852986	313.36776915251187	33.23377221520175	Monocytes	0.740513386555826
hsa-miR-664a-3p	27.43567459747715	6.363740066982452	13.278240274981297	25.04738456895433	28.184155509955843	1.4295195873263171	9.535552573878418	19.237450212879573	9.496108812482928	4.469483080073361	7.150517979401896	Eosinophils	0.5620103937092167
hsa-miR-664a-5p	139.56814487556431	70.96190537983338	40.89267946330538	58.89343256779437	68.9060336384736	17.633590620521108	32.45939466013955	89.27123371005517	36.25818694256471	15.94758634857331	48.04926841959306	B cells	0.6566026494239338
hsa-miR-664b-3p	6.451598481461303	1.4067112127651704	3.268687054530933	6.103998084567596	6.008056463642272	0.5155272097993524	2.3339780080750794	4.545927153233516	1.4908427493264549	0.909382708163006	0.4028204972356523	B cells	0.5817171322908078
hsa-miR-664b-5p	20.39617032509288	7.158689238481887	5.400758192353582	9.097031888855808	7.2570125420569	3.599616248842552	4.450069697183534	13.311757252640495	3.226089650700476	1.7943913118802262	6.134652562897624	B cells	0.6988156717326621
hsa-miR-671-3p	8.71002248106896	6.397445452863792	6.659877106379458	15.936121696667	14.994260659695804	0.2404182643193708	19.461012234620537	21.179598970909957	9.234768352721098	0.7459297219583395	15.004343698193765	Natural killer cells	0.5401980943914722
hsa-miR-671-5p	17.47400735409245	11.013197056536312	33.83429984707183	73.63361546950456	17.942252881144412	0.1436621269785589	51.82305943148906	41.50463808579891	8.470644385068509	5.609110491735973	12.821349292654771	CD8+ T cells	0.7275208888314544
hsa-miR-6718-5p	0.0169157038251672	27.347799287104465	0.3915493134687713	0.0164619544641956	0.5529213528661684	0.0	9.276836705916567	0.2500769710434029	0.0521287178612252	0.0	0.3167226073486419	Basophils	0.960239530747465
hsa-miR-6721-5p	0.0968056614601866	0.3810157951410567	0.0074921127018967	0.0080504850201891	0.030566555731328	2.739191189751125	0.081475802261813	0.1225985422744739	0.0820492758098266	1.681538795337391	8.971142867329041	Thrombocytes	0.9416932235630907
hsa-miR-6724-5p	9.48607114558876	6.597129526680719	3.784851578265785	7.977258665153509	1.395450583065413	0.0859332298807348	1.138624232982944	3.045924526714012	0.2607613585236419	0.0352110614882197	0.9471511266985496	B cells	0.733627383754086
hsa-miR-6726-3p	0.8973523984759646	0.2656927677272906	0.492110249420767	0.9203493543016854	0.9920730311245918	1.3156311247567631	1.292242552632279	1.5636880558416326	0.5009073934844532	1.5663992218072793	0.4809526635777818	Plasma	0.44324540832693343
hsa-miR-6731-3p	1.9988127852938609	0.0289513590001599	1.8848277638288584	8.019237141218296	1.474583355539258	0.0147713638959824	0.3299741861237656	14.479250871263991	0.2960543224370981	0.0704452310435811	0.0	Natural killer cells	0.9024973209325404
hsa-miR-6731-5p	1.3934152876207728	0.712273127654299	1.1225150255516925	3.1255944430585325	0.5282928741386452	0.0224561971949015	0.2148851372427313	8.415416231680217	0.1866604106895839	0.0100847725984626	0.0101897815195642	Natural killer cells	0.9129411207292547
hsa-miR-6734-3p	0.6100336853695493	0.0974439258928449	0.2968431844795152	0.5327485900824865	0.6559117857349624	1.947422878229438	0.6512688038075964	0.8259930754602761	0.4450534024470359	1.320985876843808	0.4203506800638936	Erythrocytes	0.6992623905339599
hsa-miR-6734-5p	1.6949708486432864	0.8080602147580674	0.5603455980571805	0.7774246896798437	0.9226293089276032	13.68501165325247	1.6483071779471397	1.794071362962393	0.7765773198955098	10.146727276047931	1.006507969790868	Erythrocytes	0.8528636856372407
hsa-miR-6741-3p	1.0764635932812785	0.3224368458496387	0.3848014518248898	0.8814926482388681	1.500276518263988	1.5754863154814915	1.0237808080628712	1.5834746906904755	1.0008795458251711	2.447369357731109	4.653691507282664	Thrombocytes	0.7465138856585305
hsa-miR-6741-5p	0.4731312270351516	0.0923039148842604	0.2080242331260458	0.1485463859456568	0.0357304779433668	1.3201648551685456	0.2110716117356173	0.1760404042215113	0.0347064136226403	1.5189332132895228	0.8036913803480275	Plasma	0.7693505630544771
hsa-miR-6747-3p	2.201034099067944	1.0201133538831857	1.0320484580379357	1.5517039055535855	2.6501808170465626	3.204722853284813	3.592229172105533	2.347618129051601	1.69981986124348	2.1489029936057658	2.551221742148142	Monocytes	0.43190244176538617
hsa-miR-6750-5p	0.253362649217145	0.0225649619140431	0.1753458506659961	0.197359440849134	0.0448676419502966	1.5752838055323095	0.1452537749335016	0.1043905587067923	0.1835460037971739	1.443622294492061	0.003616397391299	Erythrocytes	0.8366053428037573
hsa-miR-676-3p	0.1993941104679339	1.4019086520026205	5.9227146881396	3.0413078125239936	0.2560352230876401	0.0	0.1492216600069933	0.4103395997698172	0.0348653058053541	0.257210917230411	0.0051673496901783	CD4+ T cells	0.9028241113469404
hsa-miR-6769b-3p	3.978176841071552	2.761100906071681	4.977651994721948	7.46529096573993	0.742662893603644	0.1066550081229634	4.33554851638817	5.134188436415559	0.7634660599274762	0.0393771329851882	0.1974545850014585	CD8+ T cells	0.6914215068102657
hsa-miR-6774-3p	4.812322950707483	0.2510545592325078	0.5428538645904987	0.2668943564008837	0.0864758324173972	0.0	10.737473587193724	1.8103075420985089	0.0286639918740549	0.0	0.3331473768330489	Monocytes	0.9242678418892425
hsa-miR-6780a-5p	0.4188846528611796	0.5112410171830278	0.1648160217546304	0.2166199899304111	0.3156425691932924	3.3770364189850914	0.2532642226300813	0.4665460239750088	0.2674869775872049	3.5159893028213403	0.6043332946192763	Plasma	0.8124035478883149
hsa-miR-6780b-3p	0.8839825959051184	0.610512184209015	0.5918528967697991	1.2183977497774778	1.5811044668210132	0.2271526227168067	1.2495121697490132	1.4828109322917344	0.5441009879545389	0.297960935803724	0.5220296875667488	Eosinophils	0.5175326537353
hsa-miR-6787-3p	0.0517215930247369	0.7137125861478884	0.0340630559730333	0.1304312463054353	1.1762218276084089	0.0	0.8091656287317893	0.3389825935372142	1.451748454151526	0.0107875679751627	0.3799181112046987	Neutrophils	0.7489231553796495
hsa-miR-6802-3p	2.4242556910508792	0.3085620497572622	1.4852260220283229	3.226410407136655	1.693906092411181	1.2558597189928362	1.1996296268399167	2.3803498508406102	0.8443879240396642	0.6985408245349329	0.3505359178680245	CD8+ T cells	0.608194490992162
hsa-miR-6803-3p	12.334107131875395	5.364283323733289	7.592183826961143	12.775920050979376	13.423362081758718	11.316937897357056	5.87004315690685	13.312662386563472	5.593999982837387	15.805825585896184	6.612377614956433	Plasma	0.40404329440417364
hsa-miR-6805-5p	0.1991203805561144	0.0	0.0540991326582154	0.2481126719177911	0.0499348379471017	1.6280763704242025	0.0904420466357911	0.0913793322421744	0.1001741545268811	2.8968793433284827	0.0644041254238734	Plasma	0.9128115895420728
hsa-miR-6813-5p	1.02345690217852	1.217060835718024	0.2429992665914965	0.4449733135663518	1.3718875297349933	0.0	2.0783862847938264	1.1677219277394484	1.413582889457929	0.9785206534558584	1.6835890433519132	Monocytes	0.5408075759727569
hsa-miR-6818-3p	0.2133212559651913	0.2550457884489288	0.1523354382589677	0.1743430151048994	1.61394738424887	0.8054008922940911	1.3894547905076446	0.4109864677391722	1.3339693837076747	0.1614986304820791	0.2242566207298655	Eosinophils	0.6827274337929149
hsa-miR-6837-3p	0.8471909861772748	0.869546554012001	0.3165876446596056	0.4973047277742699	1.1465024585954728	0.0527079895429022	0.8469972541470308	0.8918214292328347	1.174251319480549	0.0511794563793032	0.4745842923625464	Neutrophils	0.4895110873254134
hsa-miR-6842-3p	5.777758839829675	4.201171396853866	2.5303567473130544	4.505810219029619	7.245817350787153	0.9631444915782844	10.949002231178728	7.160099442342271	8.872621775226254	1.3242880859600257	3.955534622668136	Monocytes	0.5749694630706236
hsa-miR-6842-5p	2.37980332537851	1.9856009541311264	0.5240910741294762	0.584140346263792	1.6476966563538682	0.8695232214834021	2.524839908469522	2.4612403208438054	3.506568052820449	0.4268146764614368	0.6148034417398962	Neutrophils	0.6002201094035734
hsa-miR-6852-5p	1.8197920140239865	0.4337960014740786	0.1741600596308488	0.3923353557319702	1.0429918889990903	0.2758109751311228	1.4164433010358908	1.1710395765602777	0.975958227432434	1.1734624595034455	20.833170322038704	Thrombocytes	0.9573958753165199
hsa-miR-6855-3p	0.3851171079188526	0.1836069097964386	0.699666072195372	1.2583525244500977	1.7616469315197536	0.3593506289209962	0.7004086499411948	1.3562079858470857	1.412701319497953	0.3987003807958186	0.6171191198764041	Eosinophils	0.5815716210011995
hsa-miR-6859-5p	0.7915099624147701	0.5447321394757032	0.5304597132588827	0.4137968872048216	0.3249700947523086	2.1797637765126097	0.6680630158321036	0.6255615223986545	0.4134688266524379	3.692625817217474	0.7756413811621375	Plasma	0.8031761765360481
hsa-miR-6873-3p	1.2021135469729936	1.2613125815613286	0.9577990836150942	1.452590557342869	1.2860933685295068	0.7392310586576148	1.432916325303079	1.9983928541114524	0.6189075839010797	0.5589060921440392	1.318577901775685	Natural killer cells	0.45814217272019037
hsa-miR-6881-3p	0.2617112740733426	0.0924273921051391	0.0	0.0725991112654216	0.2377864258696212	1.8409233859158705	0.0055421239390817	0.1062850535455581	0.0371246481037973	1.2786523977016058	0.0756488301053255	Erythrocytes	0.8822451127899378
hsa-miR-6882-5p	0.8118745043970164	0.0848961231200484	0.5568715313441397	0.8548314749136134	0.6966210029647605	0.3350532612709948	0.7684159454114334	1.1596523667181131	0.6362896906438162	0.0447415820765845	0.9190089666093398	Natural killer cells	0.5077314334374667
hsa-miR-7-1-3p	42.747432266949176	22.530540054192333	73.32370435068044	79.92570619890397	43.88255855811836	2.3752501107185773	39.03626276036032	77.2854085789222	32.158894048356025	2.89192554548518	3.805831049854148	CD8+ T cells	0.5745576442234804
hsa-miR-7-5p	337.518103507306	275.0460930062745	482.8649605646651	868.2181729671682	250.85077791360547	603.4149866921455	498.7325057059695	1139.1301543729376	719.3372777311263	533.8490953457979	120.26394954296956	Natural killer cells	0.5882739206777642
hsa-miR-708-3p	3.203372887136747	0.1195724776230377	0.1922826339552835	0.1545562751256841	0.0088260338792984	0.0	1.4330196002219382	0.4712900596927217	0.0244506443435192	0.0	0.0954194068257953	B cells	0.9219754546308432
hsa-miR-708-5p	84.2750519375823	3.010027366057461	5.189422467710008	1.5783221021186444	0.3295424967815573	0.0055129768547185	58.01366109932079	16.757747307479693	1.0428485817144866	0.0492098523484169	2.7261055600559088	B cells	0.8947465498138898
hsa-miR-744-3p	0.0721926462906102	0.0123957640971803	0.1539741085147603	0.2562538958756292	0.5913543142311908	0.0160997236117093	1.395652959003735	0.4980555115602986	0.6406010077703901	0.0	0.1268278981879917	Monocytes	0.8303478773240345
hsa-miR-744-5p	99.37511251658644	190.81533802190916	40.12117647745167	70.09848530260908	395.1539232771266	72.24312260433948	441.6730063908593	242.81962373018067	358.03466958975747	89.92639164284653	627.7540641468639	Thrombocytes	0.6813623417520874
hsa-miR-760	2.288895253390754	0.2267341669011227	1.5444324237865374	2.5638803186176893	0.1683515048894004	0.0020951213766248	1.865465617450661	3.3406603293812998	0.0546442346773974	1.9679525157281788	8.864742171527643	Thrombocytes	0.8418102724832766
hsa-miR-766-3p	7.424004879841603	1.3817587149089885	4.583761947355809	9.177407908646034	10.239992548401768	0.0779013120331444	3.8892247839503167	9.121670193560128	3.618647507158273	0.9850480468212564	2.7020514408552976	Eosinophils	0.5804540234569198
hsa-miR-766-5p	3.602881026622832	1.7024752962603054	2.1662526995877607	4.070309155555212	2.029024142933633	0.0876759600016078	1.7583247623848868	5.983693929266832	0.3750557081457089	0.2150531920891714	1.971391595354364	Natural killer cells	0.6995427280964163
hsa-miR-769-3p	4.003886406186018	2.6233764380003524	4.470040065450601	9.124790512567376	13.085005638184894	1.3308975452976826	11.002639374629322	10.739034965255316	6.189315753852304	2.6769030935333773	1.449388813830544	Eosinophils	0.5902923204545174
hsa-miR-769-5p	45.92659749894905	35.08254034213149	58.78703800826858	172.4858566803399	247.73618599816908	1.8331012569459744	58.21283315925771	85.8782144649258	77.5143819085041	12.444055887414269	19.823286784391165	Eosinophils	0.7707287275362649
hsa-miR-7704	13.292164066682188	8.681210706791981	7.068067483541508	10.429697544635175	4.456196621776393	0.384135749595294	2.197737978152647	8.017562840252221	3.6644175023854815	1.333509245783736	0.2674079515421237	B cells	0.6501702552633082
hsa-miR-7706	2.777421774528684	0.7664248432905494	2.224703309537609	3.733757815213356	0.8798850631066428	5.582424176297336	10.033014294140663	4.300333269789141	0.9910887839048806	17.80171439641952	0.5762035672058914	Plasma	0.820998943206145
hsa-miR-7845-5p	1.8004326805366186	1.4314997859746728	0.482478640169484	0.1373202653523361	0.7013665416757785	0.0	0.983969832603229	0.1343378757323803	0.8016198953904117	0.0	0.1201871510013736	B cells	0.7337984341368887
hsa-miR-7847-3p	0.4098093928289258	2.629276272256534	0.0483569725516287	0.1266697927931895	0.971564621532438	2.483944811068877	0.156989975771033	0.0926339484075112	2.3822992740977544	16.553946028246607	1.0795413259865487	Plasma	0.9372893546373727
hsa-miR-7848-3p	0.1171441780001947	0.0098656455344296	0.1133394546026526	0.1152728979651435	0.5983348461006827	0.0	0.772858876507323	0.3816320890594598	1.1706109767281083	0.0034240041592063	0.8678764008165527	Neutrophils	0.7454535749293819
hsa-miR-7850-5p	0.1036862305384107	0.1281606544414659	0.3172145597999216	0.3156709638985257	0.9885503371425736	0.0	0.5087951166508058	0.1361603678402292	2.90734355705403	0.0089526220081232	0.0	Neutrophils	0.9137635163124459
hsa-miR-7976	1.6320479820527998	1.623481909738128	2.1105070119305096	3.1065803439349446	3.5060659874816524	16.323782493252143	7.229075110090758	4.864986645449313	5.3389856647158656	12.551390478703231	1.3201946478838815	Erythrocytes	0.7348450593489999
hsa-miR-7977	39.29955856590445	9.433031705869553	29.905104690776515	49.07982747468885	38.268603629892496	0.1749454818005205	73.28290337645396	51.627785027130805	14.449866511769429	0.2784435177998973	3.2192486385956998	Monocytes	0.6783200386681579
hsa-miR-873-3p	0.0188601643078115	0.3820596634936995	0.0103552872033155	2.217253808182857	0.0924684753590285	0.0	0.0964176875102283	35.13424828684649	1.3070014024285763	0.2486182788144336	0.0088285182746731	Natural killer cells	0.9875282281556167
hsa-miR-873-5p	0.1013441072524373	0.9339543713736532	0.4520330996652862	31.71813427937793	0.4777947951674099	0.0063634927986108	0.5649472058698776	398.4966611630592	8.564618564217382	0.3247777599522476	0.2955359138099024	Natural killer cells	0.9890991549433058
hsa-miR-874-3p	7.684104138392485	13.82770207043077	44.426777331861175	43.0657112070623	10.334277811635332	1.2610255243761952	2.6794173677675777	24.293446883126688	1.605388967606004	17.63792211955886	1.1203315965656764	CD4+ T cells	0.7219935023332297
hsa-miR-874-5p	3.1044996794425512	1.9650546087970056	12.9291104961215	12.883827949735014	3.151131583892958	0.6616347197904291	0.9918170033272176	8.18327089087226	0.7394420555601532	0.3020744723591776	0.7881906622018817	CD4+ T cells	0.746533656466086
hsa-miR-876-3p	0.0	0.000619788204859	0.0015541604551341	0.1328947253511249	0.0	0.0	0.0094747797031182	2.3496381825804584	0.067030202025422	0.0	0.003616397391299	Natural killer cells	0.9908415663855689
hsa-miR-876-5p	0.0	0.0037187292291541	0.0015609120500265	0.9164904794674008	0.0069111402299472	0.0	0.0189698102963353	6.132263410456096	0.2476735751146128	0.0	0.0027122980434743	Natural killer cells	0.980463380904542
hsa-miR-877-3p	0.660855649852125	0.0985662210679378	0.3770913641572177	0.4349645353153187	1.0141033206930172	0.489581973062146	2.835464267487991	0.9677193002104232	0.620586404283193	1.5524466394058565	2.394016548307757	Monocytes	0.6963484232519442
hsa-miR-877-5p	3.782292301550278	0.3560411974323471	2.28538890738656	2.7048331917224364	0.4972643514385282	2.3824586948504884	9.770034621644983	4.852589717878967	0.6444513826221	2.122685414671791	3.30763953698758	Monocytes	0.765245000813729
hsa-miR-889-3p	0.6030389625220569	0.0931384863161649	0.0382421086837729	0.2895767354778683	0.0577808297336135	0.0073934131914293	0.1535448374436932	1.3458908120667534	0.1643916536718679	0.0691604929976739	17.345008491646855	Thrombocytes	0.9837292767342027
hsa-miR-9-3p	1.7964838411436572	0.4728719613814763	1.948084338755487	9.448564460499764	0.3932342339533244	0.0492482345066276	8.662169849936024	5.776653586640464	3.034350330425362	0.3903404017408388	1.403992694353519	CD8+ T cells	0.746761218882861
hsa-miR-9-5p	22.912239169278443	19.24641144177386	19.84815134906895	89.9915640161037	7.098028271040796	1.407005905567652	75.29174639803149	65.865264034914	24.33046091807588	7.021087384593945	208.1893775193551	Thrombocytes	0.8400437318866143
hsa-miR-92a-1-5p	7.5713699549700815	0.7364515954265043	2.5612629888246348	2.925339135276745	1.111756924489074	0.2640142728915168	1.3126263904124305	2.8500647555853216	0.5423579242069565	0.7351789259421542	0.2641874014411825	B cells	0.8242954657662203
hsa-miR-92a-3p	5773.100607483309	1975.7105359911209	3986.852645590589	5957.941031435704	2493.428878746209	8231.352651639132	3149.1757463551157	3474.156921472504	2153.1916846181857	28769.27778257614	2042.8410131854705	Plasma	0.8636123158424179
hsa-miR-92b-3p	2.9224853338085035	3.9116774180723	8.629505563819897	19.03460249014793	0.7734871161420839	19.235057933770328	2.682204357192398	5.032918480941024	2.431181839089999	61.33672853363663	7.364326579582626	Plasma	0.882586748862758
hsa-miR-92b-5p	0.6044342266644137	0.929178920710696	1.4254140522395318	1.9867400153684325	0.1066930126923353	10.610422801055734	0.3208647011070502	0.5697208476327562	0.2380719341940655	16.67980379679262	2.016921111177505	Plasma	0.8872381123184481
hsa-miR-93-3p	9.232266903585636	11.806763006471742	9.454116358348308	17.393095297483637	109.49948109175747	16.819970016142005	70.38791800595088	28.52200045061204	40.44726572342118	52.05657383616496	8.778908597695933	Eosinophils	0.7580820698374829
hsa-miR-93-5p	2794.967092341084	3641.27946738737	1980.485195535632	2478.93570060381	13068.798154296586	16802.75631057375	11722.764398265428	5565.469097055946	9548.4214112044	11288.406577208032	4687.842440125398	Erythrocytes	0.6025808605460665
hsa-miR-935	0.0787935217550555	60.136373399515385	0.0822529963105142	0.1088947840389483	142.88710982438076	0.0319440690007013	0.6512755086197346	1.526387249939002	1.321102090393713	0.5002643685013248	0.1277594214364981	Eosinophils	0.9548139454364594
hsa-miR-941	42.14874728440229	102.64838712736136	61.724579008660186	81.88339359243369	354.44013995642587	43.06463773021471	501.4154730693904	139.67272452111595	513.1141861853218	83.23733553803494	36.222582122610966	Neutrophils	0.7181021225111418
hsa-miR-942-5p	27.3377901001698	25.667061557155417	24.77260631023879	41.30933212886782	55.976944914881294	99.11810979989689	65.93946527705825	39.203686720151325	43.40085516256704	52.14275148484986	22.930286781035885	Erythrocytes	0.5977720103401425
hsa-miR-95-3p	107.3800006944538	40.39077934183532	186.99642966868387	251.97284707733027	0.6215041451993631	0.0525184260581287	3.8188482883289705	86.23871154003001	3.5270707792482963	2.6473899556428044	0.754544082589107	CD8+ T cells	0.8283831762279694
hsa-miR-95-5p	0.2664646892824291	0.0329916958554687	0.4353458233296265	2.22071727105625	0.0022141441024563	0.0	0.0047786483915283	0.3280986058589143	0.0029417435090218	0.0100847725984626	0.0	CD8+ T cells	0.9512355698295248
hsa-miR-96-5p	3.536299177185611	1.2672212799598828	0.375001387687983	2.255700393515422	1.2222067694608618	122.01405821057288	0.1955714013843172	3.329031948678188	5.380017608344982	38.086039536496045	3.4334808935190577	Erythrocytes	0.9515788825790299
hsa-miR-98-3p	0.2281471008764035	1.0204083295814883	0.4133852331213254	0.6230859182241358	3.518705501169838	0.2153944131379095	5.276437574417814	0.995910544755036	1.9725011269448087	0.1939948052948917	1.971774731136985	Monocytes	0.7886204935254361
hsa-miR-98-5p	198.53850851102305	211.2151725876112	159.2165517560443	199.21388705142272	530.3270579257618	216.33063298733916	623.3288486335998	515.8968194460382	183.7434132557237	37.81874863045058	272.8959297172969	Monocytes	0.5948853117573173
hsa-miR-9983-3p	0.0	0.0340883512672459	0.0210042286394738	0.9117711153187216	0.0080803153021781	0.0	0.0026243733987024	6.522201022125908	0.0034758965337367	0.0020169545196925	0.0144770134667688	Natural killer cells	0.9847054967324301
hsa-miR-9985	0.774679763606534	1.2638820186435078	5.25087366291348	5.489580899293246	0.2544736703922631	0.0781533725484842	0.3883384921555608	4.503792799318548	1.926271012457424	0.129557367049342	0.1250421304245288	CD8+ T cells	0.7323099056359369
hsa-miR-99a-3p	0.1722099908980691	0.3286393730985524	2.09916528898446	1.307097595620826	0.1290931689040084	0.0452328696791459	0.4114246800459009	0.9498083486688113	0.1563117005111961	0.6518780383305602	0.1195268103737402	CD4+ T cells	0.7965275722429103
hsa-miR-99a-5p	3.419722324012668	8.27411925786853	47.11393797960066	17.96647934171424	6.807413497063818	0.879021110085756	7.648066371908047	13.548774583200798	4.048559544957336	19.24268715057155	6.560196481396828	CD4+ T cells	0.8123802775708269
hsa-miR-99b-3p	1.1097984904412614	5.969399331409977	5.653121526171617	4.779483153094542	1.5003314149638676	0.0013967475844165	2.1336291374287946	1.4188009197084803	8.527089752053422	1.0864649707135958	7.5426158649957475	Neutrophils	0.6341654367013063
hsa-miR-99b-5p	40.26264943761664	301.7643161452998	219.0394395395281	146.71421010383202	31.92887683980514	0.5202780824276346	32.5845740624199	31.932293778444	145.79281512556264	37.91207954450491	276.6475727035137	Basophils	0.6807658368878156
