Assuming unrestricted shared filesystem usage.
host: 54cba3a34e10
Building DAG of jobs...
Using shell: /usr/bin/bash
Provided cores: 1 (use --cores to define parallelism)
Rules claiming more threads will be scaled down.
Job stats:
job                  count
-----------------  -------
all                      1
create_mirna_list        1
total                    2

Select jobs to execute...
Execute 1 jobs...
[Thu Dec 25 13:11:24 2025]
localcheckpoint create_mirna_list:
    input: dataframes/mirblood_rpmm_with_tsi.csv
    output: dataframes/mirna_list.txt
    jobid: 4
    reason: Missing output files: dataframes/mirna_list.txt
    resources: tmpdir=/tmp
DAG of jobs will be updated after completion.
[Thu Dec 25 13:11:25 2025]
Finished jobid: 4 (Rule: create_mirna_list)
1 of 2 steps (50%) done
Updating checkpoint dependencies.
Select jobs to execute...
Execute 2 jobs...
[Thu Dec 25 13:11:25 2025]
localrule visualize_tissue_specific_miRNAs:
    input: dataframes/mirblood_metadata.csv, dataframes/filtered_mirblood_rpmm.csv
    output: plots/hsa-miR-676-3p_boxplot.svg
    jobid: 273
    reason: Missing output files: plots/hsa-miR-676-3p_boxplot.svg
    wildcards: mirna=hsa-miR-676-3p
    resources: tmpdir=/tmp
[Thu Dec 25 13:11:25 2025]
localrule visualize_tissue_specific_miRNAs:
    input: dataframes/mirblood_metadata.csv, dataframes/filtered_mirblood_rpmm.csv
    output: plots/hsa-miR-2115-3p_boxplot.svg
    jobid: 100
    reason: Missing output files: plots/hsa-miR-2115-3p_boxplot.svg
    wildcards: mirna=hsa-miR-2115-3p
    resources: tmpdir=/tmp
Select jobs to execute...
[Thu Dec 25 13:11:26 2025]
Finished jobid: 100 (Rule: visualize_tissue_specific_miRNAs)
2 of 298 steps (1%) done
[Thu Dec 25 13:11:26 2025]
Finished jobid: 273 (Rule: visualize_tissue_specific_miRNAs)
3 of 298 steps (1%) done
Execute 2 jobs...
[Thu Dec 25 13:11:26 2025]
localrule visualize_tissue_specific_miRNAs:
    input: dataframes/mirblood_metadata.csv, dataframes/filtered_mirblood_rpmm.csv
    output: plots/hsa-miR-3154_boxplot.svg
    jobid: 124
    reason: Missing output files: plots/hsa-miR-3154_boxplot.svg
    wildcards: mirna=hsa-miR-3154
    resources: tmpdir=/tmp
[Thu Dec 25 13:11:26 2025]
localrule visualize_tissue_specific_miRNAs:
    input: dataframes/mirblood_metadata.csv, dataframes/filtered_mirblood_rpmm.csv
    output: plots/hsa-miR-3187-3p_boxplot.svg
    jobid: 130
    reason: Missing output files: plots/hsa-miR-3187-3p_boxplot.svg
    wildcards: mirna=hsa-miR-3187-3p
    resources: tmpdir=/tmp
Select jobs to execute...
[Thu Dec 25 13:11:27 2025]
Finished jobid: 124 (Rule: visualize_tissue_specific_miRNAs)
4 of 298 steps (1%) done
Execute 1 jobs...
[Thu Dec 25 13:11:27 2025]
localrule visualize_tissue_specific_miRNAs:
    input: dataframes/mirblood_metadata.csv, dataframes/filtered_mirblood_rpmm.csv
    output: plots/hsa-miR-3960_boxplot.svg
    jobid: 171
    reason: Missing output files: plots/hsa-miR-3960_boxplot.svg
    wildcards: mirna=hsa-miR-3960
    resources: tmpdir=/tmp
[Thu Dec 25 13:11:27 2025]
Finished jobid: 130 (Rule: visualize_tissue_specific_miRNAs)
5 of 298 steps (2%) done
Select jobs to execute...
Execute 1 jobs...
[Thu Dec 25 13:11:27 2025]
localrule visualize_tissue_specific_miRNAs:
    input: dataframes/mirblood_metadata.csv, dataframes/filtered_mirblood_rpmm.csv
    output: plots/hsa-miR-3163_boxplot.svg
    jobid: 126
    reason: Missing output files: plots/hsa-miR-3163_boxplot.svg
    wildcards: mirna=hsa-miR-3163
    resources: tmpdir=/tmp
Select jobs to execute...
[Thu Dec 25 13:11:28 2025]
Finished jobid: 171 (Rule: visualize_tissue_specific_miRNAs)
6 of 298 steps (2%) done
Execute 1 jobs...
[Thu Dec 25 13:11:28 2025]
localrule visualize_tissue_specific_miRNAs:
    input: dataframes/mirblood_metadata.csv, dataframes/filtered_mirblood_rpmm.csv
    output: plots/hsa-miR-4477b_boxplot.svg
    jobid: 186
    reason: Missing output files: plots/hsa-miR-4477b_boxplot.svg
    wildcards: mirna=hsa-miR-4477b
    resources: tmpdir=/tmp
[Thu Dec 25 13:11:28 2025]
Finished jobid: 126 (Rule: visualize_tissue_specific_miRNAs)
7 of 298 steps (2%) done
Select jobs to execute...
Execute 1 jobs...
[Thu Dec 25 13:11:28 2025]
localrule visualize_tissue_specific_miRNAs:
    input: dataframes/mirblood_metadata.csv, dataframes/filtered_mirblood_rpmm.csv
    output: plots/hsa-miR-5586-3p_boxplot.svg
    jobid: 246
    reason: Missing output files: plots/hsa-miR-5586-3p_boxplot.svg
    wildcards: mirna=hsa-miR-5586-3p
    resources: tmpdir=/tmp
Select jobs to execute...
[Thu Dec 25 13:11:30 2025]
Finished jobid: 186 (Rule: visualize_tissue_specific_miRNAs)
8 of 298 steps (3%) done
Execute 1 jobs...
[Thu Dec 25 13:11:30 2025]
localrule visualize_tissue_specific_miRNAs:
    input: dataframes/mirblood_metadata.csv, dataframes/filtered_mirblood_rpmm.csv
    output: plots/hsa-miR-6805-5p_boxplot.svg
    jobid: 276
    reason: Missing output files: plots/hsa-miR-6805-5p_boxplot.svg
    wildcards: mirna=hsa-miR-6805-5p
    resources: tmpdir=/tmp
[Thu Dec 25 13:11:30 2025]
Finished jobid: 246 (Rule: visualize_tissue_specific_miRNAs)
9 of 298 steps (3%) done
Select jobs to execute...
Execute 1 jobs...
[Thu Dec 25 13:11:30 2025]
localrule visualize_tissue_specific_miRNAs:
    input: dataframes/mirblood_metadata.csv, dataframes/filtered_mirblood_rpmm.csv
    output: plots/hsa-miR-889-3p_boxplot.svg
    jobid: 291
    reason: Missing output files: plots/hsa-miR-889-3p_boxplot.svg
    wildcards: mirna=hsa-miR-889-3p
    resources: tmpdir=/tmp
Select jobs to execute...
[Thu Dec 25 13:11:31 2025]
Finished jobid: 276 (Rule: visualize_tissue_specific_miRNAs)
10 of 298 steps (3%) done
Execute 1 jobs...
[Thu Dec 25 13:11:31 2025]
localrule visualize_tissue_specific_miRNAs:
    input: dataframes/mirblood_metadata.csv, dataframes/filtered_mirblood_rpmm.csv
    output: plots/hsa-miR-6503-3p_boxplot.svg
    jobid: 261
    reason: Missing output files: plots/hsa-miR-6503-3p_boxplot.svg
    wildcards: mirna=hsa-miR-6503-3p
    resources: tmpdir=/tmp
Select jobs to execute...
[Thu Dec 25 13:11:31 2025]
Finished jobid: 291 (Rule: visualize_tissue_specific_miRNAs)
11 of 298 steps (4%) done
Execute 1 jobs...
[Thu Dec 25 13:11:31 2025]
localrule visualize_tissue_specific_miRNAs:
    input: dataframes/mirblood_metadata.csv, dataframes/filtered_mirblood_rpmm.csv
    output: plots/hsa-miR-1180-3p_boxplot.svg
    jobid: 21
    reason: Missing output files: plots/hsa-miR-1180-3p_boxplot.svg
    wildcards: mirna=hsa-miR-1180-3p
    resources: tmpdir=/tmp
Select jobs to execute...
[Thu Dec 25 13:11:32 2025]
Finished jobid: 261 (Rule: visualize_tissue_specific_miRNAs)
12 of 298 steps (4%) done
Execute 1 jobs...
[Thu Dec 25 13:11:32 2025]
localrule visualize_tissue_specific_miRNAs:
    input: dataframes/mirblood_metadata.csv, dataframes/filtered_mirblood_rpmm.csv
    output: plots/hsa-miR-31-5p_boxplot.svg
    jobid: 120
    reason: Missing output files: plots/hsa-miR-31-5p_boxplot.svg
    wildcards: mirna=hsa-miR-31-5p
    resources: tmpdir=/tmp
Select jobs to execute...
[Thu Dec 25 13:11:32 2025]
Finished jobid: 21 (Rule: visualize_tissue_specific_miRNAs)
13 of 298 steps (4%) done
Execute 1 jobs...
[Thu Dec 25 13:11:32 2025]
localrule visualize_tissue_specific_miRNAs:
    input: dataframes/mirblood_metadata.csv, dataframes/filtered_mirblood_rpmm.csv
    output: plots/hsa-miR-320a-5p_boxplot.svg
    jobid: 135
    reason: Missing output files: plots/hsa-miR-320a-5p_boxplot.svg
    wildcards: mirna=hsa-miR-320a-5p
    resources: tmpdir=/tmp
Select jobs to execute...
[Thu Dec 25 13:11:33 2025]
Finished jobid: 120 (Rule: visualize_tissue_specific_miRNAs)
14 of 298 steps (5%) done
Execute 1 jobs...
[Thu Dec 25 13:11:33 2025]
localrule visualize_tissue_specific_miRNAs:
    input: dataframes/mirblood_metadata.csv, dataframes/filtered_mirblood_rpmm.csv
    output: plots/hsa-miR-106a-3p_boxplot.svg
    jobid: 15
    reason: Missing output files: plots/hsa-miR-106a-3p_boxplot.svg
    wildcards: mirna=hsa-miR-106a-3p
    resources: tmpdir=/tmp
Select jobs to execute...
[Thu Dec 25 13:11:33 2025]
Finished jobid: 135 (Rule: visualize_tissue_specific_miRNAs)
15 of 298 steps (5%) done
Execute 1 jobs...
[Thu Dec 25 13:11:33 2025]
localrule visualize_tissue_specific_miRNAs:
    input: dataframes/mirblood_metadata.csv, dataframes/filtered_mirblood_rpmm.csv
    output: plots/hsa-miR-126-5p_boxplot.svg
    jobid: 30
    reason: Missing output files: plots/hsa-miR-126-5p_boxplot.svg
    wildcards: mirna=hsa-miR-126-5p
    resources: tmpdir=/tmp
Select jobs to execute...
[Thu Dec 25 13:11:35 2025]
Finished jobid: 15 (Rule: visualize_tissue_specific_miRNAs)
16 of 298 steps (5%) done
Execute 1 jobs...
[Thu Dec 25 13:11:35 2025]
localrule visualize_tissue_specific_miRNAs:
    input: dataframes/mirblood_metadata.csv, dataframes/filtered_mirblood_rpmm.csv
    output: plots/hsa-miR-532-5p_boxplot.svg
    jobid: 236
    reason: Missing output files: plots/hsa-miR-532-5p_boxplot.svg
    wildcards: mirna=hsa-miR-532-5p
    resources: tmpdir=/tmp
[Thu Dec 25 13:11:35 2025]
Finished jobid: 30 (Rule: visualize_tissue_specific_miRNAs)
17 of 298 steps (6%) done
Select jobs to execute...
Execute 1 jobs...
[Thu Dec 25 13:11:35 2025]
localrule visualize_tissue_specific_miRNAs:
    input: dataframes/mirblood_metadata.csv, dataframes/filtered_mirblood_rpmm.csv
    output: plots/hsa-miR-500a-3p_boxplot.svg
    jobid: 220
    reason: Missing output files: plots/hsa-miR-500a-3p_boxplot.svg
    wildcards: mirna=hsa-miR-500a-3p
    resources: tmpdir=/tmp
Select jobs to execute...
[Thu Dec 25 13:11:36 2025]
Finished jobid: 236 (Rule: visualize_tissue_specific_miRNAs)
18 of 298 steps (6%) done
Execute 1 jobs...
[Thu Dec 25 13:11:36 2025]
localrule visualize_tissue_specific_miRNAs:
    input: dataframes/mirblood_metadata.csv, dataframes/filtered_mirblood_rpmm.csv
    output: plots/hsa-miR-155-5p_boxplot.svg
    jobid: 66
    reason: Missing output files: plots/hsa-miR-155-5p_boxplot.svg
    wildcards: mirna=hsa-miR-155-5p
    resources: tmpdir=/tmp
Select jobs to execute...
[Thu Dec 25 13:11:36 2025]
Finished jobid: 220 (Rule: visualize_tissue_specific_miRNAs)
19 of 298 steps (6%) done
Execute 1 jobs...
[Thu Dec 25 13:11:36 2025]
localrule visualize_tissue_specific_miRNAs:
    input: dataframes/mirblood_metadata.csv, dataframes/filtered_mirblood_rpmm.csv
    output: plots/hsa-miR-509-3p_boxplot.svg
    jobid: 231
    reason: Missing output files: plots/hsa-miR-509-3p_boxplot.svg
    wildcards: mirna=hsa-miR-509-3p
    resources: tmpdir=/tmp
Select jobs to execute...
[Thu Dec 25 13:11:37 2025]
Finished jobid: 66 (Rule: visualize_tissue_specific_miRNAs)
20 of 298 steps (7%) done
Execute 1 jobs...
[Thu Dec 25 13:11:37 2025]
localrule visualize_tissue_specific_miRNAs:
    input: dataframes/mirblood_metadata.csv, dataframes/filtered_mirblood_rpmm.csv
    output: plots/hsa-miR-143-3p_boxplot.svg
    jobid: 51
    reason: Missing output files: plots/hsa-miR-143-3p_boxplot.svg
    wildcards: mirna=hsa-miR-143-3p
    resources: tmpdir=/tmp
Select jobs to execute...
[Thu Dec 25 13:11:37 2025]
Finished jobid: 231 (Rule: visualize_tissue_specific_miRNAs)
21 of 298 steps (7%) done
Execute 1 jobs...
[Thu Dec 25 13:11:37 2025]
localrule visualize_tissue_specific_miRNAs:
    input: dataframes/mirblood_metadata.csv, dataframes/filtered_mirblood_rpmm.csv
    output: plots/hsa-miR-4728-3p_boxplot.svg
    jobid: 201
    reason: Missing output files: plots/hsa-miR-4728-3p_boxplot.svg
    wildcards: mirna=hsa-miR-4728-3p
    resources: tmpdir=/tmp
Select jobs to execute...
[Thu Dec 25 13:11:38 2025]
Finished jobid: 51 (Rule: visualize_tissue_specific_miRNAs)
22 of 298 steps (7%) done
Execute 1 jobs...
[Thu Dec 25 13:11:38 2025]
localrule visualize_tissue_specific_miRNAs:
    input: dataframes/mirblood_metadata.csv, dataframes/filtered_mirblood_rpmm.csv
    output: plots/hsa-miR-190a-5p_boxplot.svg
    jobid: 81
    reason: Missing output files: plots/hsa-miR-190a-5p_boxplot.svg
    wildcards: mirna=hsa-miR-190a-5p
    resources: tmpdir=/tmp
Select jobs to execute...
[Thu Dec 25 13:11:38 2025]
Finished jobid: 201 (Rule: visualize_tissue_specific_miRNAs)
23 of 298 steps (8%) done
Execute 1 jobs...
[Thu Dec 25 13:11:38 2025]
localrule visualize_tissue_specific_miRNAs:
    input: dataframes/mirblood_metadata.csv, dataframes/filtered_mirblood_rpmm.csv
    output: plots/hsa-miR-493-5p_boxplot.svg
    jobid: 217
    reason: Missing output files: plots/hsa-miR-493-5p_boxplot.svg
    wildcards: mirna=hsa-miR-493-5p
    resources: tmpdir=/tmp
Select jobs to execute...
[Thu Dec 25 13:11:39 2025]
Finished jobid: 81 (Rule: visualize_tissue_specific_miRNAs)
24 of 298 steps (8%) done
Execute 1 jobs...
[Thu Dec 25 13:11:39 2025]
localrule visualize_tissue_specific_miRNAs:
    input: dataframes/mirblood_metadata.csv, dataframes/filtered_mirblood_rpmm.csv
    output: plots/hsa-miR-129-5p_boxplot.svg
    jobid: 36
    reason: Missing output files: plots/hsa-miR-129-5p_boxplot.svg
    wildcards: mirna=hsa-miR-129-5p
    resources: tmpdir=/tmp
Select jobs to execute...
[Thu Dec 25 13:11:40 2025]
Finished jobid: 217 (Rule: visualize_tissue_specific_miRNAs)
25 of 298 steps (8%) done
Execute 1 jobs...
[Thu Dec 25 13:11:40 2025]
localrule visualize_tissue_specific_miRNAs:
    input: dataframes/mirblood_metadata.csv, dataframes/filtered_mirblood_rpmm.csv
    output: plots/hsa-miR-337-5p_boxplot.svg
    jobid: 141
    reason: Missing output files: plots/hsa-miR-337-5p_boxplot.svg
    wildcards: mirna=hsa-miR-337-5p
    resources: tmpdir=/tmp
Select jobs to execute...
[Thu Dec 25 13:11:41 2025]
Finished jobid: 36 (Rule: visualize_tissue_specific_miRNAs)
26 of 298 steps (9%) done
Execute 1 jobs...
[Thu Dec 25 13:11:41 2025]
localrule visualize_tissue_specific_miRNAs:
    input: dataframes/mirblood_metadata.csv, dataframes/filtered_mirblood_rpmm.csv
    output: plots/hsa-miR-181b-2-3p_boxplot.svg
    jobid: 70
    reason: Missing output files: plots/hsa-miR-181b-2-3p_boxplot.svg
    wildcards: mirna=hsa-miR-181b-2-3p
    resources: tmpdir=/tmp
Select jobs to execute...
[Thu Dec 25 13:11:41 2025]
Finished jobid: 141 (Rule: visualize_tissue_specific_miRNAs)
27 of 298 steps (9%) done
Execute 1 jobs...
[Thu Dec 25 13:11:41 2025]
localrule visualize_tissue_specific_miRNAs:
    input: dataframes/mirblood_metadata.csv, dataframes/filtered_mirblood_rpmm.csv
    output: plots/hsa-miR-345-3p_boxplot.svg
    jobid: 145
    reason: Missing output files: plots/hsa-miR-345-3p_boxplot.svg
    wildcards: mirna=hsa-miR-345-3p
    resources: tmpdir=/tmp
Select jobs to execute...
[Thu Dec 25 13:11:42 2025]
Finished jobid: 70 (Rule: visualize_tissue_specific_miRNAs)
28 of 298 steps (9%) done
Execute 1 jobs...
[Thu Dec 25 13:11:42 2025]
localrule visualize_tissue_specific_miRNAs:
    input: dataframes/mirblood_metadata.csv, dataframes/filtered_mirblood_rpmm.csv
    output: plots/hsa-miR-1301-3p_boxplot.svg
    jobid: 40
    reason: Missing output files: plots/hsa-miR-1301-3p_boxplot.svg
    wildcards: mirna=hsa-miR-1301-3p
    resources: tmpdir=/tmp
Select jobs to execute...
[Thu Dec 25 13:11:42 2025]
Finished jobid: 145 (Rule: visualize_tissue_specific_miRNAs)
29 of 298 steps (10%) done
Execute 1 jobs...
[Thu Dec 25 13:11:42 2025]
localrule visualize_tissue_specific_miRNAs:
    input: dataframes/mirblood_metadata.csv, dataframes/filtered_mirblood_rpmm.csv
    output: plots/hsa-miR-145-3p_boxplot.svg
    jobid: 55
    reason: Missing output files: plots/hsa-miR-145-3p_boxplot.svg
    wildcards: mirna=hsa-miR-145-3p
    resources: tmpdir=/tmp
Select jobs to execute...
[Thu Dec 25 13:11:43 2025]
Finished jobid: 40 (Rule: visualize_tissue_specific_miRNAs)
30 of 298 steps (10%) done
Execute 1 jobs...
[Thu Dec 25 13:11:43 2025]
localrule visualize_tissue_specific_miRNAs:
    input: dataframes/mirblood_metadata.csv, dataframes/filtered_mirblood_rpmm.csv
    output: plots/hsa-miR-92b-3p_boxplot.svg
    jobid: 295
    reason: Missing output files: plots/hsa-miR-92b-3p_boxplot.svg
    wildcards: mirna=hsa-miR-92b-3p
    resources: tmpdir=/tmp
Select jobs to execute...
[Thu Dec 25 13:11:43 2025]
Finished jobid: 55 (Rule: visualize_tissue_specific_miRNAs)
31 of 298 steps (10%) done
Execute 1 jobs...
[Thu Dec 25 13:11:43 2025]
localrule visualize_tissue_specific_miRNAs:
    input: dataframes/mirblood_metadata.csv, dataframes/filtered_mirblood_rpmm.csv
    output: plots/hsa-miR-5196-3p_boxplot.svg
    jobid: 235
    reason: Missing output files: plots/hsa-miR-5196-3p_boxplot.svg
    wildcards: mirna=hsa-miR-5196-3p
    resources: tmpdir=/tmp
Select jobs to execute...
[Thu Dec 25 13:11:44 2025]
Finished jobid: 295 (Rule: visualize_tissue_specific_miRNAs)
32 of 298 steps (11%) done
Execute 1 jobs...
[Thu Dec 25 13:11:44 2025]
localrule visualize_tissue_specific_miRNAs:
    input: dataframes/mirblood_metadata.csv, dataframes/filtered_mirblood_rpmm.csv
    output: plots/hsa-miR-654-3p_boxplot.svg
    jobid: 265
    reason: Missing output files: plots/hsa-miR-654-3p_boxplot.svg
    wildcards: mirna=hsa-miR-654-3p
    resources: tmpdir=/tmp
Select jobs to execute...
[Thu Dec 25 13:11:44 2025]
Finished jobid: 235 (Rule: visualize_tissue_specific_miRNAs)
33 of 298 steps (11%) done
Execute 1 jobs...
[Thu Dec 25 13:11:44 2025]
localrule visualize_tissue_specific_miRNAs:
    input: dataframes/mirblood_metadata.csv, dataframes/filtered_mirblood_rpmm.csv
    output: plots/hsa-miR-4772-3p_boxplot.svg
    jobid: 205
    reason: Missing output files: plots/hsa-miR-4772-3p_boxplot.svg
    wildcards: mirna=hsa-miR-4772-3p
    resources: tmpdir=/tmp
Select jobs to execute...
[Thu Dec 25 13:11:45 2025]
Finished jobid: 265 (Rule: visualize_tissue_specific_miRNAs)
34 of 298 steps (11%) done
Execute 1 jobs...
[Thu Dec 25 13:11:45 2025]
localrule visualize_tissue_specific_miRNAs:
    input: dataframes/mirblood_metadata.csv, dataframes/filtered_mirblood_rpmm.csv
    output: plots/hsa-miR-195-3p_boxplot.svg
    jobid: 85
    reason: Missing output files: plots/hsa-miR-195-3p_boxplot.svg
    wildcards: mirna=hsa-miR-195-3p
    resources: tmpdir=/tmp
Select jobs to execute...
[Thu Dec 25 13:11:46 2025]
Finished jobid: 205 (Rule: visualize_tissue_specific_miRNAs)
35 of 298 steps (12%) done
Execute 1 jobs...
[Thu Dec 25 13:11:46 2025]
localrule visualize_tissue_specific_miRNAs:
    input: dataframes/mirblood_metadata.csv, dataframes/filtered_mirblood_rpmm.csv
    output: plots/hsa-miR-199a-5p_boxplot.svg
    jobid: 91
    reason: Missing output files: plots/hsa-miR-199a-5p_boxplot.svg
    wildcards: mirna=hsa-miR-199a-5p
    resources: tmpdir=/tmp
Select jobs to execute...
[Thu Dec 25 13:11:46 2025]
Finished jobid: 85 (Rule: visualize_tissue_specific_miRNAs)
36 of 298 steps (12%) done
Execute 1 jobs...
[Thu Dec 25 13:11:46 2025]
localrule visualize_tissue_specific_miRNAs:
    input: dataframes/mirblood_metadata.csv, dataframes/filtered_mirblood_rpmm.csv
    output: plots/hsa-miR-577_boxplot.svg
    jobid: 250
    reason: Missing output files: plots/hsa-miR-577_boxplot.svg
    wildcards: mirna=hsa-miR-577
    resources: tmpdir=/tmp
Select jobs to execute...
[Thu Dec 25 13:11:47 2025]
Finished jobid: 91 (Rule: visualize_tissue_specific_miRNAs)
37 of 298 steps (12%) done
Execute 1 jobs...
[Thu Dec 25 13:11:47 2025]
localrule visualize_tissue_specific_miRNAs:
    input: dataframes/mirblood_metadata.csv, dataframes/filtered_mirblood_rpmm.csv
    output: plots/hsa-miR-708-3p_boxplot.svg
    jobid: 280
    reason: Missing output files: plots/hsa-miR-708-3p_boxplot.svg
    wildcards: mirna=hsa-miR-708-3p
    resources: tmpdir=/tmp
Select jobs to execute...
[Thu Dec 25 13:11:48 2025]
Finished jobid: 250 (Rule: visualize_tissue_specific_miRNAs)
38 of 298 steps (13%) done
Execute 1 jobs...
[Thu Dec 25 13:11:48 2025]
localrule visualize_tissue_specific_miRNAs:
    input: dataframes/mirblood_metadata.csv, dataframes/filtered_mirblood_rpmm.csv
    output: plots/hsa-miR-1-3p_boxplot.svg
    jobid: 10
    reason: Missing output files: plots/hsa-miR-1-3p_boxplot.svg
    wildcards: mirna=hsa-miR-1-3p
    resources: tmpdir=/tmp
Select jobs to execute...
[Thu Dec 25 13:11:48 2025]
Finished jobid: 280 (Rule: visualize_tissue_specific_miRNAs)
39 of 298 steps (13%) done
Execute 1 jobs...
[Thu Dec 25 13:11:48 2025]
localrule visualize_tissue_specific_miRNAs:
    input: dataframes/mirblood_metadata.csv, dataframes/filtered_mirblood_rpmm.csv
    output: plots/hsa-miR-1229-3p_boxplot.svg
    jobid: 25
    reason: Missing output files: plots/hsa-miR-1229-3p_boxplot.svg
    wildcards: mirna=hsa-miR-1229-3p
    resources: tmpdir=/tmp
Select jobs to execute...
[Thu Dec 25 13:11:49 2025]
Finished jobid: 10 (Rule: visualize_tissue_specific_miRNAs)
40 of 298 steps (13%) done
Execute 1 jobs...
[Thu Dec 25 13:11:49 2025]
localrule visualize_tissue_specific_miRNAs:
    input: dataframes/mirblood_metadata.csv, dataframes/filtered_mirblood_rpmm.csv
    output: plots/hsa-miR-424-5p_boxplot.svg
    jobid: 175
    reason: Missing output files: plots/hsa-miR-424-5p_boxplot.svg
    wildcards: mirna=hsa-miR-424-5p
    resources: tmpdir=/tmp
Select jobs to execute...
[Thu Dec 25 13:11:49 2025]
Finished jobid: 25 (Rule: visualize_tissue_specific_miRNAs)
41 of 298 steps (14%) done
Execute 1 jobs...
[Thu Dec 25 13:11:49 2025]
localrule visualize_tissue_specific_miRNAs:
    input: dataframes/mirblood_metadata.csv, dataframes/filtered_mirblood_rpmm.csv
    output: plots/hsa-miR-375-3p_boxplot.svg
    jobid: 160
    reason: Missing output files: plots/hsa-miR-375-3p_boxplot.svg
    wildcards: mirna=hsa-miR-375-3p
    resources: tmpdir=/tmp
Select jobs to execute...
[Thu Dec 25 13:11:50 2025]
Finished jobid: 175 (Rule: visualize_tissue_specific_miRNAs)
42 of 298 steps (14%) done
Execute 1 jobs...
[Thu Dec 25 13:11:50 2025]
localrule visualize_tissue_specific_miRNAs:
    input: dataframes/mirblood_metadata.csv, dataframes/filtered_mirblood_rpmm.csv
    output: plots/hsa-miR-29a-5p_boxplot.svg
    jobid: 115
    reason: Missing output files: plots/hsa-miR-29a-5p_boxplot.svg
    wildcards: mirna=hsa-miR-29a-5p
    resources: tmpdir=/tmp
Select jobs to execute...
[Thu Dec 25 13:11:50 2025]
Finished jobid: 160 (Rule: visualize_tissue_specific_miRNAs)
43 of 298 steps (14%) done
Execute 1 jobs...
[Thu Dec 25 13:11:50 2025]
localrule visualize_tissue_specific_miRNAs:
    input: dataframes/mirblood_metadata.csv, dataframes/filtered_mirblood_rpmm.csv
    output: plots/hsa-miR-4508_boxplot.svg
    jobid: 190
    reason: Missing output files: plots/hsa-miR-4508_boxplot.svg
    wildcards: mirna=hsa-miR-4508
    resources: tmpdir=/tmp
Select jobs to execute...
[Thu Dec 25 13:11:51 2025]
Finished jobid: 115 (Rule: visualize_tissue_specific_miRNAs)
44 of 298 steps (15%) done
Execute 1 jobs...
[Thu Dec 25 13:11:51 2025]
localrule visualize_tissue_specific_miRNAs:
    input: dataframes/mirblood_metadata.csv, dataframes/filtered_mirblood_rpmm.csv
    output: plots/hsa-miR-760_boxplot.svg
    jobid: 283
    reason: Missing output files: plots/hsa-miR-760_boxplot.svg
    wildcards: mirna=hsa-miR-760
    resources: tmpdir=/tmp
Select jobs to execute...
[Thu Dec 25 13:11:51 2025]
Finished jobid: 190 (Rule: visualize_tissue_specific_miRNAs)
45 of 298 steps (15%) done
Execute 1 jobs...
[Thu Dec 25 13:11:51 2025]
localrule visualize_tissue_specific_miRNAs:
    input: dataframes/mirblood_metadata.csv, dataframes/filtered_mirblood_rpmm.csv
    output: plots/hsa-miR-3690_boxplot.svg
    jobid: 157
    reason: Missing output files: plots/hsa-miR-3690_boxplot.svg
    wildcards: mirna=hsa-miR-3690
    resources: tmpdir=/tmp
Select jobs to execute...
[Thu Dec 25 13:11:52 2025]
Finished jobid: 283 (Rule: visualize_tissue_specific_miRNAs)
46 of 298 steps (15%) done
Execute 1 jobs...
[Thu Dec 25 13:11:52 2025]
localrule visualize_tissue_specific_miRNAs:
    input: dataframes/mirblood_metadata.csv, dataframes/filtered_mirblood_rpmm.csv
    output: plots/hsa-miR-4491_boxplot.svg
    jobid: 187
    reason: Missing output files: plots/hsa-miR-4491_boxplot.svg
    wildcards: mirna=hsa-miR-4491
    resources: tmpdir=/tmp
Select jobs to execute...
[Thu Dec 25 13:11:53 2025]
Finished jobid: 157 (Rule: visualize_tissue_specific_miRNAs)
47 of 298 steps (16%) done
Execute 1 jobs...
[Thu Dec 25 13:11:53 2025]
localrule visualize_tissue_specific_miRNAs:
    input: dataframes/mirblood_metadata.csv, dataframes/filtered_mirblood_rpmm.csv
    output: plots/hsa-miR-32-5p_boxplot.svg
    jobid: 132
    reason: Missing output files: plots/hsa-miR-32-5p_boxplot.svg
    wildcards: mirna=hsa-miR-32-5p
    resources: tmpdir=/tmp
Select jobs to execute...
[Thu Dec 25 13:11:54 2025]
Finished jobid: 187 (Rule: visualize_tissue_specific_miRNAs)
48 of 298 steps (16%) done
Execute 1 jobs...
[Thu Dec 25 13:11:54 2025]
localrule visualize_tissue_specific_miRNAs:
    input: dataframes/mirblood_metadata.csv, dataframes/filtered_mirblood_rpmm.csv
    output: plots/hsa-miR-196a-5p_boxplot.svg
    jobid: 88
    reason: Missing output files: plots/hsa-miR-196a-5p_boxplot.svg
    wildcards: mirna=hsa-miR-196a-5p
    resources: tmpdir=/tmp
Select jobs to execute...
[Thu Dec 25 13:11:54 2025]
Finished jobid: 132 (Rule: visualize_tissue_specific_miRNAs)
49 of 298 steps (16%) done
Execute 1 jobs...
[Thu Dec 25 13:11:54 2025]
localrule visualize_tissue_specific_miRNAs:
    input: dataframes/mirblood_metadata.csv, dataframes/filtered_mirblood_rpmm.csv
    output: plots/hsa-miR-181a-5p_boxplot.svg
    jobid: 69
    reason: Missing output files: plots/hsa-miR-181a-5p_boxplot.svg
    wildcards: mirna=hsa-miR-181a-5p
    resources: tmpdir=/tmp
Select jobs to execute...
[Thu Dec 25 13:11:55 2025]
Finished jobid: 88 (Rule: visualize_tissue_specific_miRNAs)
50 of 298 steps (17%) done
Execute 1 jobs...
[Thu Dec 25 13:11:55 2025]
localrule visualize_tissue_specific_miRNAs:
    input: dataframes/mirblood_metadata.csv, dataframes/filtered_mirblood_rpmm.csv
    output: plots/hsa-miR-4668-5p_boxplot.svg
    jobid: 198
    reason: Missing output files: plots/hsa-miR-4668-5p_boxplot.svg
    wildcards: mirna=hsa-miR-4668-5p
    resources: tmpdir=/tmp
Select jobs to execute...
[Thu Dec 25 13:11:55 2025]
Finished jobid: 69 (Rule: visualize_tissue_specific_miRNAs)
51 of 298 steps (17%) done
Execute 1 jobs...
[Thu Dec 25 13:11:55 2025]
localrule visualize_tissue_specific_miRNAs:
    input: dataframes/mirblood_metadata.csv, dataframes/filtered_mirblood_rpmm.csv
    output: plots/hsa-miR-5189-3p_boxplot.svg
    jobid: 234
    reason: Missing output files: plots/hsa-miR-5189-3p_boxplot.svg
    wildcards: mirna=hsa-miR-5189-3p
    resources: tmpdir=/tmp
Select jobs to execute...
[Thu Dec 25 13:11:56 2025]
Finished jobid: 198 (Rule: visualize_tissue_specific_miRNAs)
52 of 298 steps (17%) done
Execute 1 jobs...
[Thu Dec 25 13:11:56 2025]
localrule visualize_tissue_specific_miRNAs:
    input: dataframes/mirblood_metadata.csv, dataframes/filtered_mirblood_rpmm.csv
    output: plots/hsa-miR-135b-5p_boxplot.svg
    jobid: 45
    reason: Missing output files: plots/hsa-miR-135b-5p_boxplot.svg
    wildcards: mirna=hsa-miR-135b-5p
    resources: tmpdir=/tmp
Select jobs to execute...
[Thu Dec 25 13:11:56 2025]
Finished jobid: 234 (Rule: visualize_tissue_specific_miRNAs)
53 of 298 steps (18%) done
Execute 1 jobs...
[Thu Dec 25 13:11:56 2025]
localrule visualize_tissue_specific_miRNAs:
    input: dataframes/mirblood_metadata.csv, dataframes/filtered_mirblood_rpmm.csv
    output: plots/hsa-miR-151a-3p_boxplot.svg
    jobid: 60
    reason: Missing output files: plots/hsa-miR-151a-3p_boxplot.svg
    wildcards: mirna=hsa-miR-151a-3p
    resources: tmpdir=/tmp
Select jobs to execute...
[Thu Dec 25 13:11:57 2025]
Finished jobid: 45 (Rule: visualize_tissue_specific_miRNAs)
54 of 298 steps (18%) done
Execute 1 jobs...
[Thu Dec 25 13:11:57 2025]
localrule visualize_tissue_specific_miRNAs:
    input: dataframes/mirblood_metadata.csv, dataframes/filtered_mirblood_rpmm.csv
    output: plots/hsa-miR-184_boxplot.svg
    jobid: 75
    reason: Missing output files: plots/hsa-miR-184_boxplot.svg
    wildcards: mirna=hsa-miR-184
    resources: tmpdir=/tmp
Select jobs to execute...
[Thu Dec 25 13:11:58 2025]
Finished jobid: 60 (Rule: visualize_tissue_specific_miRNAs)
55 of 298 steps (18%) done
Execute 1 jobs...
[Thu Dec 25 13:11:58 2025]
localrule visualize_tissue_specific_miRNAs:
    input: dataframes/mirblood_metadata.csv, dataframes/filtered_mirblood_rpmm.csv
    output: plots/hsa-miR-362-5p_boxplot.svg
    jobid: 150
    reason: Missing output files: plots/hsa-miR-362-5p_boxplot.svg
    wildcards: mirna=hsa-miR-362-5p
    resources: tmpdir=/tmp
Select jobs to execute...
[Thu Dec 25 13:11:59 2025]
Finished jobid: 75 (Rule: visualize_tissue_specific_miRNAs)
56 of 298 steps (19%) done
Execute 1 jobs...
[Thu Dec 25 13:11:59 2025]
localrule visualize_tissue_specific_miRNAs:
    input: dataframes/mirblood_metadata.csv, dataframes/filtered_mirblood_rpmm.csv
    output: plots/hsa-miR-3200-5p_boxplot.svg
    jobid: 134
    reason: Missing output files: plots/hsa-miR-3200-5p_boxplot.svg
    wildcards: mirna=hsa-miR-3200-5p
    resources: tmpdir=/tmp
Select jobs to execute...
[Thu Dec 25 13:11:59 2025]
Finished jobid: 150 (Rule: visualize_tissue_specific_miRNAs)
57 of 298 steps (19%) done
Execute 1 jobs...
[Thu Dec 25 13:11:59 2025]
localrule visualize_tissue_specific_miRNAs:
    input: dataframes/mirblood_metadata.csv, dataframes/filtered_mirblood_rpmm.csv
    output: plots/hsa-miR-183-5p_boxplot.svg
    jobid: 74
    reason: Missing output files: plots/hsa-miR-183-5p_boxplot.svg
    wildcards: mirna=hsa-miR-183-5p
    resources: tmpdir=/tmp
Select jobs to execute...
[Thu Dec 25 13:12:00 2025]
Finished jobid: 134 (Rule: visualize_tissue_specific_miRNAs)
58 of 298 steps (19%) done
Execute 1 jobs...
[Thu Dec 25 13:12:00 2025]
localrule visualize_tissue_specific_miRNAs:
    input: dataframes/mirblood_metadata.csv, dataframes/filtered_mirblood_rpmm.csv
    output: plots/hsa-miR-134-5p_boxplot.svg
    jobid: 44
    reason: Missing output files: plots/hsa-miR-134-5p_boxplot.svg
    wildcards: mirna=hsa-miR-134-5p
    resources: tmpdir=/tmp
Select jobs to execute...
[Thu Dec 25 13:12:00 2025]
Finished jobid: 74 (Rule: visualize_tissue_specific_miRNAs)
59 of 298 steps (20%) done
Execute 1 jobs...
[Thu Dec 25 13:12:00 2025]
localrule visualize_tissue_specific_miRNAs:
    input: dataframes/mirblood_metadata.csv, dataframes/filtered_mirblood_rpmm.csv
    output: plots/hsa-miR-7706_boxplot.svg
    jobid: 284
    reason: Missing output files: plots/hsa-miR-7706_boxplot.svg
    wildcards: mirna=hsa-miR-7706
    resources: tmpdir=/tmp
Select jobs to execute...
[Thu Dec 25 13:12:01 2025]
Finished jobid: 44 (Rule: visualize_tissue_specific_miRNAs)
60 of 298 steps (20%) done
Execute 1 jobs...
[Thu Dec 25 13:12:01 2025]
localrule visualize_tissue_specific_miRNAs:
    input: dataframes/mirblood_metadata.csv, dataframes/filtered_mirblood_rpmm.csv
    output: plots/hsa-miR-618_boxplot.svg
    jobid: 254
    reason: Missing output files: plots/hsa-miR-618_boxplot.svg
    wildcards: mirna=hsa-miR-618
    resources: tmpdir=/tmp
Select jobs to execute...
[Thu Dec 25 13:12:01 2025]
Finished jobid: 284 (Rule: visualize_tissue_specific_miRNAs)
61 of 298 steps (20%) done
Execute 1 jobs...
[Thu Dec 25 13:12:01 2025]
localrule visualize_tissue_specific_miRNAs:
    input: dataframes/mirblood_metadata.csv, dataframes/filtered_mirblood_rpmm.csv
    output: plots/hsa-miR-378a-5p_boxplot.svg
    jobid: 164
    reason: Missing output files: plots/hsa-miR-378a-5p_boxplot.svg
    wildcards: mirna=hsa-miR-378a-5p
    resources: tmpdir=/tmp
Select jobs to execute...
[Thu Dec 25 13:12:02 2025]
Finished jobid: 254 (Rule: visualize_tissue_specific_miRNAs)
62 of 298 steps (21%) done
Execute 1 jobs...
[Thu Dec 25 13:12:02 2025]
localrule visualize_tissue_specific_miRNAs:
    input: dataframes/mirblood_metadata.csv, dataframes/filtered_mirblood_rpmm.csv
    output: plots/hsa-miR-23a-5p_boxplot.svg
    jobid: 110
    reason: Missing output files: plots/hsa-miR-23a-5p_boxplot.svg
    wildcards: mirna=hsa-miR-23a-5p
    resources: tmpdir=/tmp
Select jobs to execute...
[Thu Dec 25 13:12:03 2025]
Finished jobid: 164 (Rule: visualize_tissue_specific_miRNAs)
63 of 298 steps (21%) done
Execute 1 jobs...
[Thu Dec 25 13:12:03 2025]
localrule visualize_tissue_specific_miRNAs:
    input: dataframes/mirblood_metadata.csv, dataframes/filtered_mirblood_rpmm.csv
    output: plots/hsa-miR-95-5p_boxplot.svg
    jobid: 299
    reason: Missing output files: plots/hsa-miR-95-5p_boxplot.svg
    wildcards: mirna=hsa-miR-95-5p
    resources: tmpdir=/tmp
Select jobs to execute...
[Thu Dec 25 13:12:04 2025]
Finished jobid: 110 (Rule: visualize_tissue_specific_miRNAs)
64 of 298 steps (21%) done
Execute 1 jobs...
[Thu Dec 25 13:12:04 2025]
localrule visualize_tissue_specific_miRNAs:
    input: dataframes/mirblood_metadata.csv, dataframes/filtered_mirblood_rpmm.csv
    output: plots/hsa-miR-6731-3p_boxplot.svg
    jobid: 269
    reason: Missing output files: plots/hsa-miR-6731-3p_boxplot.svg
    wildcards: mirna=hsa-miR-6731-3p
    resources: tmpdir=/tmp
Select jobs to execute...
[Thu Dec 25 13:12:04 2025]
Finished jobid: 299 (Rule: visualize_tissue_specific_miRNAs)
65 of 298 steps (22%) done
Execute 1 jobs...
[Thu Dec 25 13:12:04 2025]
localrule visualize_tissue_specific_miRNAs:
    input: dataframes/mirblood_metadata.csv, dataframes/filtered_mirblood_rpmm.csv
    output: plots/hsa-miR-548ak_boxplot.svg
    jobid: 239
    reason: Missing output files: plots/hsa-miR-548ak_boxplot.svg
    wildcards: mirna=hsa-miR-548ak
    resources: tmpdir=/tmp
Select jobs to execute...
[Thu Dec 25 13:12:05 2025]
Finished jobid: 269 (Rule: visualize_tissue_specific_miRNAs)
66 of 298 steps (22%) done
Execute 1 jobs...
[Thu Dec 25 13:12:05 2025]
localrule visualize_tissue_specific_miRNAs:
    input: dataframes/mirblood_metadata.csv, dataframes/filtered_mirblood_rpmm.csv
    output: plots/hsa-miR-450b-5p_boxplot.svg
    jobid: 194
    reason: Missing output files: plots/hsa-miR-450b-5p_boxplot.svg
    wildcards: mirna=hsa-miR-450b-5p
    resources: tmpdir=/tmp
Select jobs to execute...
[Thu Dec 25 13:12:05 2025]
Finished jobid: 239 (Rule: visualize_tissue_specific_miRNAs)
67 of 298 steps (22%) done
Execute 1 jobs...
[Thu Dec 25 13:12:05 2025]
localrule visualize_tissue_specific_miRNAs:
    input: dataframes/mirblood_metadata.csv, dataframes/filtered_mirblood_rpmm.csv
    output: plots/hsa-miR-10401-3p_boxplot.svg
    jobid: 14
    reason: Missing output files: plots/hsa-miR-10401-3p_boxplot.svg
    wildcards: mirna=hsa-miR-10401-3p
    resources: tmpdir=/tmp
Select jobs to execute...
[Thu Dec 25 13:12:06 2025]
Finished jobid: 194 (Rule: visualize_tissue_specific_miRNAs)
68 of 298 steps (23%) done
Execute 1 jobs...
[Thu Dec 25 13:12:06 2025]
localrule visualize_tissue_specific_miRNAs:
    input: dataframes/mirblood_metadata.csv, dataframes/filtered_mirblood_rpmm.csv
    output: plots/hsa-miR-501-5p_boxplot.svg
    jobid: 224
    reason: Missing output files: plots/hsa-miR-501-5p_boxplot.svg
    wildcards: mirna=hsa-miR-501-5p
    resources: tmpdir=/tmp
Select jobs to execute...
[Thu Dec 25 13:12:06 2025]
Finished jobid: 14 (Rule: visualize_tissue_specific_miRNAs)
69 of 298 steps (23%) done
Execute 1 jobs...
[Thu Dec 25 13:12:06 2025]
localrule visualize_tissue_specific_miRNAs:
    input: dataframes/mirblood_metadata.csv, dataframes/filtered_mirblood_rpmm.csv
    output: plots/hsa-miR-362-3p_boxplot.svg
    jobid: 149
    reason: Missing output files: plots/hsa-miR-362-3p_boxplot.svg
    wildcards: mirna=hsa-miR-362-3p
    resources: tmpdir=/tmp
Select jobs to execute...
[Thu Dec 25 13:12:07 2025]
Finished jobid: 224 (Rule: visualize_tissue_specific_miRNAs)
70 of 298 steps (23%) done
Execute 1 jobs...
[Thu Dec 25 13:12:07 2025]
localrule visualize_tissue_specific_miRNAs:
    input: dataframes/mirblood_metadata.csv, dataframes/filtered_mirblood_rpmm.csv
    output: plots/hsa-miR-4433b-3p_boxplot.svg
    jobid: 179
    reason: Missing output files: plots/hsa-miR-4433b-3p_boxplot.svg
    wildcards: mirna=hsa-miR-4433b-3p
    resources: tmpdir=/tmp
Select jobs to execute...
[Thu Dec 25 13:12:08 2025]
Finished jobid: 149 (Rule: visualize_tissue_specific_miRNAs)
71 of 298 steps (24%) done
Execute 1 jobs...
[Thu Dec 25 13:12:08 2025]
localrule visualize_tissue_specific_miRNAs:
    input: dataframes/mirblood_metadata.csv, dataframes/filtered_mirblood_rpmm.csv
    output: plots/hsa-miR-483-5p_boxplot.svg
    jobid: 209
    reason: Missing output files: plots/hsa-miR-483-5p_boxplot.svg
    wildcards: mirna=hsa-miR-483-5p
    resources: tmpdir=/tmp
Select jobs to execute...
[Thu Dec 25 13:12:09 2025]
Finished jobid: 179 (Rule: visualize_tissue_specific_miRNAs)
72 of 298 steps (24%) done
Execute 1 jobs...
[Thu Dec 25 13:12:09 2025]
localrule visualize_tissue_specific_miRNAs:
    input: dataframes/mirblood_metadata.csv, dataframes/filtered_mirblood_rpmm.csv
    output: plots/hsa-miR-212-3p_boxplot.svg
    jobid: 104
    reason: Missing output files: plots/hsa-miR-212-3p_boxplot.svg
    wildcards: mirna=hsa-miR-212-3p
    resources: tmpdir=/tmp
Select jobs to execute...
[Thu Dec 25 13:12:09 2025]
Finished jobid: 209 (Rule: visualize_tissue_specific_miRNAs)
73 of 298 steps (24%) done
Execute 1 jobs...
[Thu Dec 25 13:12:09 2025]
localrule visualize_tissue_specific_miRNAs:
    input: dataframes/mirblood_metadata.csv, dataframes/filtered_mirblood_rpmm.csv
    output: plots/hsa-miR-31-3p_boxplot.svg
    jobid: 119
    reason: Missing output files: plots/hsa-miR-31-3p_boxplot.svg
    wildcards: mirna=hsa-miR-31-3p
    resources: tmpdir=/tmp
Select jobs to execute...
[Thu Dec 25 13:12:10 2025]
Finished jobid: 104 (Rule: visualize_tissue_specific_miRNAs)
74 of 298 steps (25%) done
Execute 1 jobs...
[Thu Dec 25 13:12:10 2025]
localrule visualize_tissue_specific_miRNAs:
    input: dataframes/mirblood_metadata.csv, dataframes/filtered_mirblood_rpmm.csv
    output: plots/hsa-miR-126-3p_boxplot.svg
    jobid: 29
    reason: Missing output files: plots/hsa-miR-126-3p_boxplot.svg
    wildcards: mirna=hsa-miR-126-3p
    resources: tmpdir=/tmp
Select jobs to execute...
[Thu Dec 25 13:12:10 2025]
Finished jobid: 119 (Rule: visualize_tissue_specific_miRNAs)
75 of 298 steps (25%) done
Execute 1 jobs...
[Thu Dec 25 13:12:10 2025]
localrule visualize_tissue_specific_miRNAs:
    input: dataframes/mirblood_metadata.csv, dataframes/filtered_mirblood_rpmm.csv
    output: plots/hsa-miR-363-5p_boxplot.svg
    jobid: 152
    reason: Missing output files: plots/hsa-miR-363-5p_boxplot.svg
    wildcards: mirna=hsa-miR-363-5p
    resources: tmpdir=/tmp
Select jobs to execute...
[Thu Dec 25 13:12:11 2025]
Finished jobid: 29 (Rule: visualize_tissue_specific_miRNAs)
76 of 298 steps (26%) done
Execute 1 jobs...
[Thu Dec 25 13:12:11 2025]
localrule visualize_tissue_specific_miRNAs:
    input: dataframes/mirblood_metadata.csv, dataframes/filtered_mirblood_rpmm.csv
    output: plots/hsa-miR-150-5p_boxplot.svg
    jobid: 59
    reason: Missing output files: plots/hsa-miR-150-5p_boxplot.svg
    wildcards: mirna=hsa-miR-150-5p
    resources: tmpdir=/tmp
Select jobs to execute...
[Thu Dec 25 13:12:11 2025]
Finished jobid: 152 (Rule: visualize_tissue_specific_miRNAs)
77 of 298 steps (26%) done
Execute 1 jobs...
[Thu Dec 25 13:12:11 2025]
localrule visualize_tissue_specific_miRNAs:
    input: dataframes/mirblood_metadata.csv, dataframes/filtered_mirblood_rpmm.csv
    output: plots/hsa-miR-935_boxplot.svg
    jobid: 297
    reason: Missing output files: plots/hsa-miR-935_boxplot.svg
    wildcards: mirna=hsa-miR-935
    resources: tmpdir=/tmp
Select jobs to execute...
[Thu Dec 25 13:12:12 2025]
Finished jobid: 59 (Rule: visualize_tissue_specific_miRNAs)
78 of 298 steps (26%) done
Execute 1 jobs...
[Thu Dec 25 13:12:12 2025]
localrule visualize_tissue_specific_miRNAs:
    input: dataframes/mirblood_metadata.csv, dataframes/filtered_mirblood_rpmm.csv
    output: plots/hsa-miR-212-5p_boxplot.svg
    jobid: 105
    reason: Missing output files: plots/hsa-miR-212-5p_boxplot.svg
    wildcards: mirna=hsa-miR-212-5p
    resources: tmpdir=/tmp
Select jobs to execute...
[Thu Dec 25 13:12:13 2025]
Finished jobid: 297 (Rule: visualize_tissue_specific_miRNAs)
79 of 298 steps (27%) done
Execute 1 jobs...
[Thu Dec 25 13:12:13 2025]
localrule visualize_tissue_specific_miRNAs:
    input: dataframes/mirblood_metadata.csv, dataframes/filtered_mirblood_rpmm.csv
    output: plots/hsa-miR-96-5p_boxplot.svg
    jobid: 300
    reason: Missing output files: plots/hsa-miR-96-5p_boxplot.svg
    wildcards: mirna=hsa-miR-96-5p
    resources: tmpdir=/tmp
Select jobs to execute...
[Thu Dec 25 13:12:14 2025]
Finished jobid: 105 (Rule: visualize_tissue_specific_miRNAs)
80 of 298 steps (27%) done
Execute 1 jobs...
[Thu Dec 25 13:12:14 2025]
localrule visualize_tissue_specific_miRNAs:
    input: dataframes/mirblood_metadata.csv, dataframes/filtered_mirblood_rpmm.csv
    output: plots/hsa-miR-197-5p_boxplot.svg
    jobid: 89
    reason: Missing output files: plots/hsa-miR-197-5p_boxplot.svg
    wildcards: mirna=hsa-miR-197-5p
    resources: tmpdir=/tmp
Select jobs to execute...
[Thu Dec 25 13:12:14 2025]
Finished jobid: 300 (Rule: visualize_tissue_specific_miRNAs)
81 of 298 steps (27%) done
Execute 1 jobs...
[Thu Dec 25 13:12:14 2025]
localrule visualize_tissue_specific_miRNAs:
    input: dataframes/mirblood_metadata.csv, dataframes/filtered_mirblood_rpmm.csv
    output: plots/hsa-miR-1295a_boxplot.svg
    jobid: 39
    reason: Missing output files: plots/hsa-miR-1295a_boxplot.svg
    wildcards: mirna=hsa-miR-1295a
    resources: tmpdir=/tmp
Select jobs to execute...
[Thu Dec 25 13:12:15 2025]
Finished jobid: 89 (Rule: visualize_tissue_specific_miRNAs)
82 of 298 steps (28%) done
Execute 1 jobs...
[Thu Dec 25 13:12:15 2025]
localrule visualize_tissue_specific_miRNAs:
    input: dataframes/mirblood_metadata.csv, dataframes/filtered_mirblood_rpmm.csv
    output: plots/hsa-miR-4496_boxplot.svg
    jobid: 188
    reason: Missing output files: plots/hsa-miR-4496_boxplot.svg
    wildcards: mirna=hsa-miR-4496
    resources: tmpdir=/tmp
Select jobs to execute...
[Thu Dec 25 13:12:15 2025]
Finished jobid: 39 (Rule: visualize_tissue_specific_miRNAs)
83 of 298 steps (28%) done
Execute 1 jobs...
[Thu Dec 25 13:12:15 2025]
localrule visualize_tissue_specific_miRNAs:
    input: dataframes/mirblood_metadata.csv, dataframes/filtered_mirblood_rpmm.csv
    output: plots/hsa-miR-199a-3p_boxplot.svg
    jobid: 90
    reason: Missing output files: plots/hsa-miR-199a-3p_boxplot.svg
    wildcards: mirna=hsa-miR-199a-3p
    resources: tmpdir=/tmp
Select jobs to execute...
[Thu Dec 25 13:12:16 2025]
Finished jobid: 188 (Rule: visualize_tissue_specific_miRNAs)
84 of 298 steps (28%) done
Execute 1 jobs...
[Thu Dec 25 13:12:16 2025]
localrule visualize_tissue_specific_miRNAs:
    input: dataframes/mirblood_metadata.csv, dataframes/filtered_mirblood_rpmm.csv
    output: plots/hsa-miR-382-5p_boxplot.svg
    jobid: 168
    reason: Missing output files: plots/hsa-miR-382-5p_boxplot.svg
    wildcards: mirna=hsa-miR-382-5p
    resources: tmpdir=/tmp
Select jobs to execute...
[Thu Dec 25 13:12:16 2025]
Finished jobid: 90 (Rule: visualize_tissue_specific_miRNAs)
85 of 298 steps (29%) done
Execute 1 jobs...
[Thu Dec 25 13:12:16 2025]
localrule visualize_tissue_specific_miRNAs:
    input: dataframes/mirblood_metadata.csv, dataframes/filtered_mirblood_rpmm.csv
    output: plots/hsa-miR-148a-5p_boxplot.svg
    jobid: 58
    reason: Missing output files: plots/hsa-miR-148a-5p_boxplot.svg
    wildcards: mirna=hsa-miR-148a-5p
    resources: tmpdir=/tmp
Select jobs to execute...
[Thu Dec 25 13:12:17 2025]
Finished jobid: 168 (Rule: visualize_tissue_specific_miRNAs)
86 of 298 steps (29%) done
Execute 1 jobs...
[Thu Dec 25 13:12:17 2025]
localrule visualize_tissue_specific_miRNAs:
    input: dataframes/mirblood_metadata.csv, dataframes/filtered_mirblood_rpmm.csv
    output: plots/hsa-miR-584-5p_boxplot.svg
    jobid: 253
    reason: Missing output files: plots/hsa-miR-584-5p_boxplot.svg
    wildcards: mirna=hsa-miR-584-5p
    resources: tmpdir=/tmp
Select jobs to execute...
[Thu Dec 25 13:12:18 2025]
Finished jobid: 58 (Rule: visualize_tissue_specific_miRNAs)
87 of 298 steps (29%) done
Execute 1 jobs...
[Thu Dec 25 13:12:18 2025]
localrule visualize_tissue_specific_miRNAs:
    input: dataframes/mirblood_metadata.csv, dataframes/filtered_mirblood_rpmm.csv
    output: plots/hsa-miR-151a-5p_boxplot.svg
    jobid: 61
    reason: Missing output files: plots/hsa-miR-151a-5p_boxplot.svg
    wildcards: mirna=hsa-miR-151a-5p
    resources: tmpdir=/tmp
Select jobs to execute...
[Thu Dec 25 13:12:18 2025]
Finished jobid: 253 (Rule: visualize_tissue_specific_miRNAs)
88 of 298 steps (30%) done
Execute 1 jobs...
[Thu Dec 25 13:12:19 2025]
localrule visualize_tissue_specific_miRNAs:
    input: dataframes/mirblood_metadata.csv, dataframes/filtered_mirblood_rpmm.csv
    output: plots/hsa-miR-4464_boxplot.svg
    jobid: 184
    reason: Missing output files: plots/hsa-miR-4464_boxplot.svg
    wildcards: mirna=hsa-miR-4464
    resources: tmpdir=/tmp
Select jobs to execute...
[Thu Dec 25 13:12:19 2025]
Finished jobid: 61 (Rule: visualize_tissue_specific_miRNAs)
89 of 298 steps (30%) done
Execute 1 jobs...
[Thu Dec 25 13:12:19 2025]
localrule visualize_tissue_specific_miRNAs:
    input: dataframes/mirblood_metadata.csv, dataframes/filtered_mirblood_rpmm.csv
    output: plots/hsa-miR-636_boxplot.svg
    jobid: 256
    reason: Missing output files: plots/hsa-miR-636_boxplot.svg
    wildcards: mirna=hsa-miR-636
    resources: tmpdir=/tmp
Select jobs to execute...
[Thu Dec 25 13:12:20 2025]
Finished jobid: 184 (Rule: visualize_tissue_specific_miRNAs)
90 of 298 steps (30%) done
Execute 1 jobs...
[Thu Dec 25 13:12:20 2025]
localrule visualize_tissue_specific_miRNAs:
    input: dataframes/mirblood_metadata.csv, dataframes/filtered_mirblood_rpmm.csv
    output: plots/hsa-miR-11400_boxplot.svg
    jobid: 19
    reason: Missing output files: plots/hsa-miR-11400_boxplot.svg
    wildcards: mirna=hsa-miR-11400
    resources: tmpdir=/tmp
Select jobs to execute...
[Thu Dec 25 13:12:20 2025]
Finished jobid: 256 (Rule: visualize_tissue_specific_miRNAs)
91 of 298 steps (31%) done
Execute 1 jobs...
[Thu Dec 25 13:12:20 2025]
localrule visualize_tissue_specific_miRNAs:
    input: dataframes/mirblood_metadata.csv, dataframes/filtered_mirblood_rpmm.csv
    output: plots/hsa-miR-188-5p_boxplot.svg
    jobid: 78
    reason: Missing output files: plots/hsa-miR-188-5p_boxplot.svg
    wildcards: mirna=hsa-miR-188-5p
    resources: tmpdir=/tmp
Select jobs to execute...
[Thu Dec 25 13:12:21 2025]
Finished jobid: 19 (Rule: visualize_tissue_specific_miRNAs)
92 of 298 steps (31%) done
Execute 1 jobs...
[Thu Dec 25 13:12:21 2025]
localrule visualize_tissue_specific_miRNAs:
    input: dataframes/mirblood_metadata.csv, dataframes/filtered_mirblood_rpmm.csv
    output: plots/hsa-miR-152-3p_boxplot.svg
    jobid: 63
    reason: Missing output files: plots/hsa-miR-152-3p_boxplot.svg
    wildcards: mirna=hsa-miR-152-3p
    resources: tmpdir=/tmp
Select jobs to execute...
[Thu Dec 25 13:12:21 2025]
Finished jobid: 78 (Rule: visualize_tissue_specific_miRNAs)
93 of 298 steps (31%) done
Execute 1 jobs...
[Thu Dec 25 13:12:21 2025]
localrule visualize_tissue_specific_miRNAs:
    input: dataframes/mirblood_metadata.csv, dataframes/filtered_mirblood_rpmm.csv
    output: plots/hsa-miR-365b-5p_boxplot.svg
    jobid: 153
    reason: Missing output files: plots/hsa-miR-365b-5p_boxplot.svg
    wildcards: mirna=hsa-miR-365b-5p
    resources: tmpdir=/tmp
Select jobs to execute...
[Thu Dec 25 13:12:22 2025]
Finished jobid: 63 (Rule: visualize_tissue_specific_miRNAs)
94 of 298 steps (32%) done
Execute 1 jobs...
[Thu Dec 25 13:12:22 2025]
localrule visualize_tissue_specific_miRNAs:
    input: dataframes/mirblood_metadata.csv, dataframes/filtered_mirblood_rpmm.csv
    output: plots/hsa-miR-3150b-5p_boxplot.svg
    jobid: 123
    reason: Missing output files: plots/hsa-miR-3150b-5p_boxplot.svg
    wildcards: mirna=hsa-miR-3150b-5p
    resources: tmpdir=/tmp
Select jobs to execute...
[Thu Dec 25 13:12:22 2025]
Finished jobid: 153 (Rule: visualize_tissue_specific_miRNAs)
95 of 298 steps (32%) done
Execute 1 jobs...
[Thu Dec 25 13:12:22 2025]
localrule visualize_tissue_specific_miRNAs:
    input: dataframes/mirblood_metadata.csv, dataframes/filtered_mirblood_rpmm.csv
    output: plots/hsa-miR-127-3p_boxplot.svg
    jobid: 33
    reason: Missing output files: plots/hsa-miR-127-3p_boxplot.svg
    wildcards: mirna=hsa-miR-127-3p
    resources: tmpdir=/tmp
Select jobs to execute...
[Thu Dec 25 13:12:23 2025]
Finished jobid: 123 (Rule: visualize_tissue_specific_miRNAs)
96 of 298 steps (32%) done
Execute 1 jobs...
[Thu Dec 25 13:12:23 2025]
localrule visualize_tissue_specific_miRNAs:
    input: dataframes/mirblood_metadata.csv, dataframes/filtered_mirblood_rpmm.csv
    output: plots/hsa-miR-323b-3p_boxplot.svg
    jobid: 138
    reason: Missing output files: plots/hsa-miR-323b-3p_boxplot.svg
    wildcards: mirna=hsa-miR-323b-3p
    resources: tmpdir=/tmp
Select jobs to execute...
[Thu Dec 25 13:12:24 2025]
Finished jobid: 33 (Rule: visualize_tissue_specific_miRNAs)
97 of 298 steps (33%) done
Execute 1 jobs...
[Thu Dec 25 13:12:24 2025]
localrule visualize_tissue_specific_miRNAs:
    input: dataframes/mirblood_metadata.csv, dataframes/filtered_mirblood_rpmm.csv
    output: plots/hsa-miR-551a_boxplot.svg
    jobid: 243
    reason: Missing output files: plots/hsa-miR-551a_boxplot.svg
    wildcards: mirna=hsa-miR-551a
    resources: tmpdir=/tmp
Select jobs to execute...
[Thu Dec 25 13:12:25 2025]
Finished jobid: 138 (Rule: visualize_tissue_specific_miRNAs)
98 of 298 steps (33%) done
Execute 1 jobs...
[Thu Dec 25 13:12:25 2025]
localrule visualize_tissue_specific_miRNAs:
    input: dataframes/mirblood_metadata.csv, dataframes/filtered_mirblood_rpmm.csv
    output: plots/hsa-miR-223-3p_boxplot.svg
    jobid: 108
    reason: Missing output files: plots/hsa-miR-223-3p_boxplot.svg
    wildcards: mirna=hsa-miR-223-3p
    resources: tmpdir=/tmp
Select jobs to execute...
[Thu Dec 25 13:12:25 2025]
Finished jobid: 243 (Rule: visualize_tissue_specific_miRNAs)
99 of 298 steps (33%) done
Execute 1 jobs...
[Thu Dec 25 13:12:25 2025]
localrule visualize_tissue_specific_miRNAs:
    input: dataframes/mirblood_metadata.csv, dataframes/filtered_mirblood_rpmm.csv
    output: plots/hsa-miR-4458_boxplot.svg
    jobid: 183
    reason: Missing output files: plots/hsa-miR-4458_boxplot.svg
    wildcards: mirna=hsa-miR-4458
    resources: tmpdir=/tmp
Select jobs to execute...
[Thu Dec 25 13:12:26 2025]
Finished jobid: 108 (Rule: visualize_tissue_specific_miRNAs)
100 of 298 steps (34%) done
Execute 1 jobs...
[Thu Dec 25 13:12:26 2025]
localrule visualize_tissue_specific_miRNAs:
    input: dataframes/mirblood_metadata.csv, dataframes/filtered_mirblood_rpmm.csv
    output: plots/hsa-miR-199b-5p_boxplot.svg
    jobid: 93
    reason: Missing output files: plots/hsa-miR-199b-5p_boxplot.svg
    wildcards: mirna=hsa-miR-199b-5p
    resources: tmpdir=/tmp
Select jobs to execute...
[Thu Dec 25 13:12:26 2025]
Finished jobid: 183 (Rule: visualize_tissue_specific_miRNAs)
101 of 298 steps (34%) done
Execute 1 jobs...
[Thu Dec 25 13:12:26 2025]
localrule visualize_tissue_specific_miRNAs:
    input: dataframes/mirblood_metadata.csv, dataframes/filtered_mirblood_rpmm.csv
    output: plots/hsa-miR-486-3p_boxplot.svg
    jobid: 213
    reason: Missing output files: plots/hsa-miR-486-3p_boxplot.svg
    wildcards: mirna=hsa-miR-486-3p
    resources: tmpdir=/tmp
Select jobs to execute...
[Thu Dec 25 13:12:27 2025]
Finished jobid: 93 (Rule: visualize_tissue_specific_miRNAs)
102 of 298 steps (34%) done
Execute 1 jobs...
[Thu Dec 25 13:12:27 2025]
localrule visualize_tissue_specific_miRNAs:
    input: dataframes/mirblood_metadata.csv, dataframes/filtered_mirblood_rpmm.csv
    output: plots/hsa-miR-873-5p_boxplot.svg
    jobid: 288
    reason: Missing output files: plots/hsa-miR-873-5p_boxplot.svg
    wildcards: mirna=hsa-miR-873-5p
    resources: tmpdir=/tmp
Select jobs to execute...
[Thu Dec 25 13:12:27 2025]
Finished jobid: 213 (Rule: visualize_tissue_specific_miRNAs)
103 of 298 steps (35%) done
Execute 1 jobs...
[Thu Dec 25 13:12:27 2025]
localrule visualize_tissue_specific_miRNAs:
    input: dataframes/mirblood_metadata.csv, dataframes/filtered_mirblood_rpmm.csv
    output: plots/hsa-miR-503-3p_boxplot.svg
    jobid: 228
    reason: Missing output files: plots/hsa-miR-503-3p_boxplot.svg
    wildcards: mirna=hsa-miR-503-3p
    resources: tmpdir=/tmp
Select jobs to execute...
[Thu Dec 25 13:12:28 2025]
Finished jobid: 288 (Rule: visualize_tissue_specific_miRNAs)
104 of 298 steps (35%) done
Execute 1 jobs...
[Thu Dec 25 13:12:28 2025]
localrule visualize_tissue_specific_miRNAs:
    input: dataframes/mirblood_metadata.csv, dataframes/filtered_mirblood_rpmm.csv
    output: plots/hsa-miR-10b-5p_boxplot.svg
    jobid: 18
    reason: Missing output files: plots/hsa-miR-10b-5p_boxplot.svg
    wildcards: mirna=hsa-miR-10b-5p
    resources: tmpdir=/tmp
Select jobs to execute...
[Thu Dec 25 13:12:28 2025]
Finished jobid: 228 (Rule: visualize_tissue_specific_miRNAs)
105 of 298 steps (35%) done
Execute 1 jobs...
[Thu Dec 25 13:12:28 2025]
localrule visualize_tissue_specific_miRNAs:
    input: dataframes/mirblood_metadata.csv, dataframes/filtered_mirblood_rpmm.csv
    output: plots/hsa-miR-642a-5p_boxplot.svg
    jobid: 258
    reason: Missing output files: plots/hsa-miR-642a-5p_boxplot.svg
    wildcards: mirna=hsa-miR-642a-5p
    resources: tmpdir=/tmp
Select jobs to execute...
[Thu Dec 25 13:12:29 2025]
Finished jobid: 18 (Rule: visualize_tissue_specific_miRNAs)
106 of 298 steps (36%) done
Execute 1 jobs...
[Thu Dec 25 13:12:29 2025]
localrule visualize_tissue_specific_miRNAs:
    input: dataframes/mirblood_metadata.csv, dataframes/filtered_mirblood_rpmm.csv
    output: plots/hsa-miR-138-5p_boxplot.svg
    jobid: 48
    reason: Missing output files: plots/hsa-miR-138-5p_boxplot.svg
    wildcards: mirna=hsa-miR-138-5p
    resources: tmpdir=/tmp
Select jobs to execute...
[Thu Dec 25 13:12:30 2025]
Finished jobid: 258 (Rule: visualize_tissue_specific_miRNAs)
107 of 298 steps (36%) done
Execute 1 jobs...
[Thu Dec 25 13:12:30 2025]
localrule visualize_tissue_specific_miRNAs:
    input: dataframes/mirblood_metadata.csv, dataframes/filtered_mirblood_rpmm.csv
    output: plots/hsa-miR-4772-5p_boxplot.svg
    jobid: 206
    reason: Missing output files: plots/hsa-miR-4772-5p_boxplot.svg
    wildcards: mirna=hsa-miR-4772-5p
    resources: tmpdir=/tmp
Select jobs to execute...
[Thu Dec 25 13:12:31 2025]
Finished jobid: 48 (Rule: visualize_tissue_specific_miRNAs)
108 of 298 steps (36%) done
Execute 1 jobs...
[Thu Dec 25 13:12:31 2025]
localrule visualize_tissue_specific_miRNAs:
    input: dataframes/mirblood_metadata.csv, dataframes/filtered_mirblood_rpmm.csv
    output: plots/hsa-miR-450a-2-3p_boxplot.svg
    jobid: 192
    reason: Missing output files: plots/hsa-miR-450a-2-3p_boxplot.svg
    wildcards: mirna=hsa-miR-450a-2-3p
    resources: tmpdir=/tmp
Select jobs to execute...
[Thu Dec 25 13:12:31 2025]
Finished jobid: 206 (Rule: visualize_tissue_specific_miRNAs)
109 of 298 steps (37%) done
Execute 1 jobs...
[Thu Dec 25 13:12:31 2025]
localrule visualize_tissue_specific_miRNAs:
    input: dataframes/mirblood_metadata.csv, dataframes/filtered_mirblood_rpmm.csv
    output: plots/hsa-miR-556-5p_boxplot.svg
    jobid: 245
    reason: Missing output files: plots/hsa-miR-556-5p_boxplot.svg
    wildcards: mirna=hsa-miR-556-5p
    resources: tmpdir=/tmp
Select jobs to execute...
[Thu Dec 25 13:12:32 2025]
Finished jobid: 192 (Rule: visualize_tissue_specific_miRNAs)
110 of 298 steps (37%) done
Execute 1 jobs...
[Thu Dec 25 13:12:32 2025]
localrule visualize_tissue_specific_miRNAs:
    input: dataframes/mirblood_metadata.csv, dataframes/filtered_mirblood_rpmm.csv
    output: plots/hsa-miR-6780a-5p_boxplot.svg
    jobid: 275
    reason: Missing output files: plots/hsa-miR-6780a-5p_boxplot.svg
    wildcards: mirna=hsa-miR-6780a-5p
    resources: tmpdir=/tmp
Select jobs to execute...
[Thu Dec 25 13:12:32 2025]
Finished jobid: 245 (Rule: visualize_tissue_specific_miRNAs)
111 of 298 steps (37%) done
Execute 1 jobs...
[Thu Dec 25 13:12:32 2025]
localrule visualize_tissue_specific_miRNAs:
    input: dataframes/mirblood_metadata.csv, dataframes/filtered_mirblood_rpmm.csv
    output: plots/hsa-miR-574-3p_boxplot.svg
    jobid: 248
    reason: Missing output files: plots/hsa-miR-574-3p_boxplot.svg
    wildcards: mirna=hsa-miR-574-3p
    resources: tmpdir=/tmp
Select jobs to execute...
[Thu Dec 25 13:12:33 2025]
Finished jobid: 275 (Rule: visualize_tissue_specific_miRNAs)
112 of 298 steps (38%) done
Execute 1 jobs...
[Thu Dec 25 13:12:33 2025]
localrule visualize_tissue_specific_miRNAs:
    input: dataframes/mirblood_metadata.csv, dataframes/filtered_mirblood_rpmm.csv
    output: plots/hsa-miR-7847-3p_boxplot.svg
    jobid: 285
    reason: Missing output files: plots/hsa-miR-7847-3p_boxplot.svg
    wildcards: mirna=hsa-miR-7847-3p
    resources: tmpdir=/tmp
Select jobs to execute...
[Thu Dec 25 13:12:33 2025]
Finished jobid: 248 (Rule: visualize_tissue_specific_miRNAs)
113 of 298 steps (38%) done
Execute 1 jobs...
[Thu Dec 25 13:12:33 2025]
localrule visualize_tissue_specific_miRNAs:
    input: dataframes/mirblood_metadata.csv, dataframes/filtered_mirblood_rpmm.csv
    output: plots/hsa-miR-628-5p_boxplot.svg
    jobid: 255
    reason: Missing output files: plots/hsa-miR-628-5p_boxplot.svg
    wildcards: mirna=hsa-miR-628-5p
    resources: tmpdir=/tmp
Select jobs to execute...
[Thu Dec 25 13:12:34 2025]
Finished jobid: 285 (Rule: visualize_tissue_specific_miRNAs)
114 of 298 steps (38%) done
Execute 1 jobs...
[Thu Dec 25 13:12:34 2025]
localrule visualize_tissue_specific_miRNAs:
    input: dataframes/mirblood_metadata.csv, dataframes/filtered_mirblood_rpmm.csv
    output: plots/hsa-miR-10a-5p_boxplot.svg
    jobid: 17
    reason: Missing output files: plots/hsa-miR-10a-5p_boxplot.svg
    wildcards: mirna=hsa-miR-10a-5p
    resources: tmpdir=/tmp
Select jobs to execute...
[Thu Dec 25 13:12:35 2025]
Finished jobid: 255 (Rule: visualize_tissue_specific_miRNAs)
115 of 298 steps (39%) done
Execute 1 jobs...
[Thu Dec 25 13:12:35 2025]
localrule visualize_tissue_specific_miRNAs:
    input: dataframes/mirblood_metadata.csv, dataframes/filtered_mirblood_rpmm.csv
    output: plots/hsa-miR-4454_boxplot.svg
    jobid: 182
    reason: Missing output files: plots/hsa-miR-4454_boxplot.svg
    wildcards: mirna=hsa-miR-4454
    resources: tmpdir=/tmp
Select jobs to execute...
[Thu Dec 25 13:12:36 2025]
Finished jobid: 17 (Rule: visualize_tissue_specific_miRNAs)
116 of 298 steps (39%) done
Execute 1 jobs...
[Thu Dec 25 13:12:36 2025]
localrule visualize_tissue_specific_miRNAs:
    input: dataframes/mirblood_metadata.csv, dataframes/filtered_mirblood_rpmm.csv
    output: plots/hsa-miR-6859-5p_boxplot.svg
    jobid: 278
    reason: Missing output files: plots/hsa-miR-6859-5p_boxplot.svg
    wildcards: mirna=hsa-miR-6859-5p
    resources: tmpdir=/tmp
Select jobs to execute...
[Thu Dec 25 13:12:36 2025]
Finished jobid: 182 (Rule: visualize_tissue_specific_miRNAs)
117 of 298 steps (39%) done
Execute 1 jobs...
[Thu Dec 25 13:12:36 2025]
localrule visualize_tissue_specific_miRNAs:
    input: dataframes/mirblood_metadata.csv, dataframes/filtered_mirblood_rpmm.csv
    output: plots/hsa-miR-485-5p_boxplot.svg
    jobid: 212
    reason: Missing output files: plots/hsa-miR-485-5p_boxplot.svg
    wildcards: mirna=hsa-miR-485-5p
    resources: tmpdir=/tmp
Select jobs to execute...
[Thu Dec 25 13:12:37 2025]
Finished jobid: 278 (Rule: visualize_tissue_specific_miRNAs)
118 of 298 steps (40%) done
Execute 1 jobs...
[Thu Dec 25 13:12:37 2025]
localrule visualize_tissue_specific_miRNAs:
    input: dataframes/mirblood_metadata.csv, dataframes/filtered_mirblood_rpmm.csv
    output: plots/hsa-miR-6718-5p_boxplot.svg
    jobid: 267
    reason: Missing output files: plots/hsa-miR-6718-5p_boxplot.svg
    wildcards: mirna=hsa-miR-6718-5p
    resources: tmpdir=/tmp
Select jobs to execute...
[Thu Dec 25 13:12:37 2025]
Finished jobid: 212 (Rule: visualize_tissue_specific_miRNAs)
119 of 298 steps (40%) done
Execute 1 jobs...
[Thu Dec 25 13:12:37 2025]
localrule visualize_tissue_specific_miRNAs:
    input: dataframes/mirblood_metadata.csv, dataframes/filtered_mirblood_rpmm.csv
    output: plots/hsa-miR-4747-5p_boxplot.svg
    jobid: 204
    reason: Missing output files: plots/hsa-miR-4747-5p_boxplot.svg
    wildcards: mirna=hsa-miR-4747-5p
    resources: tmpdir=/tmp
Select jobs to execute...
[Thu Dec 25 13:12:38 2025]
Finished jobid: 267 (Rule: visualize_tissue_specific_miRNAs)
120 of 298 steps (40%) done
Execute 1 jobs...
[Thu Dec 25 13:12:38 2025]
localrule visualize_tissue_specific_miRNAs:
    input: dataframes/mirblood_metadata.csv, dataframes/filtered_mirblood_rpmm.csv
    output: plots/hsa-miR-376c-3p_boxplot.svg
    jobid: 162
    reason: Missing output files: plots/hsa-miR-376c-3p_boxplot.svg
    wildcards: mirna=hsa-miR-376c-3p
    resources: tmpdir=/tmp
Select jobs to execute...
[Thu Dec 25 13:12:38 2025]
Finished jobid: 204 (Rule: visualize_tissue_specific_miRNAs)
121 of 298 steps (41%) done
Execute 1 jobs...
[Thu Dec 25 13:12:38 2025]
localrule visualize_tissue_specific_miRNAs:
    input: dataframes/mirblood_metadata.csv, dataframes/filtered_mirblood_rpmm.csv
    output: plots/hsa-miR-202-5p_boxplot.svg
    jobid: 94
    reason: Missing output files: plots/hsa-miR-202-5p_boxplot.svg
    wildcards: mirna=hsa-miR-202-5p
    resources: tmpdir=/tmp
Select jobs to execute...
[Thu Dec 25 13:12:39 2025]
Finished jobid: 162 (Rule: visualize_tissue_specific_miRNAs)
122 of 298 steps (41%) done
Execute 1 jobs...
[Thu Dec 25 13:12:39 2025]
localrule visualize_tissue_specific_miRNAs:
    input: dataframes/mirblood_metadata.csv, dataframes/filtered_mirblood_rpmm.csv
    output: plots/hsa-miR-548c-3p_boxplot.svg
    jobid: 242
    reason: Missing output files: plots/hsa-miR-548c-3p_boxplot.svg
    wildcards: mirna=hsa-miR-548c-3p
    resources: tmpdir=/tmp
Select jobs to execute...
[Thu Dec 25 13:12:39 2025]
Finished jobid: 94 (Rule: visualize_tissue_specific_miRNAs)
123 of 298 steps (41%) done
Execute 1 jobs...
[Thu Dec 25 13:12:39 2025]
localrule visualize_tissue_specific_miRNAs:
    input: dataframes/mirblood_metadata.csv, dataframes/filtered_mirblood_rpmm.csv
    output: plots/hsa-miR-876-3p_boxplot.svg
    jobid: 289
    reason: Missing output files: plots/hsa-miR-876-3p_boxplot.svg
    wildcards: mirna=hsa-miR-876-3p
    resources: tmpdir=/tmp
Select jobs to execute...
[Thu Dec 25 13:12:40 2025]
Finished jobid: 242 (Rule: visualize_tissue_specific_miRNAs)
124 of 298 steps (42%) done
Execute 1 jobs...
[Thu Dec 25 13:12:40 2025]
localrule visualize_tissue_specific_miRNAs:
    input: dataframes/mirblood_metadata.csv, dataframes/filtered_mirblood_rpmm.csv
    output: plots/hsa-miR-138-1-3p_boxplot.svg
    jobid: 47
    reason: Missing output files: plots/hsa-miR-138-1-3p_boxplot.svg
    wildcards: mirna=hsa-miR-138-1-3p
    resources: tmpdir=/tmp
Select jobs to execute...
[Thu Dec 25 13:12:41 2025]
Finished jobid: 289 (Rule: visualize_tissue_specific_miRNAs)
125 of 298 steps (42%) done
Execute 1 jobs...
[Thu Dec 25 13:12:41 2025]
localrule visualize_tissue_specific_miRNAs:
    input: dataframes/mirblood_metadata.csv, dataframes/filtered_mirblood_rpmm.csv
    output: plots/hsa-miR-501-3p_boxplot.svg
    jobid: 223
    reason: Missing output files: plots/hsa-miR-501-3p_boxplot.svg
    wildcards: mirna=hsa-miR-501-3p
    resources: tmpdir=/tmp
Select jobs to execute...
[Thu Dec 25 13:12:42 2025]
Finished jobid: 47 (Rule: visualize_tissue_specific_miRNAs)
126 of 298 steps (42%) done
Execute 1 jobs...
[Thu Dec 25 13:12:42 2025]
localrule visualize_tissue_specific_miRNAs:
    input: dataframes/mirblood_metadata.csv, dataframes/filtered_mirblood_rpmm.csv
    output: plots/hsa-miR-9-5p_boxplot.svg
    jobid: 292
    reason: Missing output files: plots/hsa-miR-9-5p_boxplot.svg
    wildcards: mirna=hsa-miR-9-5p
    resources: tmpdir=/tmp
Select jobs to execute...
[Thu Dec 25 13:12:42 2025]
Finished jobid: 223 (Rule: visualize_tissue_specific_miRNAs)
127 of 298 steps (43%) done
Execute 1 jobs...
[Thu Dec 25 13:12:42 2025]
localrule visualize_tissue_specific_miRNAs:
    input: dataframes/mirblood_metadata.csv, dataframes/filtered_mirblood_rpmm.csv
    output: plots/hsa-miR-20b-5p_boxplot.svg
    jobid: 97
    reason: Missing output files: plots/hsa-miR-20b-5p_boxplot.svg
    wildcards: mirna=hsa-miR-20b-5p
    resources: tmpdir=/tmp
Select jobs to execute...
[Thu Dec 25 13:12:43 2025]
Finished jobid: 292 (Rule: visualize_tissue_specific_miRNAs)
128 of 298 steps (43%) done
Execute 1 jobs...
[Thu Dec 25 13:12:43 2025]
localrule visualize_tissue_specific_miRNAs:
    input: dataframes/mirblood_metadata.csv, dataframes/filtered_mirblood_rpmm.csv
    output: plots/hsa-miR-5010-5p_boxplot.svg
    jobid: 226
    reason: Missing output files: plots/hsa-miR-5010-5p_boxplot.svg
    wildcards: mirna=hsa-miR-5010-5p
    resources: tmpdir=/tmp
Select jobs to execute...
[Thu Dec 25 13:12:43 2025]
Finished jobid: 97 (Rule: visualize_tissue_specific_miRNAs)
129 of 298 steps (43%) done
Execute 1 jobs...
[Thu Dec 25 13:12:43 2025]
localrule visualize_tissue_specific_miRNAs:
    input: dataframes/mirblood_metadata.csv, dataframes/filtered_mirblood_rpmm.csv
    output: plots/hsa-miR-301a-5p_boxplot.svg
    jobid: 116
    reason: Missing output files: plots/hsa-miR-301a-5p_boxplot.svg
    wildcards: mirna=hsa-miR-301a-5p
    resources: tmpdir=/tmp
Select jobs to execute...
[Thu Dec 25 13:12:44 2025]
Finished jobid: 226 (Rule: visualize_tissue_specific_miRNAs)
130 of 298 steps (44%) done
Execute 1 jobs...
[Thu Dec 25 13:12:44 2025]
localrule visualize_tissue_specific_miRNAs:
    input: dataframes/mirblood_metadata.csv, dataframes/filtered_mirblood_rpmm.csv
    output: plots/hsa-miR-3168_boxplot.svg
    jobid: 127
    reason: Missing output files: plots/hsa-miR-3168_boxplot.svg
    wildcards: mirna=hsa-miR-3168
    resources: tmpdir=/tmp
Select jobs to execute...
[Thu Dec 25 13:12:44 2025]
Finished jobid: 116 (Rule: visualize_tissue_specific_miRNAs)
131 of 298 steps (44%) done
Execute 1 jobs...
[Thu Dec 25 13:12:44 2025]
localrule visualize_tissue_specific_miRNAs:
    input: dataframes/mirblood_metadata.csv, dataframes/filtered_mirblood_rpmm.csv
    output: plots/hsa-miR-513c-5p_boxplot.svg
    jobid: 232
    reason: Missing output files: plots/hsa-miR-513c-5p_boxplot.svg
    wildcards: mirna=hsa-miR-513c-5p
    resources: tmpdir=/tmp
Select jobs to execute...
[Thu Dec 25 13:12:45 2025]
Finished jobid: 127 (Rule: visualize_tissue_specific_miRNAs)
132 of 298 steps (44%) done
Execute 1 jobs...
[Thu Dec 25 13:12:45 2025]
localrule visualize_tissue_specific_miRNAs:
    input: dataframes/mirblood_metadata.csv, dataframes/filtered_mirblood_rpmm.csv
    output: plots/hsa-miR-5586-5p_boxplot.svg
    jobid: 247
    reason: Missing output files: plots/hsa-miR-5586-5p_boxplot.svg
    wildcards: mirna=hsa-miR-5586-5p
    resources: tmpdir=/tmp
Select jobs to execute...
[Thu Dec 25 13:12:46 2025]
Finished jobid: 232 (Rule: visualize_tissue_specific_miRNAs)
133 of 298 steps (45%) done
Execute 1 jobs...
[Thu Dec 25 13:12:46 2025]
localrule visualize_tissue_specific_miRNAs:
    input: dataframes/mirblood_metadata.csv, dataframes/filtered_mirblood_rpmm.csv
    output: plots/hsa-miR-139-5p_boxplot.svg
    jobid: 50
    reason: Missing output files: plots/hsa-miR-139-5p_boxplot.svg
    wildcards: mirna=hsa-miR-139-5p
    resources: tmpdir=/tmp
Select jobs to execute...
[Thu Dec 25 13:12:47 2025]
Finished jobid: 247 (Rule: visualize_tissue_specific_miRNAs)
134 of 298 steps (45%) done
Execute 1 jobs...
[Thu Dec 25 13:12:47 2025]
localrule visualize_tissue_specific_miRNAs:
    input: dataframes/mirblood_metadata.csv, dataframes/filtered_mirblood_rpmm.csv
    output: plots/hsa-miR-143-5p_boxplot.svg
    jobid: 52
    reason: Missing output files: plots/hsa-miR-143-5p_boxplot.svg
    wildcards: mirna=hsa-miR-143-5p
    resources: tmpdir=/tmp
Select jobs to execute...
[Thu Dec 25 13:12:47 2025]
Finished jobid: 50 (Rule: visualize_tissue_specific_miRNAs)
135 of 298 steps (45%) done
Execute 1 jobs...
[Thu Dec 25 13:12:47 2025]
localrule visualize_tissue_specific_miRNAs:
    input: dataframes/mirblood_metadata.csv, dataframes/filtered_mirblood_rpmm.csv
    output: plots/hsa-miR-1290_boxplot.svg
    jobid: 37
    reason: Missing output files: plots/hsa-miR-1290_boxplot.svg
    wildcards: mirna=hsa-miR-1290
    resources: tmpdir=/tmp
Select jobs to execute...
[Thu Dec 25 13:12:48 2025]
Finished jobid: 52 (Rule: visualize_tissue_specific_miRNAs)
136 of 298 steps (46%) done
Execute 1 jobs...
[Thu Dec 25 13:12:48 2025]
localrule visualize_tissue_specific_miRNAs:
    input: dataframes/mirblood_metadata.csv, dataframes/filtered_mirblood_rpmm.csv
    output: plots/hsa-miR-338-3p_boxplot.svg
    jobid: 142
    reason: Missing output files: plots/hsa-miR-338-3p_boxplot.svg
    wildcards: mirna=hsa-miR-338-3p
    resources: tmpdir=/tmp
Select jobs to execute...
[Thu Dec 25 13:12:48 2025]
Finished jobid: 37 (Rule: visualize_tissue_specific_miRNAs)
137 of 298 steps (46%) done
Execute 1 jobs...
[Thu Dec 25 13:12:48 2025]
localrule visualize_tissue_specific_miRNAs:
    input: dataframes/mirblood_metadata.csv, dataframes/filtered_mirblood_rpmm.csv
    output: plots/hsa-miR-1908-5p_boxplot.svg
    jobid: 80
    reason: Missing output files: plots/hsa-miR-1908-5p_boxplot.svg
    wildcards: mirna=hsa-miR-1908-5p
    resources: tmpdir=/tmp
Select jobs to execute...
[Thu Dec 25 13:12:49 2025]
Finished jobid: 142 (Rule: visualize_tissue_specific_miRNAs)
138 of 298 steps (46%) done
Execute 1 jobs...
[Thu Dec 25 13:12:49 2025]
localrule visualize_tissue_specific_miRNAs:
    input: dataframes/mirblood_metadata.csv, dataframes/filtered_mirblood_rpmm.csv
    output: plots/hsa-miR-15a-3p_boxplot.svg
    jobid: 67
    reason: Missing output files: plots/hsa-miR-15a-3p_boxplot.svg
    wildcards: mirna=hsa-miR-15a-3p
    resources: tmpdir=/tmp
Select jobs to execute...
[Thu Dec 25 13:12:49 2025]
Finished jobid: 80 (Rule: visualize_tissue_specific_miRNAs)
139 of 298 steps (47%) done
Execute 1 jobs...
[Thu Dec 25 13:12:49 2025]
localrule visualize_tissue_specific_miRNAs:
    input: dataframes/mirblood_metadata.csv, dataframes/filtered_mirblood_rpmm.csv
    output: plots/hsa-miR-27a-5p_boxplot.svg
    jobid: 112
    reason: Missing output files: plots/hsa-miR-27a-5p_boxplot.svg
    wildcards: mirna=hsa-miR-27a-5p
    resources: tmpdir=/tmp
Select jobs to execute...
[Thu Dec 25 13:12:50 2025]
Finished jobid: 67 (Rule: visualize_tissue_specific_miRNAs)
140 of 298 steps (47%) done
Execute 1 jobs...
[Thu Dec 25 13:12:50 2025]
localrule visualize_tissue_specific_miRNAs:
    input: dataframes/mirblood_metadata.csv, dataframes/filtered_mirblood_rpmm.csv
    output: plots/hsa-miR-5010-3p_boxplot.svg
    jobid: 225
    reason: Missing output files: plots/hsa-miR-5010-3p_boxplot.svg
    wildcards: mirna=hsa-miR-5010-3p
    resources: tmpdir=/tmp
Select jobs to execute...
[Thu Dec 25 13:12:51 2025]
Finished jobid: 112 (Rule: visualize_tissue_specific_miRNAs)
141 of 298 steps (47%) done
Execute 1 jobs...
[Thu Dec 25 13:12:51 2025]
localrule visualize_tissue_specific_miRNAs:
    input: dataframes/mirblood_metadata.csv, dataframes/filtered_mirblood_rpmm.csv
    output: plots/hsa-miR-378d_boxplot.svg
    jobid: 165
    reason: Missing output files: plots/hsa-miR-378d_boxplot.svg
    wildcards: mirna=hsa-miR-378d
    resources: tmpdir=/tmp
Select jobs to execute...
[Thu Dec 25 13:12:51 2025]
Finished jobid: 225 (Rule: visualize_tissue_specific_miRNAs)
142 of 298 steps (48%) done
Execute 1 jobs...
[Thu Dec 25 13:12:51 2025]
localrule visualize_tissue_specific_miRNAs:
    input: dataframes/mirblood_metadata.csv, dataframes/filtered_mirblood_rpmm.csv
    output: plots/hsa-miR-4516_boxplot.svg
    jobid: 195
    reason: Missing output files: plots/hsa-miR-4516_boxplot.svg
    wildcards: mirna=hsa-miR-4516
    resources: tmpdir=/tmp
Select jobs to execute...
[Thu Dec 25 13:12:52 2025]
Finished jobid: 165 (Rule: visualize_tissue_specific_miRNAs)
143 of 298 steps (48%) done
Execute 1 jobs...
[Thu Dec 25 13:12:52 2025]
localrule visualize_tissue_specific_miRNAs:
    input: dataframes/mirblood_metadata.csv, dataframes/filtered_mirblood_rpmm.csv
    output: plots/hsa-miR-6731-5p_boxplot.svg
    jobid: 270
    reason: Missing output files: plots/hsa-miR-6731-5p_boxplot.svg
    wildcards: mirna=hsa-miR-6731-5p
    resources: tmpdir=/tmp
Select jobs to execute...
[Thu Dec 25 13:12:53 2025]
Finished jobid: 195 (Rule: visualize_tissue_specific_miRNAs)
144 of 298 steps (48%) done
Execute 1 jobs...
[Thu Dec 25 13:12:53 2025]
localrule visualize_tissue_specific_miRNAs:
    input: dataframes/mirblood_metadata.csv, dataframes/filtered_mirblood_rpmm.csv
    output: plots/hsa-miR-4732-3p_boxplot.svg
    jobid: 202
    reason: Missing output files: plots/hsa-miR-4732-3p_boxplot.svg
    wildcards: mirna=hsa-miR-4732-3p
    resources: tmpdir=/tmp
Select jobs to execute...
[Thu Dec 25 13:12:53 2025]
Finished jobid: 270 (Rule: visualize_tissue_specific_miRNAs)
145 of 298 steps (49%) done
Execute 1 jobs...
[Thu Dec 25 13:12:53 2025]
localrule visualize_tissue_specific_miRNAs:
    input: dataframes/mirblood_metadata.csv, dataframes/filtered_mirblood_rpmm.csv
    output: plots/hsa-miR-6852-5p_boxplot.svg
    jobid: 277
    reason: Missing output files: plots/hsa-miR-6852-5p_boxplot.svg
    wildcards: mirna=hsa-miR-6852-5p
    resources: tmpdir=/tmp
Select jobs to execute...
[Thu Dec 25 13:12:54 2025]
Finished jobid: 202 (Rule: visualize_tissue_specific_miRNAs)
146 of 298 steps (49%) done
Execute 1 jobs...
[Thu Dec 25 13:12:54 2025]
localrule visualize_tissue_specific_miRNAs:
    input: dataframes/mirblood_metadata.csv, dataframes/filtered_mirblood_rpmm.csv
    output: plots/hsa-miR-193b-3p_boxplot.svg
    jobid: 83
    reason: Missing output files: plots/hsa-miR-193b-3p_boxplot.svg
    wildcards: mirna=hsa-miR-193b-3p
    resources: tmpdir=/tmp
Select jobs to execute...
[Thu Dec 25 13:12:54 2025]
Finished jobid: 277 (Rule: visualize_tissue_specific_miRNAs)
147 of 298 steps (49%) done
Execute 1 jobs...
[Thu Dec 25 13:12:54 2025]
localrule visualize_tissue_specific_miRNAs:
    input: dataframes/mirblood_metadata.csv, dataframes/filtered_mirblood_rpmm.csv
    output: plots/hsa-miR-181b-5p_boxplot.svg
    jobid: 72
    reason: Missing output files: plots/hsa-miR-181b-5p_boxplot.svg
    wildcards: mirna=hsa-miR-181b-5p
    resources: tmpdir=/tmp
Select jobs to execute...
[Thu Dec 25 13:12:55 2025]
Finished jobid: 83 (Rule: visualize_tissue_specific_miRNAs)
148 of 298 steps (50%) done
Execute 1 jobs...
[Thu Dec 25 13:12:55 2025]
localrule visualize_tissue_specific_miRNAs:
    input: dataframes/mirblood_metadata.csv, dataframes/filtered_mirblood_rpmm.csv
    output: plots/hsa-miR-144-3p_boxplot.svg
    jobid: 53
    reason: Missing output files: plots/hsa-miR-144-3p_boxplot.svg
    wildcards: mirna=hsa-miR-144-3p
    resources: tmpdir=/tmp
Select jobs to execute...
[Thu Dec 25 13:12:55 2025]
Finished jobid: 72 (Rule: visualize_tissue_specific_miRNAs)
149 of 298 steps (50%) done
Execute 1 jobs...
[Thu Dec 25 13:12:55 2025]
localrule visualize_tissue_specific_miRNAs:
    input: dataframes/mirblood_metadata.csv, dataframes/filtered_mirblood_rpmm.csv
    output: plots/hsa-miR-873-3p_boxplot.svg
    jobid: 287
    reason: Missing output files: plots/hsa-miR-873-3p_boxplot.svg
    wildcards: mirna=hsa-miR-873-3p
    resources: tmpdir=/tmp
Select jobs to execute...
[Thu Dec 25 13:12:56 2025]
Finished jobid: 53 (Rule: visualize_tissue_specific_miRNAs)
150 of 298 steps (50%) done
Execute 1 jobs...
[Thu Dec 25 13:12:56 2025]
localrule visualize_tissue_specific_miRNAs:
    input: dataframes/mirblood_metadata.csv, dataframes/filtered_mirblood_rpmm.csv
    output: plots/hsa-miR-556-3p_boxplot.svg
    jobid: 244
    reason: Missing output files: plots/hsa-miR-556-3p_boxplot.svg
    wildcards: mirna=hsa-miR-556-3p
    resources: tmpdir=/tmp
Select jobs to execute...
[Thu Dec 25 13:12:57 2025]
Finished jobid: 287 (Rule: visualize_tissue_specific_miRNAs)
151 of 298 steps (51%) done
Execute 1 jobs...
[Thu Dec 25 13:12:57 2025]
localrule visualize_tissue_specific_miRNAs:
    input: dataframes/mirblood_metadata.csv, dataframes/filtered_mirblood_rpmm.csv
    output: plots/hsa-miR-224-5p_boxplot.svg
    jobid: 109
    reason: Missing output files: plots/hsa-miR-224-5p_boxplot.svg
    wildcards: mirna=hsa-miR-224-5p
    resources: tmpdir=/tmp
Select jobs to execute...
[Thu Dec 25 13:12:57 2025]
Finished jobid: 244 (Rule: visualize_tissue_specific_miRNAs)
152 of 298 steps (51%) done
Execute 1 jobs...
[Thu Dec 25 13:12:57 2025]
localrule visualize_tissue_specific_miRNAs:
    input: dataframes/mirblood_metadata.csv, dataframes/filtered_mirblood_rpmm.csv
    output: plots/hsa-miR-3688-3p_boxplot.svg
    jobid: 154
    reason: Missing output files: plots/hsa-miR-3688-3p_boxplot.svg
    wildcards: mirna=hsa-miR-3688-3p
    resources: tmpdir=/tmp
Select jobs to execute...
[Thu Dec 25 13:12:58 2025]
Finished jobid: 109 (Rule: visualize_tissue_specific_miRNAs)
153 of 298 steps (51%) done
Execute 1 jobs...
[Thu Dec 25 13:12:58 2025]
localrule visualize_tissue_specific_miRNAs:
    input: dataframes/mirblood_metadata.csv, dataframes/filtered_mirblood_rpmm.csv
    output: plots/hsa-miR-6774-3p_boxplot.svg
    jobid: 274
    reason: Missing output files: plots/hsa-miR-6774-3p_boxplot.svg
    wildcards: mirna=hsa-miR-6774-3p
    resources: tmpdir=/tmp
Select jobs to execute...
[Thu Dec 25 13:12:59 2025]
Finished jobid: 154 (Rule: visualize_tissue_specific_miRNAs)
154 of 298 steps (52%) done
Execute 1 jobs...
[Thu Dec 25 13:12:59 2025]
localrule visualize_tissue_specific_miRNAs:
    input: dataframes/mirblood_metadata.csv, dataframes/filtered_mirblood_rpmm.csv
    output: plots/hsa-miR-642b-3p_boxplot.svg
    jobid: 259
    reason: Missing output files: plots/hsa-miR-642b-3p_boxplot.svg
    wildcards: mirna=hsa-miR-642b-3p
    resources: tmpdir=/tmp
Select jobs to execute...
[Thu Dec 25 13:12:59 2025]
Finished jobid: 274 (Rule: visualize_tissue_specific_miRNAs)
155 of 298 steps (52%) done
Execute 1 jobs...
[Thu Dec 25 13:12:59 2025]
localrule visualize_tissue_specific_miRNAs:
    input: dataframes/mirblood_metadata.csv, dataframes/filtered_mirblood_rpmm.csv
    output: plots/hsa-miR-504-5p_boxplot.svg
    jobid: 229
    reason: Missing output files: plots/hsa-miR-504-5p_boxplot.svg
    wildcards: mirna=hsa-miR-504-5p
    resources: tmpdir=/tmp
Select jobs to execute...
[Thu Dec 25 13:13:00 2025]
Finished jobid: 259 (Rule: visualize_tissue_specific_miRNAs)
156 of 298 steps (52%) done
Execute 1 jobs...
[Thu Dec 25 13:13:00 2025]
localrule visualize_tissue_specific_miRNAs:
    input: dataframes/mirblood_metadata.csv, dataframes/filtered_mirblood_rpmm.csv
    output: plots/hsa-miR-139-3p_boxplot.svg
    jobid: 49
    reason: Missing output files: plots/hsa-miR-139-3p_boxplot.svg
    wildcards: mirna=hsa-miR-139-3p
    resources: tmpdir=/tmp
Select jobs to execute...
[Thu Dec 25 13:13:00 2025]
Finished jobid: 229 (Rule: visualize_tissue_specific_miRNAs)
157 of 298 steps (53%) done
Execute 1 jobs...
[Thu Dec 25 13:13:00 2025]
localrule visualize_tissue_specific_miRNAs:
    input: dataframes/mirblood_metadata.csv, dataframes/filtered_mirblood_rpmm.csv
    output: plots/hsa-miR-582-3p_boxplot.svg
    jobid: 251
    reason: Missing output files: plots/hsa-miR-582-3p_boxplot.svg
    wildcards: mirna=hsa-miR-582-3p
    resources: tmpdir=/tmp
Select jobs to execute...
[Thu Dec 25 13:13:01 2025]
Finished jobid: 49 (Rule: visualize_tissue_specific_miRNAs)
158 of 298 steps (53%) done
Execute 1 jobs...
[Thu Dec 25 13:13:01 2025]
localrule visualize_tissue_specific_miRNAs:
    input: dataframes/mirblood_metadata.csv, dataframes/filtered_mirblood_rpmm.csv
    output: plots/hsa-miR-18a-3p_boxplot.svg
    jobid: 79
    reason: Missing output files: plots/hsa-miR-18a-3p_boxplot.svg
    wildcards: mirna=hsa-miR-18a-3p
    resources: tmpdir=/tmp
Select jobs to execute...
[Thu Dec 25 13:13:01 2025]
Finished jobid: 251 (Rule: visualize_tissue_specific_miRNAs)
159 of 298 steps (53%) done
Execute 1 jobs...
[Thu Dec 25 13:13:01 2025]
localrule visualize_tissue_specific_miRNAs:
    input: dataframes/mirblood_metadata.csv, dataframes/filtered_mirblood_rpmm.csv
    output: plots/hsa-let-7g-3p_boxplot.svg
    jobid: 9
    reason: Missing output files: plots/hsa-let-7g-3p_boxplot.svg
    wildcards: mirna=hsa-let-7g-3p
    resources: tmpdir=/tmp
Select jobs to execute...
[Thu Dec 25 13:13:02 2025]
Finished jobid: 79 (Rule: visualize_tissue_specific_miRNAs)
160 of 298 steps (54%) done
Execute 1 jobs...
[Thu Dec 25 13:13:02 2025]
localrule visualize_tissue_specific_miRNAs:
    input: dataframes/mirblood_metadata.csv, dataframes/filtered_mirblood_rpmm.csv
    output: plots/hsa-miR-95-3p_boxplot.svg
    jobid: 298
    reason: Missing output files: plots/hsa-miR-95-3p_boxplot.svg
    wildcards: mirna=hsa-miR-95-3p
    resources: tmpdir=/tmp
Select jobs to execute...
[Thu Dec 25 13:13:03 2025]
Finished jobid: 9 (Rule: visualize_tissue_specific_miRNAs)
161 of 298 steps (54%) done
Execute 1 jobs...
[Thu Dec 25 13:13:03 2025]
localrule visualize_tissue_specific_miRNAs:
    input: dataframes/mirblood_metadata.csv, dataframes/filtered_mirblood_rpmm.csv
    output: plots/hsa-miR-4732-5p_boxplot.svg
    jobid: 203
    reason: Missing output files: plots/hsa-miR-4732-5p_boxplot.svg
    wildcards: mirna=hsa-miR-4732-5p
    resources: tmpdir=/tmp
Select jobs to execute...
[Thu Dec 25 13:13:03 2025]
Finished jobid: 298 (Rule: visualize_tissue_specific_miRNAs)
162 of 298 steps (54%) done
Execute 1 jobs...
[Thu Dec 25 13:13:03 2025]
localrule visualize_tissue_specific_miRNAs:
    input: dataframes/mirblood_metadata.csv, dataframes/filtered_mirblood_rpmm.csv
    output: plots/hsa-miR-484_boxplot.svg
    jobid: 210
    reason: Missing output files: plots/hsa-miR-484_boxplot.svg
    wildcards: mirna=hsa-miR-484
    resources: tmpdir=/tmp
Select jobs to execute...
[Thu Dec 25 13:13:04 2025]
Finished jobid: 203 (Rule: visualize_tissue_specific_miRNAs)
163 of 298 steps (55%) done
Execute 1 jobs...
[Thu Dec 25 13:13:04 2025]
localrule visualize_tissue_specific_miRNAs:
    input: dataframes/mirblood_metadata.csv, dataframes/filtered_mirblood_rpmm.csv
    output: plots/hsa-miR-548ap-5p_boxplot.svg
    jobid: 240
    reason: Missing output files: plots/hsa-miR-548ap-5p_boxplot.svg
    wildcards: mirna=hsa-miR-548ap-5p
    resources: tmpdir=/tmp
Select jobs to execute...
[Thu Dec 25 13:13:05 2025]
Finished jobid: 210 (Rule: visualize_tissue_specific_miRNAs)
164 of 298 steps (55%) done
Execute 1 jobs...
[Thu Dec 25 13:13:05 2025]
localrule visualize_tissue_specific_miRNAs:
    input: dataframes/mirblood_metadata.csv, dataframes/filtered_mirblood_rpmm.csv
    output: plots/hsa-let-7e-5p_boxplot.svg
    jobid: 7
    reason: Missing output files: plots/hsa-let-7e-5p_boxplot.svg
    wildcards: mirna=hsa-let-7e-5p
    resources: tmpdir=/tmp
Select jobs to execute...
[Thu Dec 25 13:13:05 2025]
Finished jobid: 240 (Rule: visualize_tissue_specific_miRNAs)
165 of 298 steps (55%) done
Execute 1 jobs...
[Thu Dec 25 13:13:05 2025]
localrule visualize_tissue_specific_miRNAs:
    input: dataframes/mirblood_metadata.csv, dataframes/filtered_mirblood_rpmm.csv
    output: plots/hsa-miR-193a-5p_boxplot.svg
    jobid: 82
    reason: Missing output files: plots/hsa-miR-193a-5p_boxplot.svg
    wildcards: mirna=hsa-miR-193a-5p
    resources: tmpdir=/tmp
Select jobs to execute...
[Thu Dec 25 13:13:06 2025]
Finished jobid: 7 (Rule: visualize_tissue_specific_miRNAs)
166 of 298 steps (56%) done
Execute 1 jobs...
[Thu Dec 25 13:13:06 2025]
localrule visualize_tissue_specific_miRNAs:
    input: dataframes/mirblood_metadata.csv, dataframes/filtered_mirblood_rpmm.csv
    output: plots/hsa-miR-6503-5p_boxplot.svg
    jobid: 262
    reason: Missing output files: plots/hsa-miR-6503-5p_boxplot.svg
    wildcards: mirna=hsa-miR-6503-5p
    resources: tmpdir=/tmp
Select jobs to execute...
[Thu Dec 25 13:13:06 2025]
Finished jobid: 82 (Rule: visualize_tissue_specific_miRNAs)
167 of 298 steps (56%) done
Execute 1 jobs...
[Thu Dec 25 13:13:06 2025]
localrule visualize_tissue_specific_miRNAs:
    input: dataframes/mirblood_metadata.csv, dataframes/filtered_mirblood_rpmm.csv
    output: plots/hsa-miR-153-3p_boxplot.svg
    jobid: 64
    reason: Missing output files: plots/hsa-miR-153-3p_boxplot.svg
    wildcards: mirna=hsa-miR-153-3p
    resources: tmpdir=/tmp
Select jobs to execute...
[Thu Dec 25 13:13:07 2025]
Finished jobid: 262 (Rule: visualize_tissue_specific_miRNAs)
168 of 298 steps (56%) done
Execute 1 jobs...
[Thu Dec 25 13:13:07 2025]
localrule visualize_tissue_specific_miRNAs:
    input: dataframes/mirblood_metadata.csv, dataframes/filtered_mirblood_rpmm.csv
    output: plots/hsa-miR-4685-3p_boxplot.svg
    jobid: 199
    reason: Missing output files: plots/hsa-miR-4685-3p_boxplot.svg
    wildcards: mirna=hsa-miR-4685-3p
    resources: tmpdir=/tmp
Select jobs to execute...
[Thu Dec 25 13:13:07 2025]
Finished jobid: 64 (Rule: visualize_tissue_specific_miRNAs)
169 of 298 steps (57%) done
Execute 1 jobs...
[Thu Dec 25 13:13:07 2025]
localrule visualize_tissue_specific_miRNAs:
    input: dataframes/mirblood_metadata.csv, dataframes/filtered_mirblood_rpmm.csv
    output: plots/hsa-miR-1275_boxplot.svg
    jobid: 34
    reason: Missing output files: plots/hsa-miR-1275_boxplot.svg
    wildcards: mirna=hsa-miR-1275
    resources: tmpdir=/tmp
Select jobs to execute...
[Thu Dec 25 13:13:08 2025]
Finished jobid: 199 (Rule: visualize_tissue_specific_miRNAs)
170 of 298 steps (57%) done
Execute 1 jobs...
[Thu Dec 25 13:13:08 2025]
localrule visualize_tissue_specific_miRNAs:
    input: dataframes/mirblood_metadata.csv, dataframes/filtered_mirblood_rpmm.csv
    output: plots/hsa-miR-486-5p_boxplot.svg
    jobid: 214
    reason: Missing output files: plots/hsa-miR-486-5p_boxplot.svg
    wildcards: mirna=hsa-miR-486-5p
    resources: tmpdir=/tmp
Select jobs to execute...
[Thu Dec 25 13:13:09 2025]
Finished jobid: 34 (Rule: visualize_tissue_specific_miRNAs)
171 of 298 steps (57%) done
Execute 1 jobs...
[Thu Dec 25 13:13:09 2025]
localrule visualize_tissue_specific_miRNAs:
    input: dataframes/mirblood_metadata.csv, dataframes/filtered_mirblood_rpmm.csv
    output: plots/hsa-miR-370-3p_boxplot.svg
    jobid: 158
    reason: Missing output files: plots/hsa-miR-370-3p_boxplot.svg
    wildcards: mirna=hsa-miR-370-3p
    resources: tmpdir=/tmp
Select jobs to execute...
[Thu Dec 25 13:13:09 2025]
Finished jobid: 214 (Rule: visualize_tissue_specific_miRNAs)
172 of 298 steps (58%) done
Execute 1 jobs...
[Thu Dec 25 13:13:09 2025]
localrule visualize_tissue_specific_miRNAs:
    input: dataframes/mirblood_metadata.csv, dataframes/filtered_mirblood_rpmm.csv
    output: plots/hsa-let-7f-1-3p_boxplot.svg
    jobid: 8
    reason: Missing output files: plots/hsa-let-7f-1-3p_boxplot.svg
    wildcards: mirna=hsa-let-7f-1-3p
    resources: tmpdir=/tmp
Select jobs to execute...
[Thu Dec 25 13:13:10 2025]
Finished jobid: 158 (Rule: visualize_tissue_specific_miRNAs)
173 of 298 steps (58%) done
Execute 1 jobs...
[Thu Dec 25 13:13:10 2025]
localrule visualize_tissue_specific_miRNAs:
    input: dataframes/mirblood_metadata.csv, dataframes/filtered_mirblood_rpmm.csv
    output: plots/hsa-miR-122-5p_boxplot.svg
    jobid: 23
    reason: Missing output files: plots/hsa-miR-122-5p_boxplot.svg
    wildcards: mirna=hsa-miR-122-5p
    resources: tmpdir=/tmp
Select jobs to execute...
[Thu Dec 25 13:13:11 2025]
Finished jobid: 8 (Rule: visualize_tissue_specific_miRNAs)
174 of 298 steps (58%) done
Execute 1 jobs...
[Thu Dec 25 13:13:11 2025]
localrule visualize_tissue_specific_miRNAs:
    input: dataframes/mirblood_metadata.csv, dataframes/filtered_mirblood_rpmm.csv
    output: plots/hsa-miR-21-3p_boxplot.svg
    jobid: 98
    reason: Missing output files: plots/hsa-miR-21-3p_boxplot.svg
    wildcards: mirna=hsa-miR-21-3p
    resources: tmpdir=/tmp
Select jobs to execute...
[Thu Dec 25 13:13:11 2025]
Finished jobid: 23 (Rule: visualize_tissue_specific_miRNAs)
175 of 298 steps (59%) done
Execute 1 jobs...
[Thu Dec 25 13:13:11 2025]
localrule visualize_tissue_specific_miRNAs:
    input: dataframes/mirblood_metadata.csv, dataframes/filtered_mirblood_rpmm.csv
    output: plots/hsa-miR-338-5p_boxplot.svg
    jobid: 143
    reason: Missing output files: plots/hsa-miR-338-5p_boxplot.svg
    wildcards: mirna=hsa-miR-338-5p
    resources: tmpdir=/tmp
Select jobs to execute...
[Thu Dec 25 13:13:12 2025]
Finished jobid: 98 (Rule: visualize_tissue_specific_miRNAs)
176 of 298 steps (59%) done
Execute 1 jobs...
[Thu Dec 25 13:13:12 2025]
localrule visualize_tissue_specific_miRNAs:
    input: dataframes/mirblood_metadata.csv, dataframes/filtered_mirblood_rpmm.csv
    output: plots/hsa-miR-92a-1-5p_boxplot.svg
    jobid: 293
    reason: Missing output files: plots/hsa-miR-92a-1-5p_boxplot.svg
    wildcards: mirna=hsa-miR-92a-1-5p
    resources: tmpdir=/tmp
Select jobs to execute...
[Thu Dec 25 13:13:12 2025]
Finished jobid: 143 (Rule: visualize_tissue_specific_miRNAs)
177 of 298 steps (59%) done
Execute 1 jobs...
[Thu Dec 25 13:13:12 2025]
localrule visualize_tissue_specific_miRNAs:
    input: dataframes/mirblood_metadata.csv, dataframes/filtered_mirblood_rpmm.csv
    output: plots/hsa-miR-500a-5p_boxplot.svg
    jobid: 221
    reason: Missing output files: plots/hsa-miR-500a-5p_boxplot.svg
    wildcards: mirna=hsa-miR-500a-5p
    resources: tmpdir=/tmp
Select jobs to execute...
[Thu Dec 25 13:13:13 2025]
Finished jobid: 293 (Rule: visualize_tissue_specific_miRNAs)
178 of 298 steps (60%) done
Execute 1 jobs...
[Thu Dec 25 13:13:13 2025]
localrule visualize_tissue_specific_miRNAs:
    input: dataframes/mirblood_metadata.csv, dataframes/filtered_mirblood_rpmm.csv
    output: plots/hsa-miR-6511b-3p_boxplot.svg
    jobid: 263
    reason: Missing output files: plots/hsa-miR-6511b-3p_boxplot.svg
    wildcards: mirna=hsa-miR-6511b-3p
    resources: tmpdir=/tmp
Select jobs to execute...
[Thu Dec 25 13:13:13 2025]
Finished jobid: 221 (Rule: visualize_tissue_specific_miRNAs)
179 of 298 steps (60%) done
Execute 1 jobs...
[Thu Dec 25 13:13:13 2025]
localrule visualize_tissue_specific_miRNAs:
    input: dataframes/mirblood_metadata.csv, dataframes/filtered_mirblood_rpmm.csv
    output: plots/hsa-miR-514a-3p_boxplot.svg
    jobid: 233
    reason: Missing output files: plots/hsa-miR-514a-3p_boxplot.svg
    wildcards: mirna=hsa-miR-514a-3p
    resources: tmpdir=/tmp
Select jobs to execute...
[Thu Dec 25 13:13:14 2025]
Finished jobid: 263 (Rule: visualize_tissue_specific_miRNAs)
180 of 298 steps (60%) done
Execute 1 jobs...
[Thu Dec 25 13:13:14 2025]
localrule visualize_tissue_specific_miRNAs:
    input: dataframes/mirblood_metadata.csv, dataframes/filtered_mirblood_rpmm.csv
    output: plots/hsa-miR-411-5p_boxplot.svg
    jobid: 173
    reason: Missing output files: plots/hsa-miR-411-5p_boxplot.svg
    wildcards: mirna=hsa-miR-411-5p
    resources: tmpdir=/tmp
Select jobs to execute...
[Thu Dec 25 13:13:15 2025]
Finished jobid: 233 (Rule: visualize_tissue_specific_miRNAs)
181 of 298 steps (61%) done
Execute 1 jobs...
[Thu Dec 25 13:13:15 2025]
localrule visualize_tissue_specific_miRNAs:
    input: dataframes/mirblood_metadata.csv, dataframes/filtered_mirblood_rpmm.csv
    output: plots/hsa-miR-6734-5p_boxplot.svg
    jobid: 271
    reason: Missing output files: plots/hsa-miR-6734-5p_boxplot.svg
    wildcards: mirna=hsa-miR-6734-5p
    resources: tmpdir=/tmp
Select jobs to execute...
[Thu Dec 25 13:13:15 2025]
Finished jobid: 173 (Rule: visualize_tissue_specific_miRNAs)
182 of 298 steps (61%) done
Execute 1 jobs...
[Thu Dec 25 13:13:15 2025]
localrule visualize_tissue_specific_miRNAs:
    input: dataframes/mirblood_metadata.csv, dataframes/filtered_mirblood_rpmm.csv
    output: plots/hsa-miR-542-3p_boxplot.svg
    jobid: 237
    reason: Missing output files: plots/hsa-miR-542-3p_boxplot.svg
    wildcards: mirna=hsa-miR-542-3p
    resources: tmpdir=/tmp
Select jobs to execute...
[Thu Dec 25 13:13:16 2025]
Finished jobid: 271 (Rule: visualize_tissue_specific_miRNAs)
183 of 298 steps (61%) done
Execute 1 jobs...
[Thu Dec 25 13:13:16 2025]
localrule visualize_tissue_specific_miRNAs:
    input: dataframes/mirblood_metadata.csv, dataframes/filtered_mirblood_rpmm.csv
    output: plots/hsa-miR-432-5p_boxplot.svg
    jobid: 177
    reason: Missing output files: plots/hsa-miR-432-5p_boxplot.svg
    wildcards: mirna=hsa-miR-432-5p
    resources: tmpdir=/tmp
Select jobs to execute...
[Thu Dec 25 13:13:17 2025]
Finished jobid: 237 (Rule: visualize_tissue_specific_miRNAs)
184 of 298 steps (62%) done
Execute 1 jobs...
[Thu Dec 25 13:13:17 2025]
localrule visualize_tissue_specific_miRNAs:
    input: dataframes/mirblood_metadata.csv, dataframes/filtered_mirblood_rpmm.csv
    output: plots/hsa-miR-196a-1-3p_boxplot.svg
    jobid: 87
    reason: Missing output files: plots/hsa-miR-196a-1-3p_boxplot.svg
    wildcards: mirna=hsa-miR-196a-1-3p
    resources: tmpdir=/tmp
Select jobs to execute...
[Thu Dec 25 13:13:17 2025]
Finished jobid: 177 (Rule: visualize_tissue_specific_miRNAs)
185 of 298 steps (62%) done
Execute 1 jobs...
[Thu Dec 25 13:13:17 2025]
localrule visualize_tissue_specific_miRNAs:
    input: dataframes/mirblood_metadata.csv, dataframes/filtered_mirblood_rpmm.csv
    output: plots/hsa-miR-2116-3p_boxplot.svg
    jobid: 102
    reason: Missing output files: plots/hsa-miR-2116-3p_boxplot.svg
    wildcards: mirna=hsa-miR-2116-3p
    resources: tmpdir=/tmp
Select jobs to execute...
[Thu Dec 25 13:13:18 2025]
Finished jobid: 87 (Rule: visualize_tissue_specific_miRNAs)
186 of 298 steps (62%) done
Execute 1 jobs...
[Thu Dec 25 13:13:18 2025]
localrule visualize_tissue_specific_miRNAs:
    input: dataframes/mirblood_metadata.csv, dataframes/filtered_mirblood_rpmm.csv
    output: plots/hsa-miR-34c-5p_boxplot.svg
    jobid: 147
    reason: Missing output files: plots/hsa-miR-34c-5p_boxplot.svg
    wildcards: mirna=hsa-miR-34c-5p
    resources: tmpdir=/tmp
Select jobs to execute...
[Thu Dec 25 13:13:18 2025]
Finished jobid: 102 (Rule: visualize_tissue_specific_miRNAs)
187 of 298 steps (63%) done
Execute 1 jobs...
[Thu Dec 25 13:13:18 2025]
localrule visualize_tissue_specific_miRNAs:
    input: dataframes/mirblood_metadata.csv, dataframes/filtered_mirblood_rpmm.csv
    output: plots/hsa-miR-10398-3p_boxplot.svg
    jobid: 12
    reason: Missing output files: plots/hsa-miR-10398-3p_boxplot.svg
    wildcards: mirna=hsa-miR-10398-3p
    resources: tmpdir=/tmp
Select jobs to execute...
[Thu Dec 25 13:13:19 2025]
Finished jobid: 147 (Rule: visualize_tissue_specific_miRNAs)
188 of 298 steps (63%) done
Execute 1 jobs...
[Thu Dec 25 13:13:19 2025]
localrule visualize_tissue_specific_miRNAs:
    input: dataframes/mirblood_metadata.csv, dataframes/filtered_mirblood_rpmm.csv
    output: plots/hsa-miR-4799-5p_boxplot.svg
    jobid: 207
    reason: Missing output files: plots/hsa-miR-4799-5p_boxplot.svg
    wildcards: mirna=hsa-miR-4799-5p
    resources: tmpdir=/tmp
Select jobs to execute...
[Thu Dec 25 13:13:20 2025]
Finished jobid: 12 (Rule: visualize_tissue_specific_miRNAs)
189 of 298 steps (63%) done
Execute 1 jobs...
[Thu Dec 25 13:13:20 2025]
localrule visualize_tissue_specific_miRNAs:
    input: dataframes/mirblood_metadata.csv, dataframes/filtered_mirblood_rpmm.csv
    output: plots/hsa-miR-500b-3p_boxplot.svg
    jobid: 222
    reason: Missing output files: plots/hsa-miR-500b-3p_boxplot.svg
    wildcards: mirna=hsa-miR-500b-3p
    resources: tmpdir=/tmp
Select jobs to execute...
[Thu Dec 25 13:13:20 2025]
Finished jobid: 207 (Rule: visualize_tissue_specific_miRNAs)
190 of 298 steps (64%) done
Execute 1 jobs...
[Thu Dec 25 13:13:20 2025]
localrule visualize_tissue_specific_miRNAs:
    input: dataframes/mirblood_metadata.csv, dataframes/filtered_mirblood_rpmm.csv
    output: plots/hsa-miR-582-5p_boxplot.svg
    jobid: 252
    reason: Missing output files: plots/hsa-miR-582-5p_boxplot.svg
    wildcards: mirna=hsa-miR-582-5p
    resources: tmpdir=/tmp
Select jobs to execute...
[Thu Dec 25 13:13:21 2025]
Finished jobid: 222 (Rule: visualize_tissue_specific_miRNAs)
191 of 298 steps (64%) done
Execute 1 jobs...
[Thu Dec 25 13:13:21 2025]
localrule visualize_tissue_specific_miRNAs:
    input: dataframes/mirblood_metadata.csv, dataframes/filtered_mirblood_rpmm.csv
    output: plots/hsa-miR-100-5p_boxplot.svg
    jobid: 11
    reason: Missing output files: plots/hsa-miR-100-5p_boxplot.svg
    wildcards: mirna=hsa-miR-100-5p
    resources: tmpdir=/tmp
Select jobs to execute...
[Thu Dec 25 13:13:22 2025]
Finished jobid: 252 (Rule: visualize_tissue_specific_miRNAs)
192 of 298 steps (64%) done
Execute 1 jobs...
[Thu Dec 25 13:13:22 2025]
localrule visualize_tissue_specific_miRNAs:
    input: dataframes/mirblood_metadata.csv, dataframes/filtered_mirblood_rpmm.csv
    output: plots/hsa-miR-345-5p_boxplot.svg
    jobid: 146
    reason: Missing output files: plots/hsa-miR-345-5p_boxplot.svg
    wildcards: mirna=hsa-miR-345-5p
    resources: tmpdir=/tmp
Select jobs to execute...
[Thu Dec 25 13:13:22 2025]
Finished jobid: 11 (Rule: visualize_tissue_specific_miRNAs)
193 of 298 steps (65%) done
Execute 1 jobs...
[Thu Dec 25 13:13:22 2025]
localrule visualize_tissue_specific_miRNAs:
    input: dataframes/mirblood_metadata.csv, dataframes/filtered_mirblood_rpmm.csv
    output: plots/hsa-miR-10a-3p_boxplot.svg
    jobid: 16
    reason: Missing output files: plots/hsa-miR-10a-3p_boxplot.svg
    wildcards: mirna=hsa-miR-10a-3p
    resources: tmpdir=/tmp
Select jobs to execute...
[Thu Dec 25 13:13:23 2025]
Finished jobid: 146 (Rule: visualize_tissue_specific_miRNAs)
194 of 298 steps (65%) done
Execute 1 jobs...
[Thu Dec 25 13:13:23 2025]
localrule visualize_tissue_specific_miRNAs:
    input: dataframes/mirblood_metadata.csv, dataframes/filtered_mirblood_rpmm.csv
    output: plots/hsa-miR-3116_boxplot.svg
    jobid: 121
    reason: Missing output files: plots/hsa-miR-3116_boxplot.svg
    wildcards: mirna=hsa-miR-3116
    resources: tmpdir=/tmp
Select jobs to execute...
[Thu Dec 25 13:13:23 2025]
Finished jobid: 16 (Rule: visualize_tissue_specific_miRNAs)
195 of 298 steps (65%) done
Execute 1 jobs...
[Thu Dec 25 13:13:23 2025]
localrule visualize_tissue_specific_miRNAs:
    input: dataframes/mirblood_metadata.csv, dataframes/filtered_mirblood_rpmm.csv
    output: plots/hsa-miR-218-5p_boxplot.svg
    jobid: 106
    reason: Missing output files: plots/hsa-miR-218-5p_boxplot.svg
    wildcards: mirna=hsa-miR-218-5p
    resources: tmpdir=/tmp
Select jobs to execute...
[Thu Dec 25 13:13:24 2025]
Finished jobid: 121 (Rule: visualize_tissue_specific_miRNAs)
196 of 298 steps (66%) done
Execute 1 jobs...
[Thu Dec 25 13:13:24 2025]
localrule visualize_tissue_specific_miRNAs:
    input: dataframes/mirblood_metadata.csv, dataframes/filtered_mirblood_rpmm.csv
    output: plots/hsa-miR-451a_boxplot.svg
    jobid: 196
    reason: Missing output files: plots/hsa-miR-451a_boxplot.svg
    wildcards: mirna=hsa-miR-451a
    resources: tmpdir=/tmp
Select jobs to execute...
[Thu Dec 25 13:13:24 2025]
Finished jobid: 106 (Rule: visualize_tissue_specific_miRNAs)
197 of 298 steps (66%) done
Execute 1 jobs...
[Thu Dec 25 13:13:24 2025]
localrule visualize_tissue_specific_miRNAs:
    input: dataframes/mirblood_metadata.csv, dataframes/filtered_mirblood_rpmm.csv
    output: plots/hsa-miR-9983-3p_boxplot.svg
    jobid: 301
    reason: Missing output files: plots/hsa-miR-9983-3p_boxplot.svg
    wildcards: mirna=hsa-miR-9983-3p
    resources: tmpdir=/tmp
Select jobs to execute...
[Thu Dec 25 13:13:25 2025]
Finished jobid: 196 (Rule: visualize_tissue_specific_miRNAs)
198 of 298 steps (66%) done
Execute 1 jobs...
[Thu Dec 25 13:13:25 2025]
localrule visualize_tissue_specific_miRNAs:
    input: dataframes/mirblood_metadata.csv, dataframes/filtered_mirblood_rpmm.csv
    output: plots/hsa-miR-1261_boxplot.svg
    jobid: 31
    reason: Missing output files: plots/hsa-miR-1261_boxplot.svg
    wildcards: mirna=hsa-miR-1261
    resources: tmpdir=/tmp
Select jobs to execute...
[Thu Dec 25 13:13:26 2025]
Finished jobid: 301 (Rule: visualize_tissue_specific_miRNAs)
199 of 298 steps (67%) done
Execute 1 jobs...
[Thu Dec 25 13:13:26 2025]
localrule visualize_tissue_specific_miRNAs:
    input: dataframes/mirblood_metadata.csv, dataframes/filtered_mirblood_rpmm.csv
    output: plots/hsa-miR-136-3p_boxplot.svg
    jobid: 46
    reason: Missing output files: plots/hsa-miR-136-3p_boxplot.svg
    wildcards: mirna=hsa-miR-136-3p
    resources: tmpdir=/tmp
Select jobs to execute...
[Thu Dec 25 13:13:26 2025]
Finished jobid: 31 (Rule: visualize_tissue_specific_miRNAs)
200 of 298 steps (67%) done
Execute 1 jobs...
[Thu Dec 25 13:13:26 2025]
localrule visualize_tissue_specific_miRNAs:
    input: dataframes/mirblood_metadata.csv, dataframes/filtered_mirblood_rpmm.csv
    output: plots/hsa-miR-7850-5p_boxplot.svg
    jobid: 286
    reason: Missing output files: plots/hsa-miR-7850-5p_boxplot.svg
    wildcards: mirna=hsa-miR-7850-5p
    resources: tmpdir=/tmp
Select jobs to execute...
[Thu Dec 25 13:13:27 2025]
Finished jobid: 46 (Rule: visualize_tissue_specific_miRNAs)
201 of 298 steps (67%) done
Execute 1 jobs...
[Thu Dec 25 13:13:27 2025]
localrule visualize_tissue_specific_miRNAs:
    input: dataframes/mirblood_metadata.csv, dataframes/filtered_mirblood_rpmm.csv
    output: plots/hsa-miR-497-5p_boxplot.svg
    jobid: 219
    reason: Missing output files: plots/hsa-miR-497-5p_boxplot.svg
    wildcards: mirna=hsa-miR-497-5p
    resources: tmpdir=/tmp
Select jobs to execute...
[Thu Dec 25 13:13:28 2025]
Finished jobid: 286 (Rule: visualize_tissue_specific_miRNAs)
202 of 298 steps (68%) done
Execute 1 jobs...
[Thu Dec 25 13:13:28 2025]
localrule visualize_tissue_specific_miRNAs:
    input: dataframes/mirblood_metadata.csv, dataframes/filtered_mirblood_rpmm.csv
    output: plots/hsa-miR-363-3p_boxplot.svg
    jobid: 151
    reason: Missing output files: plots/hsa-miR-363-3p_boxplot.svg
    wildcards: mirna=hsa-miR-363-3p
    resources: tmpdir=/tmp
Select jobs to execute...
[Thu Dec 25 13:13:28 2025]
Finished jobid: 219 (Rule: visualize_tissue_specific_miRNAs)
203 of 298 steps (68%) done
Execute 1 jobs...
[Thu Dec 25 13:13:28 2025]
localrule visualize_tissue_specific_miRNAs:
    input: dataframes/mirblood_metadata.csv, dataframes/filtered_mirblood_rpmm.csv
    output: plots/hsa-miR-485-3p_boxplot.svg
    jobid: 211
    reason: Missing output files: plots/hsa-miR-485-3p_boxplot.svg
    wildcards: mirna=hsa-miR-485-3p
    resources: tmpdir=/tmp
Select jobs to execute...
[Thu Dec 25 13:13:29 2025]
Finished jobid: 151 (Rule: visualize_tissue_specific_miRNAs)
204 of 298 steps (68%) done
Execute 1 jobs...
[Thu Dec 25 13:13:29 2025]
localrule visualize_tissue_specific_miRNAs:
    input: dataframes/mirblood_metadata.csv, dataframes/filtered_mirblood_rpmm.csv
    output: plots/hsa-miR-379-5p_boxplot.svg
    jobid: 166
    reason: Missing output files: plots/hsa-miR-379-5p_boxplot.svg
    wildcards: mirna=hsa-miR-379-5p
    resources: tmpdir=/tmp
Select jobs to execute...
[Thu Dec 25 13:13:29 2025]
Finished jobid: 211 (Rule: visualize_tissue_specific_miRNAs)
205 of 298 steps (69%) done
Execute 1 jobs...
[Thu Dec 25 13:13:29 2025]
localrule visualize_tissue_specific_miRNAs:
    input: dataframes/mirblood_metadata.csv, dataframes/filtered_mirblood_rpmm.csv
    output: plots/hsa-miR-320e_boxplot.svg
    jobid: 136
    reason: Missing output files: plots/hsa-miR-320e_boxplot.svg
    wildcards: mirna=hsa-miR-320e
    resources: tmpdir=/tmp
Select jobs to execute...
[Thu Dec 25 13:13:30 2025]
Finished jobid: 166 (Rule: visualize_tissue_specific_miRNAs)
206 of 298 steps (69%) done
Execute 1 jobs...
[Thu Dec 25 13:13:30 2025]
localrule visualize_tissue_specific_miRNAs:
    input: dataframes/mirblood_metadata.csv, dataframes/filtered_mirblood_rpmm.csv
    output: plots/hsa-miR-542-5p_boxplot.svg
    jobid: 238
    reason: Missing output files: plots/hsa-miR-542-5p_boxplot.svg
    wildcards: mirna=hsa-miR-542-5p
    resources: tmpdir=/tmp
Select jobs to execute...
[Thu Dec 25 13:13:30 2025]
Finished jobid: 136 (Rule: visualize_tissue_specific_miRNAs)
207 of 298 steps (69%) done
Execute 1 jobs...
[Thu Dec 25 13:13:30 2025]
localrule visualize_tissue_specific_miRNAs:
    input: dataframes/mirblood_metadata.csv, dataframes/filtered_mirblood_rpmm.csv
    output: plots/hsa-miR-450a-1-3p_boxplot.svg
    jobid: 191
    reason: Missing output files: plots/hsa-miR-450a-1-3p_boxplot.svg
    wildcards: mirna=hsa-miR-450a-1-3p
    resources: tmpdir=/tmp
Select jobs to execute...
[Thu Dec 25 13:13:31 2025]
Finished jobid: 238 (Rule: visualize_tissue_specific_miRNAs)
208 of 298 steps (70%) done
Execute 1 jobs...
[Thu Dec 25 13:13:31 2025]
localrule visualize_tissue_specific_miRNAs:
    input: dataframes/mirblood_metadata.csv, dataframes/filtered_mirblood_rpmm.csv
    output: plots/hsa-miR-1303_boxplot.svg
    jobid: 41
    reason: Missing output files: plots/hsa-miR-1303_boxplot.svg
    wildcards: mirna=hsa-miR-1303
    resources: tmpdir=/tmp
Select jobs to execute...
[Thu Dec 25 13:13:32 2025]
Finished jobid: 191 (Rule: visualize_tissue_specific_miRNAs)
209 of 298 steps (70%) done
Execute 1 jobs...
[Thu Dec 25 13:13:32 2025]
localrule visualize_tissue_specific_miRNAs:
    input: dataframes/mirblood_metadata.csv, dataframes/filtered_mirblood_rpmm.csv
    output: plots/hsa-miR-145-5p_boxplot.svg
    jobid: 56
    reason: Missing output files: plots/hsa-miR-145-5p_boxplot.svg
    wildcards: mirna=hsa-miR-145-5p
    resources: tmpdir=/tmp
Select jobs to execute...
[Thu Dec 25 13:13:32 2025]
Finished jobid: 41 (Rule: visualize_tissue_specific_miRNAs)
210 of 298 steps (70%) done
Execute 1 jobs...
[Thu Dec 25 13:13:32 2025]
localrule visualize_tissue_specific_miRNAs:
    input: dataframes/mirblood_metadata.csv, dataframes/filtered_mirblood_rpmm.csv
    output: plots/hsa-miR-181b-3p_boxplot.svg
    jobid: 71
    reason: Missing output files: plots/hsa-miR-181b-3p_boxplot.svg
    wildcards: mirna=hsa-miR-181b-3p
    resources: tmpdir=/tmp
Select jobs to execute...
[Thu Dec 25 13:13:33 2025]
Finished jobid: 56 (Rule: visualize_tissue_specific_miRNAs)
211 of 298 steps (71%) done
Execute 1 jobs...
[Thu Dec 25 13:13:33 2025]
localrule visualize_tissue_specific_miRNAs:
    input: dataframes/mirblood_metadata.csv, dataframes/filtered_mirblood_rpmm.csv
    output: plots/hsa-miR-195-5p_boxplot.svg
    jobid: 86
    reason: Missing output files: plots/hsa-miR-195-5p_boxplot.svg
    wildcards: mirna=hsa-miR-195-5p
    resources: tmpdir=/tmp
Select jobs to execute...
[Thu Dec 25 13:13:34 2025]
Finished jobid: 71 (Rule: visualize_tissue_specific_miRNAs)
212 of 298 steps (71%) done
Execute 1 jobs...
[Thu Dec 25 13:13:34 2025]
localrule visualize_tissue_specific_miRNAs:
    input: dataframes/mirblood_metadata.csv, dataframes/filtered_mirblood_rpmm.csv
    output: plots/hsa-miR-331-5p_boxplot.svg
    jobid: 140
    reason: Missing output files: plots/hsa-miR-331-5p_boxplot.svg
    wildcards: mirna=hsa-miR-331-5p
    resources: tmpdir=/tmp
Select jobs to execute...
[Thu Dec 25 13:13:34 2025]
Finished jobid: 86 (Rule: visualize_tissue_specific_miRNAs)
213 of 298 steps (71%) done
Execute 1 jobs...
[Thu Dec 25 13:13:34 2025]
localrule visualize_tissue_specific_miRNAs:
    input: dataframes/mirblood_metadata.csv, dataframes/filtered_mirblood_rpmm.csv
    output: plots/hsa-miR-371b-5p_boxplot.svg
    jobid: 159
    reason: Missing output files: plots/hsa-miR-371b-5p_boxplot.svg
    wildcards: mirna=hsa-miR-371b-5p
    resources: tmpdir=/tmp
Select jobs to execute...
[Thu Dec 25 13:13:35 2025]
Finished jobid: 140 (Rule: visualize_tissue_specific_miRNAs)
214 of 298 steps (72%) done
Execute 1 jobs...
[Thu Dec 25 13:13:35 2025]
localrule visualize_tissue_specific_miRNAs:
    input: dataframes/mirblood_metadata.csv, dataframes/filtered_mirblood_rpmm.csv
    output: plots/hsa-miR-369-3p_boxplot.svg
    jobid: 155
    reason: Missing output files: plots/hsa-miR-369-3p_boxplot.svg
    wildcards: mirna=hsa-miR-369-3p
    resources: tmpdir=/tmp
Select jobs to execute...
[Thu Dec 25 13:13:35 2025]
Finished jobid: 159 (Rule: visualize_tissue_specific_miRNAs)
215 of 298 steps (72%) done
Execute 1 jobs...
[Thu Dec 25 13:13:35 2025]
localrule visualize_tissue_specific_miRNAs:
    input: dataframes/mirblood_metadata.csv, dataframes/filtered_mirblood_rpmm.csv
    output: plots/hsa-miR-3158-3p_boxplot.svg
    jobid: 125
    reason: Missing output files: plots/hsa-miR-3158-3p_boxplot.svg
    wildcards: mirna=hsa-miR-3158-3p
    resources: tmpdir=/tmp
Select jobs to execute...
[Thu Dec 25 13:13:36 2025]
Finished jobid: 155 (Rule: visualize_tissue_specific_miRNAs)
216 of 298 steps (72%) done
Execute 1 jobs...
[Thu Dec 25 13:13:36 2025]
localrule visualize_tissue_specific_miRNAs:
    input: dataframes/mirblood_metadata.csv, dataframes/filtered_mirblood_rpmm.csv
    output: plots/hsa-miR-487b-3p_boxplot.svg
    jobid: 215
    reason: Missing output files: plots/hsa-miR-487b-3p_boxplot.svg
    wildcards: mirna=hsa-miR-487b-3p
    resources: tmpdir=/tmp
Select jobs to execute...
[Thu Dec 25 13:13:36 2025]
Finished jobid: 125 (Rule: visualize_tissue_specific_miRNAs)
217 of 298 steps (73%) done
Execute 1 jobs...
[Thu Dec 25 13:13:36 2025]
localrule visualize_tissue_specific_miRNAs:
    input: dataframes/mirblood_metadata.csv, dataframes/filtered_mirblood_rpmm.csv
    output: plots/hsa-miR-876-5p_boxplot.svg
    jobid: 290
    reason: Missing output files: plots/hsa-miR-876-5p_boxplot.svg
    wildcards: mirna=hsa-miR-876-5p
    resources: tmpdir=/tmp
Select jobs to execute...
[Thu Dec 25 13:13:37 2025]
Finished jobid: 215 (Rule: visualize_tissue_specific_miRNAs)
218 of 298 steps (73%) done
Execute 1 jobs...
[Thu Dec 25 13:13:37 2025]
localrule visualize_tissue_specific_miRNAs:
    input: dataframes/mirblood_metadata.csv, dataframes/filtered_mirblood_rpmm.csv
    output: plots/hsa-miR-4476_boxplot.svg
    jobid: 185
    reason: Missing output files: plots/hsa-miR-4476_boxplot.svg
    wildcards: mirna=hsa-miR-4476
    resources: tmpdir=/tmp
Select jobs to execute...
[Thu Dec 25 13:13:38 2025]
Finished jobid: 290 (Rule: visualize_tissue_specific_miRNAs)
219 of 298 steps (73%) done
Execute 1 jobs...
[Thu Dec 25 13:13:38 2025]
localrule visualize_tissue_specific_miRNAs:
    input: dataframes/mirblood_metadata.csv, dataframes/filtered_mirblood_rpmm.csv
    output: plots/hsa-miR-11401_boxplot.svg
    jobid: 20
    reason: Missing output files: plots/hsa-miR-11401_boxplot.svg
    wildcards: mirna=hsa-miR-11401
    resources: tmpdir=/tmp
Select jobs to execute...
[Thu Dec 25 13:13:38 2025]
Finished jobid: 185 (Rule: visualize_tissue_specific_miRNAs)
220 of 298 steps (74%) done
Execute 1 jobs...
[Thu Dec 25 13:13:38 2025]
localrule visualize_tissue_specific_miRNAs:
    input: dataframes/mirblood_metadata.csv, dataframes/filtered_mirblood_rpmm.csv
    output: plots/hsa-miR-133a-3p_boxplot.svg
    jobid: 43
    reason: Missing output files: plots/hsa-miR-133a-3p_boxplot.svg
    wildcards: mirna=hsa-miR-133a-3p
    resources: tmpdir=/tmp
Select jobs to execute...
[Thu Dec 25 13:13:39 2025]
Finished jobid: 20 (Rule: visualize_tissue_specific_miRNAs)
221 of 298 steps (74%) done
Execute 1 jobs...
[Thu Dec 25 13:13:39 2025]
localrule visualize_tissue_specific_miRNAs:
    input: dataframes/mirblood_metadata.csv, dataframes/filtered_mirblood_rpmm.csv
    output: plots/hsa-miR-3200-3p_boxplot.svg
    jobid: 133
    reason: Missing output files: plots/hsa-miR-3200-3p_boxplot.svg
    wildcards: mirna=hsa-miR-3200-3p
    resources: tmpdir=/tmp
Select jobs to execute...
[Thu Dec 25 13:13:39 2025]
Finished jobid: 43 (Rule: visualize_tissue_specific_miRNAs)
222 of 298 steps (74%) done
Execute 1 jobs...
[Thu Dec 25 13:13:40 2025]
localrule visualize_tissue_specific_miRNAs:
    input: dataframes/mirblood_metadata.csv, dataframes/filtered_mirblood_rpmm.csv
    output: plots/hsa-miR-2116-5p_boxplot.svg
    jobid: 103
    reason: Missing output files: plots/hsa-miR-2116-5p_boxplot.svg
    wildcards: mirna=hsa-miR-2116-5p
    resources: tmpdir=/tmp
Select jobs to execute...
[Thu Dec 25 13:13:40 2025]
Finished jobid: 133 (Rule: visualize_tissue_specific_miRNAs)
223 of 298 steps (75%) done
Execute 1 jobs...
[Thu Dec 25 13:13:40 2025]
localrule visualize_tissue_specific_miRNAs:
    input: dataframes/mirblood_metadata.csv, dataframes/filtered_mirblood_rpmm.csv
    output: plots/hsa-miR-182-5p_boxplot.svg
    jobid: 73
    reason: Missing output files: plots/hsa-miR-182-5p_boxplot.svg
    wildcards: mirna=hsa-miR-182-5p
    resources: tmpdir=/tmp
Select jobs to execute...
[Thu Dec 25 13:13:41 2025]
Finished jobid: 103 (Rule: visualize_tissue_specific_miRNAs)
224 of 298 steps (75%) done
Execute 1 jobs...
[Thu Dec 25 13:13:41 2025]
localrule visualize_tissue_specific_miRNAs:
    input: dataframes/mirblood_metadata.csv, dataframes/filtered_mirblood_rpmm.csv
    output: plots/hsa-miR-1255b-5p_boxplot.svg
    jobid: 28
    reason: Missing output files: plots/hsa-miR-1255b-5p_boxplot.svg
    wildcards: mirna=hsa-miR-1255b-5p
    resources: tmpdir=/tmp
Select jobs to execute...
[Thu Dec 25 13:13:41 2025]
Finished jobid: 73 (Rule: visualize_tissue_specific_miRNAs)
225 of 298 steps (76%) done
Execute 1 jobs...
[Thu Dec 25 13:13:41 2025]
localrule visualize_tissue_specific_miRNAs:
    input: dataframes/mirblood_metadata.csv, dataframes/filtered_mirblood_rpmm.csv
    output: plots/hsa-miR-3614-5p_boxplot.svg
    jobid: 148
    reason: Missing output files: plots/hsa-miR-3614-5p_boxplot.svg
    wildcards: mirna=hsa-miR-3614-5p
    resources: tmpdir=/tmp
Select jobs to execute...
[Thu Dec 25 13:13:42 2025]
Finished jobid: 28 (Rule: visualize_tissue_specific_miRNAs)
226 of 298 steps (76%) done
Execute 1 jobs...
[Thu Dec 25 13:13:42 2025]
localrule visualize_tissue_specific_miRNAs:
    input: dataframes/mirblood_metadata.csv, dataframes/filtered_mirblood_rpmm.csv
    output: plots/hsa-miR-378a-3p_boxplot.svg
    jobid: 163
    reason: Missing output files: plots/hsa-miR-378a-3p_boxplot.svg
    wildcards: mirna=hsa-miR-378a-3p
    resources: tmpdir=/tmp
Select jobs to execute...
[Thu Dec 25 13:13:42 2025]
Finished jobid: 148 (Rule: visualize_tissue_specific_miRNAs)
227 of 298 steps (76%) done
Execute 1 jobs...
[Thu Dec 25 13:13:42 2025]
localrule visualize_tissue_specific_miRNAs:
    input: dataframes/mirblood_metadata.csv, dataframes/filtered_mirblood_rpmm.csv
    output: plots/hsa-miR-450a-5p_boxplot.svg
    jobid: 193
    reason: Missing output files: plots/hsa-miR-450a-5p_boxplot.svg
    wildcards: mirna=hsa-miR-450a-5p
    resources: tmpdir=/tmp
Select jobs to execute...
[Thu Dec 25 13:13:43 2025]
Finished jobid: 163 (Rule: visualize_tissue_specific_miRNAs)
228 of 298 steps (77%) done
Execute 1 jobs...
[Thu Dec 25 13:13:43 2025]
localrule visualize_tissue_specific_miRNAs:
    input: dataframes/mirblood_metadata.csv, dataframes/filtered_mirblood_rpmm.csv
    output: plots/hsa-miR-3074-3p_boxplot.svg
    jobid: 117
    reason: Missing output files: plots/hsa-miR-3074-3p_boxplot.svg
    wildcards: mirna=hsa-miR-3074-3p
    resources: tmpdir=/tmp
Select jobs to execute...
[Thu Dec 25 13:13:44 2025]
Finished jobid: 193 (Rule: visualize_tissue_specific_miRNAs)
229 of 298 steps (77%) done
Execute 1 jobs...
[Thu Dec 25 13:13:44 2025]
localrule visualize_tissue_specific_miRNAs:
    input: dataframes/mirblood_metadata.csv, dataframes/filtered_mirblood_rpmm.csv
    output: plots/hsa-miR-219a-5p_boxplot.svg
    jobid: 107
    reason: Missing output files: plots/hsa-miR-219a-5p_boxplot.svg
    wildcards: mirna=hsa-miR-219a-5p
    resources: tmpdir=/tmp
Select jobs to execute...
[Thu Dec 25 13:13:44 2025]
Finished jobid: 117 (Rule: visualize_tissue_specific_miRNAs)
230 of 298 steps (77%) done
Execute 1 jobs...
[Thu Dec 25 13:13:44 2025]
localrule visualize_tissue_specific_miRNAs:
    input: dataframes/mirblood_metadata.csv, dataframes/filtered_mirblood_rpmm.csv
    output: plots/hsa-miR-188-3p_boxplot.svg
    jobid: 77
    reason: Missing output files: plots/hsa-miR-188-3p_boxplot.svg
    wildcards: mirna=hsa-miR-188-3p
    resources: tmpdir=/tmp
Select jobs to execute...
[Thu Dec 25 13:13:45 2025]
Finished jobid: 107 (Rule: visualize_tissue_specific_miRNAs)
231 of 298 steps (78%) done
Execute 1 jobs...
[Thu Dec 25 13:13:45 2025]
localrule visualize_tissue_specific_miRNAs:
    input: dataframes/mirblood_metadata.csv, dataframes/filtered_mirblood_rpmm.csv
    output: plots/hsa-miR-99a-5p_boxplot.svg
    jobid: 302
    reason: Missing output files: plots/hsa-miR-99a-5p_boxplot.svg
    wildcards: mirna=hsa-miR-99a-5p
    resources: tmpdir=/tmp
Select jobs to execute...
[Thu Dec 25 13:13:45 2025]
Finished jobid: 77 (Rule: visualize_tissue_specific_miRNAs)
232 of 298 steps (78%) done
Execute 1 jobs...
[Thu Dec 25 13:13:46 2025]
localrule visualize_tissue_specific_miRNAs:
    input: dataframes/mirblood_metadata.csv, dataframes/filtered_mirblood_rpmm.csv
    output: plots/hsa-miR-199b-3p_boxplot.svg
    jobid: 92
    reason: Missing output files: plots/hsa-miR-199b-3p_boxplot.svg
    wildcards: mirna=hsa-miR-199b-3p
    resources: tmpdir=/tmp
Select jobs to execute...
[Thu Dec 25 13:13:46 2025]
Finished jobid: 302 (Rule: visualize_tissue_specific_miRNAs)
233 of 298 steps (78%) done
Execute 1 jobs...
[Thu Dec 25 13:13:46 2025]
localrule visualize_tissue_specific_miRNAs:
    input: dataframes/mirblood_metadata.csv, dataframes/filtered_mirblood_rpmm.csv
    output: plots/hsa-miR-151b_boxplot.svg
    jobid: 62
    reason: Missing output files: plots/hsa-miR-151b_boxplot.svg
    wildcards: mirna=hsa-miR-151b
    resources: tmpdir=/tmp
Select jobs to execute...
[Thu Dec 25 13:13:47 2025]
Finished jobid: 92 (Rule: visualize_tissue_specific_miRNAs)
234 of 298 steps (79%) done
Execute 1 jobs...
[Thu Dec 25 13:13:47 2025]
localrule visualize_tissue_specific_miRNAs:
    input: dataframes/mirblood_metadata.csv, dataframes/filtered_mirblood_rpmm.csv
    output: plots/hsa-miR-6750-5p_boxplot.svg
    jobid: 272
    reason: Missing output files: plots/hsa-miR-6750-5p_boxplot.svg
    wildcards: mirna=hsa-miR-6750-5p
    resources: tmpdir=/tmp
Select jobs to execute...
[Thu Dec 25 13:13:47 2025]
Finished jobid: 62 (Rule: visualize_tissue_specific_miRNAs)
235 of 298 steps (79%) done
Execute 1 jobs...
[Thu Dec 25 13:13:47 2025]
localrule visualize_tissue_specific_miRNAs:
    input: dataframes/mirblood_metadata.csv, dataframes/filtered_mirblood_rpmm.csv
    output: plots/hsa-miR-1262_boxplot.svg
    jobid: 32
    reason: Missing output files: plots/hsa-miR-1262_boxplot.svg
    wildcards: mirna=hsa-miR-1262
    resources: tmpdir=/tmp
Select jobs to execute...
[Thu Dec 25 13:13:48 2025]
Finished jobid: 272 (Rule: visualize_tissue_specific_miRNAs)
236 of 298 steps (79%) done
Execute 1 jobs...
[Thu Dec 25 13:13:48 2025]
localrule visualize_tissue_specific_miRNAs:
    input: dataframes/mirblood_metadata.csv, dataframes/filtered_mirblood_rpmm.csv
    output: plots/hsa-miR-455-5p_boxplot.svg
    jobid: 197
    reason: Missing output files: plots/hsa-miR-455-5p_boxplot.svg
    wildcards: mirna=hsa-miR-455-5p
    resources: tmpdir=/tmp
Select jobs to execute...
[Thu Dec 25 13:13:48 2025]
Finished jobid: 32 (Rule: visualize_tissue_specific_miRNAs)
237 of 298 steps (80%) done
Execute 1 jobs...
[Thu Dec 25 13:13:48 2025]
localrule visualize_tissue_specific_miRNAs:
    input: dataframes/mirblood_metadata.csv, dataframes/filtered_mirblood_rpmm.csv
    output: plots/hsa-miR-3150b-3p_boxplot.svg
    jobid: 122
    reason: Missing output files: plots/hsa-miR-3150b-3p_boxplot.svg
    wildcards: mirna=hsa-miR-3150b-3p
    resources: tmpdir=/tmp
Select jobs to execute...
[Thu Dec 25 13:13:49 2025]
Finished jobid: 197 (Rule: visualize_tissue_specific_miRNAs)
238 of 298 steps (80%) done
Execute 1 jobs...
[Thu Dec 25 13:13:49 2025]
localrule visualize_tissue_specific_miRNAs:
    input: dataframes/mirblood_metadata.csv, dataframes/filtered_mirblood_rpmm.csv
    output: plots/hsa-miR-3186-3p_boxplot.svg
    jobid: 129
    reason: Missing output files: plots/hsa-miR-3186-3p_boxplot.svg
    wildcards: mirna=hsa-miR-3186-3p
    resources: tmpdir=/tmp
Select jobs to execute...
[Thu Dec 25 13:13:50 2025]
Finished jobid: 122 (Rule: visualize_tissue_specific_miRNAs)
239 of 298 steps (80%) done
Execute 1 jobs...
[Thu Dec 25 13:13:50 2025]
localrule visualize_tissue_specific_miRNAs:
    input: dataframes/mirblood_metadata.csv, dataframes/filtered_mirblood_rpmm.csv
    output: plots/hsa-miR-323a-3p_boxplot.svg
    jobid: 137
    reason: Missing output files: plots/hsa-miR-323a-3p_boxplot.svg
    wildcards: mirna=hsa-miR-323a-3p
    resources: tmpdir=/tmp
Select jobs to execute...
[Thu Dec 25 13:13:50 2025]
Finished jobid: 129 (Rule: visualize_tissue_specific_miRNAs)
240 of 298 steps (81%) done
Execute 1 jobs...
[Thu Dec 25 13:13:50 2025]
localrule visualize_tissue_specific_miRNAs:
    input: dataframes/mirblood_metadata.csv, dataframes/filtered_mirblood_rpmm.csv
    output: plots/hsa-miR-187-3p_boxplot.svg
    jobid: 76
    reason: Missing output files: plots/hsa-miR-187-3p_boxplot.svg
    wildcards: mirna=hsa-miR-187-3p
    resources: tmpdir=/tmp
Select jobs to execute...
[Thu Dec 25 13:13:51 2025]
Finished jobid: 137 (Rule: visualize_tissue_specific_miRNAs)
241 of 298 steps (81%) done
Execute 1 jobs...
[Thu Dec 25 13:13:51 2025]
localrule visualize_tissue_specific_miRNAs:
    input: dataframes/mirblood_metadata.csv, dataframes/filtered_mirblood_rpmm.csv
    output: plots/hsa-miR-642a-3p_boxplot.svg
    jobid: 257
    reason: Missing output files: plots/hsa-miR-642a-3p_boxplot.svg
    wildcards: mirna=hsa-miR-642a-3p
    resources: tmpdir=/tmp
Select jobs to execute...
[Thu Dec 25 13:13:51 2025]
Finished jobid: 76 (Rule: visualize_tissue_specific_miRNAs)
242 of 298 steps (81%) done
Execute 1 jobs...
[Thu Dec 25 13:13:51 2025]
localrule visualize_tissue_specific_miRNAs:
    input: dataframes/mirblood_metadata.csv, dataframes/filtered_mirblood_rpmm.csv
    output: plots/hsa-miR-4446-3p_boxplot.svg
    jobid: 181
    reason: Missing output files: plots/hsa-miR-4446-3p_boxplot.svg
    wildcards: mirna=hsa-miR-4446-3p
    resources: tmpdir=/tmp
Select jobs to execute...
[Thu Dec 25 13:13:52 2025]
Finished jobid: 257 (Rule: visualize_tissue_specific_miRNAs)
243 of 298 steps (82%) done
Execute 1 jobs...
[Thu Dec 25 13:13:52 2025]
localrule visualize_tissue_specific_miRNAs:
    input: dataframes/mirblood_metadata.csv, dataframes/filtered_mirblood_rpmm.csv
    output: plots/hsa-miR-502-5p_boxplot.svg
    jobid: 227
    reason: Missing output files: plots/hsa-miR-502-5p_boxplot.svg
    wildcards: mirna=hsa-miR-502-5p
    resources: tmpdir=/tmp
Select jobs to execute...
[Thu Dec 25 13:13:53 2025]
Finished jobid: 181 (Rule: visualize_tissue_specific_miRNAs)
244 of 298 steps (82%) done
Execute 1 jobs...
[Thu Dec 25 13:13:53 2025]
localrule visualize_tissue_specific_miRNAs:
    input: dataframes/mirblood_metadata.csv, dataframes/filtered_mirblood_rpmm.csv
    output: plots/hsa-miR-548b-3p_boxplot.svg
    jobid: 241
    reason: Missing output files: plots/hsa-miR-548b-3p_boxplot.svg
    wildcards: mirna=hsa-miR-548b-3p
    resources: tmpdir=/tmp
Select jobs to execute...
[Thu Dec 25 13:13:53 2025]
Finished jobid: 227 (Rule: visualize_tissue_specific_miRNAs)
245 of 298 steps (82%) done
Execute 1 jobs...
[Thu Dec 25 13:13:53 2025]
localrule visualize_tissue_specific_miRNAs:
    input: dataframes/mirblood_metadata.csv, dataframes/filtered_mirblood_rpmm.csv
    output: plots/hsa-miR-381-3p_boxplot.svg
    jobid: 167
    reason: Missing output files: plots/hsa-miR-381-3p_boxplot.svg
    wildcards: mirna=hsa-miR-381-3p
    resources: tmpdir=/tmp
Select jobs to execute...
[Thu Dec 25 13:13:54 2025]
Finished jobid: 241 (Rule: visualize_tissue_specific_miRNAs)
246 of 298 steps (83%) done
Execute 1 jobs...
[Thu Dec 25 13:13:54 2025]
localrule visualize_tissue_specific_miRNAs:
    input: dataframes/mirblood_metadata.csv, dataframes/filtered_mirblood_rpmm.csv
    output: plots/hsa-miR-296-5p_boxplot.svg
    jobid: 113
    reason: Missing output files: plots/hsa-miR-296-5p_boxplot.svg
    wildcards: mirna=hsa-miR-296-5p
    resources: tmpdir=/tmp
Select jobs to execute...
[Thu Dec 25 13:13:54 2025]
Finished jobid: 167 (Rule: visualize_tissue_specific_miRNAs)
247 of 298 steps (83%) done
Execute 1 jobs...
[Thu Dec 25 13:13:54 2025]
localrule visualize_tissue_specific_miRNAs:
    input: dataframes/mirblood_metadata.csv, dataframes/filtered_mirblood_rpmm.csv
    output: plots/hsa-miR-376a-3p_boxplot.svg
    jobid: 161
    reason: Missing output files: plots/hsa-miR-376a-3p_boxplot.svg
    wildcards: mirna=hsa-miR-376a-3p
    resources: tmpdir=/tmp
Select jobs to execute...
[Thu Dec 25 13:13:55 2025]
Finished jobid: 113 (Rule: visualize_tissue_specific_miRNAs)
248 of 298 steps (83%) done
Execute 1 jobs...
[Thu Dec 25 13:13:55 2025]
localrule visualize_tissue_specific_miRNAs:
    input: dataframes/mirblood_metadata.csv, dataframes/filtered_mirblood_rpmm.csv
    output: plots/hsa-miR-144-5p_boxplot.svg
    jobid: 54
    reason: Missing output files: plots/hsa-miR-144-5p_boxplot.svg
    wildcards: mirna=hsa-miR-144-5p
    resources: tmpdir=/tmp
Select jobs to execute...
[Thu Dec 25 13:13:56 2025]
Finished jobid: 161 (Rule: visualize_tissue_specific_miRNAs)
249 of 298 steps (84%) done
Execute 1 jobs...
[Thu Dec 25 13:13:56 2025]
localrule visualize_tissue_specific_miRNAs:
    input: dataframes/mirblood_metadata.csv, dataframes/filtered_mirblood_rpmm.csv
    output: plots/hsa-miR-33b-5p_boxplot.svg
    jobid: 144
    reason: Missing output files: plots/hsa-miR-33b-5p_boxplot.svg
    wildcards: mirna=hsa-miR-33b-5p
    resources: tmpdir=/tmp
Select jobs to execute...
[Thu Dec 25 13:13:56 2025]
Finished jobid: 54 (Rule: visualize_tissue_specific_miRNAs)
250 of 298 steps (84%) done
Execute 1 jobs...
[Thu Dec 25 13:13:56 2025]
localrule visualize_tissue_specific_miRNAs:
    input: dataframes/mirblood_metadata.csv, dataframes/filtered_mirblood_rpmm.csv
    output: plots/hsa-miR-3934-5p_boxplot.svg
    jobid: 169
    reason: Missing output files: plots/hsa-miR-3934-5p_boxplot.svg
    wildcards: mirna=hsa-miR-3934-5p
    resources: tmpdir=/tmp
Select jobs to execute...
[Thu Dec 25 13:13:57 2025]
Finished jobid: 144 (Rule: visualize_tissue_specific_miRNAs)
251 of 298 steps (84%) done
Execute 1 jobs...
[Thu Dec 25 13:13:57 2025]
localrule visualize_tissue_specific_miRNAs:
    input: dataframes/mirblood_metadata.csv, dataframes/filtered_mirblood_rpmm.csv
    output: plots/hsa-miR-326_boxplot.svg
    jobid: 139
    reason: Missing output files: plots/hsa-miR-326_boxplot.svg
    wildcards: mirna=hsa-miR-326
    resources: tmpdir=/tmp
Select jobs to execute...
[Thu Dec 25 13:13:58 2025]
Finished jobid: 169 (Rule: visualize_tissue_specific_miRNAs)
252 of 298 steps (85%) done
Execute 1 jobs...
[Thu Dec 25 13:13:58 2025]
localrule visualize_tissue_specific_miRNAs:
    input: dataframes/mirblood_metadata.csv, dataframes/filtered_mirblood_rpmm.csv
    output: plots/hsa-miR-4433b-5p_boxplot.svg
    jobid: 180
    reason: Missing output files: plots/hsa-miR-4433b-5p_boxplot.svg
    wildcards: mirna=hsa-miR-4433b-5p
    resources: tmpdir=/tmp
Select jobs to execute...
[Thu Dec 25 13:13:58 2025]
Finished jobid: 139 (Rule: visualize_tissue_specific_miRNAs)
253 of 298 steps (85%) done
Execute 1 jobs...
[Thu Dec 25 13:13:58 2025]
localrule visualize_tissue_specific_miRNAs:
    input: dataframes/mirblood_metadata.csv, dataframes/filtered_mirblood_rpmm.csv
    output: plots/hsa-miR-642b-5p_boxplot.svg
    jobid: 260
    reason: Missing output files: plots/hsa-miR-642b-5p_boxplot.svg
    wildcards: mirna=hsa-miR-642b-5p
    resources: tmpdir=/tmp
Select jobs to execute...
[Thu Dec 25 13:13:59 2025]
Finished jobid: 180 (Rule: visualize_tissue_specific_miRNAs)
254 of 298 steps (85%) done
Execute 1 jobs...
[Thu Dec 25 13:13:59 2025]
localrule visualize_tissue_specific_miRNAs:
    input: dataframes/mirblood_metadata.csv, dataframes/filtered_mirblood_rpmm.csv
    output: plots/hsa-miR-10398-5p_boxplot.svg
    jobid: 13
    reason: Missing output files: plots/hsa-miR-10398-5p_boxplot.svg
    wildcards: mirna=hsa-miR-10398-5p
    resources: tmpdir=/tmp
Select jobs to execute...
[Thu Dec 25 13:13:59 2025]
Finished jobid: 260 (Rule: visualize_tissue_specific_miRNAs)
255 of 298 steps (86%) done
Execute 1 jobs...
[Thu Dec 25 13:13:59 2025]
localrule visualize_tissue_specific_miRNAs:
    input: dataframes/mirblood_metadata.csv, dataframes/filtered_mirblood_rpmm.csv
    output: plots/hsa-miR-1277-5p_boxplot.svg
    jobid: 35
    reason: Missing output files: plots/hsa-miR-1277-5p_boxplot.svg
    wildcards: mirna=hsa-miR-1277-5p
    resources: tmpdir=/tmp
Select jobs to execute...
[Thu Dec 25 13:14:00 2025]
Finished jobid: 13 (Rule: visualize_tissue_specific_miRNAs)
256 of 298 steps (86%) done
Execute 1 jobs...
[Thu Dec 25 13:14:00 2025]
localrule visualize_tissue_specific_miRNAs:
    input: dataframes/mirblood_metadata.csv, dataframes/filtered_mirblood_rpmm.csv
    output: plots/hsa-miR-30a-5p_boxplot.svg
    jobid: 118
    reason: Missing output files: plots/hsa-miR-30a-5p_boxplot.svg
    wildcards: mirna=hsa-miR-30a-5p
    resources: tmpdir=/tmp
Select jobs to execute...
[Thu Dec 25 13:14:00 2025]
Finished jobid: 35 (Rule: visualize_tissue_specific_miRNAs)
257 of 298 steps (86%) done
Execute 1 jobs...
[Thu Dec 25 13:14:00 2025]
localrule visualize_tissue_specific_miRNAs:
    input: dataframes/mirblood_metadata.csv, dataframes/filtered_mirblood_rpmm.csv
    output: plots/hsa-miR-1537-5p_boxplot.svg
    jobid: 65
    reason: Missing output files: plots/hsa-miR-1537-5p_boxplot.svg
    wildcards: mirna=hsa-miR-1537-5p
    resources: tmpdir=/tmp
Select jobs to execute...
[Thu Dec 25 13:14:01 2025]
Finished jobid: 118 (Rule: visualize_tissue_specific_miRNAs)
258 of 298 steps (87%) done
Execute 1 jobs...
[Thu Dec 25 13:14:01 2025]
localrule visualize_tissue_specific_miRNAs:
    input: dataframes/mirblood_metadata.csv, dataframes/filtered_mirblood_rpmm.csv
    output: plots/hsa-miR-4422_boxplot.svg
    jobid: 178
    reason: Missing output files: plots/hsa-miR-4422_boxplot.svg
    wildcards: mirna=hsa-miR-4422
    resources: tmpdir=/tmp
Select jobs to execute...
[Thu Dec 25 13:14:02 2025]
Finished jobid: 65 (Rule: visualize_tissue_specific_miRNAs)
259 of 298 steps (87%) done
Execute 1 jobs...
[Thu Dec 25 13:14:02 2025]
localrule visualize_tissue_specific_miRNAs:
    input: dataframes/mirblood_metadata.csv, dataframes/filtered_mirblood_rpmm.csv
    output: plots/hsa-miR-4724-5p_boxplot.svg
    jobid: 200
    reason: Missing output files: plots/hsa-miR-4724-5p_boxplot.svg
    wildcards: mirna=hsa-miR-4724-5p
    resources: tmpdir=/tmp
Select jobs to execute...
[Thu Dec 25 13:14:02 2025]
Finished jobid: 178 (Rule: visualize_tissue_specific_miRNAs)
260 of 298 steps (87%) done
Execute 1 jobs...
[Thu Dec 25 13:14:02 2025]
localrule visualize_tissue_specific_miRNAs:
    input: dataframes/mirblood_metadata.csv, dataframes/filtered_mirblood_rpmm.csv
    output: plots/hsa-miR-6721-5p_boxplot.svg
    jobid: 268
    reason: Missing output files: plots/hsa-miR-6721-5p_boxplot.svg
    wildcards: mirna=hsa-miR-6721-5p
    resources: tmpdir=/tmp
Select jobs to execute...
[Thu Dec 25 13:14:03 2025]
Finished jobid: 200 (Rule: visualize_tissue_specific_miRNAs)
261 of 298 steps (88%) done
Execute 1 jobs...
[Thu Dec 25 13:14:03 2025]
localrule visualize_tissue_specific_miRNAs:
    input: dataframes/mirblood_metadata.csv, dataframes/filtered_mirblood_rpmm.csv
    output: plots/hsa-miR-205-5p_boxplot.svg
    jobid: 95
    reason: Missing output files: plots/hsa-miR-205-5p_boxplot.svg
    wildcards: mirna=hsa-miR-205-5p
    resources: tmpdir=/tmp
Select jobs to execute...
[Thu Dec 25 13:14:04 2025]
Finished jobid: 268 (Rule: visualize_tissue_specific_miRNAs)
262 of 298 steps (88%) done
Execute 1 jobs...
[Thu Dec 25 13:14:04 2025]
localrule visualize_tissue_specific_miRNAs:
    input: dataframes/mirblood_metadata.csv, dataframes/filtered_mirblood_rpmm.csv
    output: plots/hsa-miR-483-3p_boxplot.svg
    jobid: 208
    reason: Missing output files: plots/hsa-miR-483-3p_boxplot.svg
    wildcards: mirna=hsa-miR-483-3p
    resources: tmpdir=/tmp
Select jobs to execute...
[Thu Dec 25 13:14:04 2025]
Finished jobid: 95 (Rule: visualize_tissue_specific_miRNAs)
263 of 298 steps (88%) done
Execute 1 jobs...
[Thu Dec 25 13:14:04 2025]
localrule visualize_tissue_specific_miRNAs:
    input: dataframes/mirblood_metadata.csv, dataframes/filtered_mirblood_rpmm.csv
    output: plots/hsa-miR-508-3p_boxplot.svg
    jobid: 230
    reason: Missing output files: plots/hsa-miR-508-3p_boxplot.svg
    wildcards: mirna=hsa-miR-508-3p
    resources: tmpdir=/tmp
Select jobs to execute...
[Thu Dec 25 13:14:05 2025]
Finished jobid: 208 (Rule: visualize_tissue_specific_miRNAs)
264 of 298 steps (89%) done
Execute 1 jobs...
[Thu Dec 25 13:14:05 2025]
localrule visualize_tissue_specific_miRNAs:
    input: dataframes/mirblood_metadata.csv, dataframes/filtered_mirblood_rpmm.csv
    output: plots/hsa-miR-1224-5p_boxplot.svg
    jobid: 24
    reason: Missing output files: plots/hsa-miR-1224-5p_boxplot.svg
    wildcards: mirna=hsa-miR-1224-5p
    resources: tmpdir=/tmp
Select jobs to execute...
[Thu Dec 25 13:14:05 2025]
Finished jobid: 230 (Rule: visualize_tissue_specific_miRNAs)
265 of 298 steps (89%) done
Execute 1 jobs...
[Thu Dec 25 13:14:05 2025]
localrule visualize_tissue_specific_miRNAs:
    input: dataframes/mirblood_metadata.csv, dataframes/filtered_mirblood_rpmm.csv
    output: plots/hsa-miR-2114-5p_boxplot.svg
    jobid: 99
    reason: Missing output files: plots/hsa-miR-2114-5p_boxplot.svg
    wildcards: mirna=hsa-miR-2114-5p
    resources: tmpdir=/tmp
Select jobs to execute...
[Thu Dec 25 13:14:06 2025]
Finished jobid: 24 (Rule: visualize_tissue_specific_miRNAs)
266 of 298 steps (89%) done
Execute 1 jobs...
[Thu Dec 25 13:14:06 2025]
localrule visualize_tissue_specific_miRNAs:
    input: dataframes/mirblood_metadata.csv, dataframes/filtered_mirblood_rpmm.csv
    output: plots/hsa-miR-29a-3p_boxplot.svg
    jobid: 114
    reason: Missing output files: plots/hsa-miR-29a-3p_boxplot.svg
    wildcards: mirna=hsa-miR-29a-3p
    resources: tmpdir=/tmp
Select jobs to execute...
[Thu Dec 25 13:14:06 2025]
Finished jobid: 99 (Rule: visualize_tissue_specific_miRNAs)
267 of 298 steps (90%) done
Execute 1 jobs...
[Thu Dec 25 13:14:06 2025]
localrule visualize_tissue_specific_miRNAs:
    input: dataframes/mirblood_metadata.csv, dataframes/filtered_mirblood_rpmm.csv
    output: plots/hsa-miR-6881-3p_boxplot.svg
    jobid: 279
    reason: Missing output files: plots/hsa-miR-6881-3p_boxplot.svg
    wildcards: mirna=hsa-miR-6881-3p
    resources: tmpdir=/tmp
Select jobs to execute...
[Thu Dec 25 13:14:07 2025]
Finished jobid: 114 (Rule: visualize_tissue_specific_miRNAs)
268 of 298 steps (90%) done
Execute 1 jobs...
[Thu Dec 25 13:14:07 2025]
localrule visualize_tissue_specific_miRNAs:
    input: dataframes/mirblood_metadata.csv, dataframes/filtered_mirblood_rpmm.csv
    output: plots/hsa-miR-4504_boxplot.svg
    jobid: 189
    reason: Missing output files: plots/hsa-miR-4504_boxplot.svg
    wildcards: mirna=hsa-miR-4504
    resources: tmpdir=/tmp
Select jobs to execute...
[Thu Dec 25 13:14:08 2025]
Finished jobid: 279 (Rule: visualize_tissue_specific_miRNAs)
269 of 298 steps (90%) done
Execute 1 jobs...
[Thu Dec 25 13:14:08 2025]
localrule visualize_tissue_specific_miRNAs:
    input: dataframes/mirblood_metadata.csv, dataframes/filtered_mirblood_rpmm.csv
    output: plots/hsa-miR-92a-3p_boxplot.svg
    jobid: 294
    reason: Missing output files: plots/hsa-miR-92a-3p_boxplot.svg
    wildcards: mirna=hsa-miR-92a-3p
    resources: tmpdir=/tmp
Select jobs to execute...
[Thu Dec 25 13:14:08 2025]
Finished jobid: 189 (Rule: visualize_tissue_specific_miRNAs)
270 of 298 steps (91%) done
Execute 1 jobs...
[Thu Dec 25 13:14:08 2025]
localrule visualize_tissue_specific_miRNAs:
    input: dataframes/mirblood_metadata.csv, dataframes/filtered_mirblood_rpmm.csv
    output: plots/hsa-miR-424-3p_boxplot.svg
    jobid: 174
    reason: Missing output files: plots/hsa-miR-424-3p_boxplot.svg
    wildcards: mirna=hsa-miR-424-3p
    resources: tmpdir=/tmp
Select jobs to execute...
[Thu Dec 25 13:14:09 2025]
Finished jobid: 294 (Rule: visualize_tissue_specific_miRNAs)
271 of 298 steps (91%) done
Execute 1 jobs...
[Thu Dec 25 13:14:09 2025]
localrule visualize_tissue_specific_miRNAs:
    input: dataframes/mirblood_metadata.csv, dataframes/filtered_mirblood_rpmm.csv
    output: plots/hsa-miR-574-5p_boxplot.svg
    jobid: 249
    reason: Missing output files: plots/hsa-miR-574-5p_boxplot.svg
    wildcards: mirna=hsa-miR-574-5p
    resources: tmpdir=/tmp
Select jobs to execute...
[Thu Dec 25 13:14:10 2025]
Finished jobid: 174 (Rule: visualize_tissue_specific_miRNAs)
272 of 298 steps (91%) done
Execute 1 jobs...
[Thu Dec 25 13:14:10 2025]
localrule visualize_tissue_specific_miRNAs:
    input: dataframes/mirblood_metadata.csv, dataframes/filtered_mirblood_rpmm.csv
    output: plots/hsa-miR-652-5p_boxplot.svg
    jobid: 264
    reason: Missing output files: plots/hsa-miR-652-5p_boxplot.svg
    wildcards: mirna=hsa-miR-652-5p
    resources: tmpdir=/tmp
Select jobs to execute...
[Thu Dec 25 13:14:10 2025]
Finished jobid: 249 (Rule: visualize_tissue_specific_miRNAs)
273 of 298 steps (92%) done
Execute 1 jobs...
[Thu Dec 25 13:14:10 2025]
localrule visualize_tissue_specific_miRNAs:
    input: dataframes/mirblood_metadata.csv, dataframes/filtered_mirblood_rpmm.csv
    output: plots/hsa-miR-92b-5p_boxplot.svg
    jobid: 296
    reason: Missing output files: plots/hsa-miR-92b-5p_boxplot.svg
    wildcards: mirna=hsa-miR-92b-5p
    resources: tmpdir=/tmp
Select jobs to execute...
[Thu Dec 25 13:14:11 2025]
Finished jobid: 264 (Rule: visualize_tissue_specific_miRNAs)
274 of 298 steps (92%) done
Execute 1 jobs...
[Thu Dec 25 13:14:11 2025]
localrule visualize_tissue_specific_miRNAs:
    input: dataframes/mirblood_metadata.csv, dataframes/filtered_mirblood_rpmm.csv
    output: plots/hsa-miR-1246_boxplot.svg
    jobid: 26
    reason: Missing output files: plots/hsa-miR-1246_boxplot.svg
    wildcards: mirna=hsa-miR-1246
    resources: tmpdir=/tmp
Select jobs to execute...
[Thu Dec 25 13:14:11 2025]
Finished jobid: 296 (Rule: visualize_tissue_specific_miRNAs)
275 of 298 steps (92%) done
Execute 1 jobs...
[Thu Dec 25 13:14:11 2025]
localrule visualize_tissue_specific_miRNAs:
    input: dataframes/mirblood_metadata.csv, dataframes/filtered_mirblood_rpmm.csv
    output: plots/hsa-miR-2115-5p_boxplot.svg
    jobid: 101
    reason: Missing output files: plots/hsa-miR-2115-5p_boxplot.svg
    wildcards: mirna=hsa-miR-2115-5p
    resources: tmpdir=/tmp
Select jobs to execute...
[Thu Dec 25 13:14:12 2025]
Finished jobid: 26 (Rule: visualize_tissue_specific_miRNAs)
276 of 298 steps (93%) done
Execute 1 jobs...
[Thu Dec 25 13:14:12 2025]
localrule visualize_tissue_specific_miRNAs:
    input: dataframes/mirblood_metadata.csv, dataframes/filtered_mirblood_rpmm.csv
    output: plots/hsa-miR-431-5p_boxplot.svg
    jobid: 176
    reason: Missing output files: plots/hsa-miR-431-5p_boxplot.svg
    wildcards: mirna=hsa-miR-431-5p
    resources: tmpdir=/tmp
Select jobs to execute...
[Thu Dec 25 13:14:13 2025]
Finished jobid: 101 (Rule: visualize_tissue_specific_miRNAs)
277 of 298 steps (93%) done
Execute 1 jobs...
[Thu Dec 25 13:14:13 2025]
localrule visualize_tissue_specific_miRNAs:
    input: dataframes/mirblood_metadata.csv, dataframes/filtered_mirblood_rpmm.csv
    output: plots/hsa-miR-3199_boxplot.svg
    jobid: 131
    reason: Missing output files: plots/hsa-miR-3199_boxplot.svg
    wildcards: mirna=hsa-miR-3199
    resources: tmpdir=/tmp
Select jobs to execute...
[Thu Dec 25 13:14:13 2025]
Finished jobid: 176 (Rule: visualize_tissue_specific_miRNAs)
278 of 298 steps (93%) done
Execute 1 jobs...
[Thu Dec 25 13:14:13 2025]
localrule visualize_tissue_specific_miRNAs:
    input: dataframes/mirblood_metadata.csv, dataframes/filtered_mirblood_rpmm.csv
    output: plots/hsa-miR-3940-3p_boxplot.svg
    jobid: 170
    reason: Missing output files: plots/hsa-miR-3940-3p_boxplot.svg
    wildcards: mirna=hsa-miR-3940-3p
    resources: tmpdir=/tmp
Select jobs to execute...
[Thu Dec 25 13:14:14 2025]
Finished jobid: 131 (Rule: visualize_tissue_specific_miRNAs)
279 of 298 steps (94%) done
Execute 1 jobs...
[Thu Dec 25 13:14:14 2025]
localrule visualize_tissue_specific_miRNAs:
    input: dataframes/mirblood_metadata.csv, dataframes/filtered_mirblood_rpmm.csv
    output: plots/hsa-miR-26a-1-3p_boxplot.svg
    jobid: 111
    reason: Missing output files: plots/hsa-miR-26a-1-3p_boxplot.svg
    wildcards: mirna=hsa-miR-26a-1-3p
    resources: tmpdir=/tmp
Select jobs to execute...
[Thu Dec 25 13:14:15 2025]
Finished jobid: 170 (Rule: visualize_tissue_specific_miRNAs)
280 of 298 steps (94%) done
Execute 1 jobs...
[Thu Dec 25 13:14:15 2025]
localrule visualize_tissue_specific_miRNAs:
    input: dataframes/mirblood_metadata.csv, dataframes/filtered_mirblood_rpmm.csv
    output: plots/hsa-miR-369-5p_boxplot.svg
    jobid: 156
    reason: Missing output files: plots/hsa-miR-369-5p_boxplot.svg
    wildcards: mirna=hsa-miR-369-5p
    resources: tmpdir=/tmp
Select jobs to execute...
[Thu Dec 25 13:14:15 2025]
Finished jobid: 111 (Rule: visualize_tissue_specific_miRNAs)
281 of 298 steps (94%) done
Execute 1 jobs...
[Thu Dec 25 13:14:15 2025]
localrule visualize_tissue_specific_miRNAs:
    input: dataframes/mirblood_metadata.csv, dataframes/filtered_mirblood_rpmm.csv
    output: plots/hsa-miR-1249-3p_boxplot.svg
    jobid: 27
    reason: Missing output files: plots/hsa-miR-1249-3p_boxplot.svg
    wildcards: mirna=hsa-miR-1249-3p
    resources: tmpdir=/tmp
Select jobs to execute...
[Thu Dec 25 13:14:16 2025]
Finished jobid: 156 (Rule: visualize_tissue_specific_miRNAs)
282 of 298 steps (95%) done
Execute 1 jobs...
[Thu Dec 25 13:14:16 2025]
localrule visualize_tissue_specific_miRNAs:
    input: dataframes/mirblood_metadata.csv, dataframes/filtered_mirblood_rpmm.csv
    output: plots/hsa-miR-3174_boxplot.svg
    jobid: 128
    reason: Missing output files: plots/hsa-miR-3174_boxplot.svg
    wildcards: mirna=hsa-miR-3174
    resources: tmpdir=/tmp
Select jobs to execute...
[Thu Dec 25 13:14:16 2025]
Finished jobid: 27 (Rule: visualize_tissue_specific_miRNAs)
283 of 298 steps (95%) done
Execute 1 jobs...
[Thu Dec 25 13:14:16 2025]
localrule visualize_tissue_specific_miRNAs:
    input: dataframes/mirblood_metadata.csv, dataframes/filtered_mirblood_rpmm.csv
    output: plots/hsa-miR-181a-2-3p_boxplot.svg
    jobid: 68
    reason: Missing output files: plots/hsa-miR-181a-2-3p_boxplot.svg
    wildcards: mirna=hsa-miR-181a-2-3p
    resources: tmpdir=/tmp
Select jobs to execute...
[Thu Dec 25 13:14:17 2025]
Finished jobid: 128 (Rule: visualize_tissue_specific_miRNAs)
284 of 298 steps (95%) done
Execute 1 jobs...
[Thu Dec 25 13:14:17 2025]
localrule visualize_tissue_specific_miRNAs:
    input: dataframes/mirblood_metadata.csv, dataframes/filtered_mirblood_rpmm.csv
    output: plots/hsa-miR-494-3p_boxplot.svg
    jobid: 218
    reason: Missing output files: plots/hsa-miR-494-3p_boxplot.svg
    wildcards: mirna=hsa-miR-494-3p
    resources: tmpdir=/tmp
Select jobs to execute...
[Thu Dec 25 13:14:17 2025]
Finished jobid: 68 (Rule: visualize_tissue_specific_miRNAs)
285 of 298 steps (96%) done
Execute 1 jobs...
[Thu Dec 25 13:14:17 2025]
localrule visualize_tissue_specific_miRNAs:
    input: dataframes/mirblood_metadata.csv, dataframes/filtered_mirblood_rpmm.csv
    output: plots/hsa-miR-744-3p_boxplot.svg
    jobid: 282
    reason: Missing output files: plots/hsa-miR-744-3p_boxplot.svg
    wildcards: mirna=hsa-miR-744-3p
    resources: tmpdir=/tmp
Select jobs to execute...
[Thu Dec 25 13:14:18 2025]
Finished jobid: 218 (Rule: visualize_tissue_specific_miRNAs)
286 of 298 steps (96%) done
Execute 1 jobs...
[Thu Dec 25 13:14:18 2025]
localrule visualize_tissue_specific_miRNAs:
    input: dataframes/mirblood_metadata.csv, dataframes/filtered_mirblood_rpmm.csv
    output: plots/hsa-miR-146b-3p_boxplot.svg
    jobid: 57
    reason: Missing output files: plots/hsa-miR-146b-3p_boxplot.svg
    wildcards: mirna=hsa-miR-146b-3p
    resources: tmpdir=/tmp
Select jobs to execute...
[Thu Dec 25 13:14:19 2025]
Finished jobid: 282 (Rule: visualize_tissue_specific_miRNAs)
287 of 298 steps (96%) done
Execute 1 jobs...
[Thu Dec 25 13:14:19 2025]
localrule visualize_tissue_specific_miRNAs:
    input: dataframes/mirblood_metadata.csv, dataframes/filtered_mirblood_rpmm.csv
    output: plots/hsa-miR-132-5p_boxplot.svg
    jobid: 42
    reason: Missing output files: plots/hsa-miR-132-5p_boxplot.svg
    wildcards: mirna=hsa-miR-132-5p
    resources: tmpdir=/tmp
Select jobs to execute...
[Thu Dec 25 13:14:19 2025]
Finished jobid: 57 (Rule: visualize_tissue_specific_miRNAs)
288 of 298 steps (97%) done
Execute 1 jobs...
[Thu Dec 25 13:14:19 2025]
localrule visualize_tissue_specific_miRNAs:
    input: dataframes/mirblood_metadata.csv, dataframes/filtered_mirblood_rpmm.csv
    output: plots/hsa-miR-1294_boxplot.svg
    jobid: 38
    reason: Missing output files: plots/hsa-miR-1294_boxplot.svg
    wildcards: mirna=hsa-miR-1294
    resources: tmpdir=/tmp
Select jobs to execute...
[Thu Dec 25 13:14:20 2025]
Finished jobid: 42 (Rule: visualize_tissue_specific_miRNAs)
289 of 298 steps (97%) done
Execute 1 jobs...
[Thu Dec 25 13:14:20 2025]
localrule visualize_tissue_specific_miRNAs:
    input: dataframes/mirblood_metadata.csv, dataframes/filtered_mirblood_rpmm.csv
    output: plots/hsa-miR-708-5p_boxplot.svg
    jobid: 281
    reason: Missing output files: plots/hsa-miR-708-5p_boxplot.svg
    wildcards: mirna=hsa-miR-708-5p
    resources: tmpdir=/tmp
Select jobs to execute...
[Thu Dec 25 13:14:21 2025]
Finished jobid: 38 (Rule: visualize_tissue_specific_miRNAs)
290 of 298 steps (97%) done
Execute 1 jobs...
[Thu Dec 25 13:14:21 2025]
localrule visualize_tissue_specific_miRNAs:
    input: dataframes/mirblood_metadata.csv, dataframes/filtered_mirblood_rpmm.csv
    output: plots/hsa-miR-660-3p_boxplot.svg
    jobid: 266
    reason: Missing output files: plots/hsa-miR-660-3p_boxplot.svg
    wildcards: mirna=hsa-miR-660-3p
    resources: tmpdir=/tmp
Select jobs to execute...
[Thu Dec 25 13:14:21 2025]
Finished jobid: 281 (Rule: visualize_tissue_specific_miRNAs)
291 of 298 steps (98%) done
Execute 1 jobs...
[Thu Dec 25 13:14:21 2025]
localrule visualize_tissue_specific_miRNAs:
    input: dataframes/mirblood_metadata.csv, dataframes/filtered_mirblood_rpmm.csv
    output: plots/hsa-miR-1185-1-3p_boxplot.svg
    jobid: 22
    reason: Missing output files: plots/hsa-miR-1185-1-3p_boxplot.svg
    wildcards: mirna=hsa-miR-1185-1-3p
    resources: tmpdir=/tmp
Select jobs to execute...
[Thu Dec 25 13:14:22 2025]
Finished jobid: 266 (Rule: visualize_tissue_specific_miRNAs)
292 of 298 steps (98%) done
Execute 1 jobs...
[Thu Dec 25 13:14:22 2025]
localrule visualize_tissue_specific_miRNAs:
    input: dataframes/mirblood_metadata.csv, dataframes/filtered_mirblood_rpmm.csv
    output: plots/hsa-miR-206_boxplot.svg
    jobid: 96
    reason: Missing output files: plots/hsa-miR-206_boxplot.svg
    wildcards: mirna=hsa-miR-206
    resources: tmpdir=/tmp
Select jobs to execute...
[Thu Dec 25 13:14:22 2025]
Finished jobid: 22 (Rule: visualize_tissue_specific_miRNAs)
293 of 298 steps (98%) done
Execute 1 jobs...
[Thu Dec 25 13:14:22 2025]
localrule visualize_tissue_specific_miRNAs:
    input: dataframes/mirblood_metadata.csv, dataframes/filtered_mirblood_rpmm.csv
    output: plots/hsa-miR-493-3p_boxplot.svg
    jobid: 216
    reason: Missing output files: plots/hsa-miR-493-3p_boxplot.svg
    wildcards: mirna=hsa-miR-493-3p
    resources: tmpdir=/tmp
Select jobs to execute...
[Thu Dec 25 13:14:23 2025]
Finished jobid: 96 (Rule: visualize_tissue_specific_miRNAs)
294 of 298 steps (99%) done
Execute 1 jobs...
[Thu Dec 25 13:14:23 2025]
localrule visualize_tissue_specific_miRNAs:
    input: dataframes/mirblood_metadata.csv, dataframes/filtered_mirblood_rpmm.csv
    output: plots/hsa-miR-409-3p_boxplot.svg
    jobid: 172
    reason: Missing output files: plots/hsa-miR-409-3p_boxplot.svg
    wildcards: mirna=hsa-miR-409-3p
    resources: tmpdir=/tmp
Select jobs to execute...
[Thu Dec 25 13:14:24 2025]
Finished jobid: 216 (Rule: visualize_tissue_specific_miRNAs)
295 of 298 steps (99%) done
Execute 1 jobs...
[Thu Dec 25 13:14:24 2025]
localrule visualize_tissue_specific_miRNAs:
    input: dataframes/mirblood_metadata.csv, dataframes/filtered_mirblood_rpmm.csv
    output: plots/hsa-miR-193b-5p_boxplot.svg
    jobid: 84
    reason: Missing output files: plots/hsa-miR-193b-5p_boxplot.svg
    wildcards: mirna=hsa-miR-193b-5p
    resources: tmpdir=/tmp
[Thu Dec 25 13:14:24 2025]
Finished jobid: 172 (Rule: visualize_tissue_specific_miRNAs)
296 of 298 steps (99%) done
[Thu Dec 25 13:14:25 2025]
Finished jobid: 84 (Rule: visualize_tissue_specific_miRNAs)
297 of 298 steps (99.7%) done
Select jobs to execute...
Execute 1 jobs...
[Thu Dec 25 13:14:25 2025]
localrule all:
    input: dataframes/filtered_mirblood_rpmm.csv, dataframes/mirblood_avg_expression_per_cell_type_all_samples_rpmm_filtered.csv, dataframes/mirblood_rpmm_with_tsi.csv, dataframes/mirna_list.txt, plots/hsa-let-7e-5p_boxplot.svg, plots/hsa-let-7f-1-3p_boxplot.svg, plots/hsa-let-7g-3p_boxplot.svg, plots/hsa-miR-1-3p_boxplot.svg, plots/hsa-miR-100-5p_boxplot.svg, plots/hsa-miR-10398-3p_boxplot.svg, plots/hsa-miR-10398-5p_boxplot.svg, plots/hsa-miR-10401-3p_boxplot.svg, plots/hsa-miR-106a-3p_boxplot.svg, plots/hsa-miR-10a-3p_boxplot.svg, plots/hsa-miR-10a-5p_boxplot.svg, plots/hsa-miR-10b-5p_boxplot.svg, plots/hsa-miR-11400_boxplot.svg, plots/hsa-miR-11401_boxplot.svg, plots/hsa-miR-1180-3p_boxplot.svg, plots/hsa-miR-1185-1-3p_boxplot.svg, plots/hsa-miR-122-5p_boxplot.svg, plots/hsa-miR-1224-5p_boxplot.svg, plots/hsa-miR-1229-3p_boxplot.svg, plots/hsa-miR-1246_boxplot.svg, plots/hsa-miR-1249-3p_boxplot.svg, plots/hsa-miR-1255b-5p_boxplot.svg, plots/hsa-miR-126-3p_boxplot.svg, plots/hsa-miR-126-5p_boxplot.svg, plots/hsa-miR-1261_boxplot.svg, plots/hsa-miR-1262_boxplot.svg, plots/hsa-miR-127-3p_boxplot.svg, plots/hsa-miR-1275_boxplot.svg, plots/hsa-miR-1277-5p_boxplot.svg, plots/hsa-miR-129-5p_boxplot.svg, plots/hsa-miR-1290_boxplot.svg, plots/hsa-miR-1294_boxplot.svg, plots/hsa-miR-1295a_boxplot.svg, plots/hsa-miR-1301-3p_boxplot.svg, plots/hsa-miR-1303_boxplot.svg, plots/hsa-miR-132-5p_boxplot.svg, plots/hsa-miR-133a-3p_boxplot.svg, plots/hsa-miR-134-5p_boxplot.svg, plots/hsa-miR-135b-5p_boxplot.svg, plots/hsa-miR-136-3p_boxplot.svg, plots/hsa-miR-138-1-3p_boxplot.svg, plots/hsa-miR-138-5p_boxplot.svg, plots/hsa-miR-139-3p_boxplot.svg, plots/hsa-miR-139-5p_boxplot.svg, plots/hsa-miR-143-3p_boxplot.svg, plots/hsa-miR-143-5p_boxplot.svg, plots/hsa-miR-144-3p_boxplot.svg, plots/hsa-miR-144-5p_boxplot.svg, plots/hsa-miR-145-3p_boxplot.svg, plots/hsa-miR-145-5p_boxplot.svg, plots/hsa-miR-146b-3p_boxplot.svg, plots/hsa-miR-148a-5p_boxplot.svg, plots/hsa-miR-150-5p_boxplot.svg, plots/hsa-miR-151a-3p_boxplot.svg, plots/hsa-miR-151a-5p_boxplot.svg, plots/hsa-miR-151b_boxplot.svg, plots/hsa-miR-152-3p_boxplot.svg, plots/hsa-miR-153-3p_boxplot.svg, plots/hsa-miR-1537-5p_boxplot.svg, plots/hsa-miR-155-5p_boxplot.svg, plots/hsa-miR-15a-3p_boxplot.svg, plots/hsa-miR-181a-2-3p_boxplot.svg, plots/hsa-miR-181a-5p_boxplot.svg, plots/hsa-miR-181b-2-3p_boxplot.svg, plots/hsa-miR-181b-3p_boxplot.svg, plots/hsa-miR-181b-5p_boxplot.svg, plots/hsa-miR-182-5p_boxplot.svg, plots/hsa-miR-183-5p_boxplot.svg, plots/hsa-miR-184_boxplot.svg, plots/hsa-miR-187-3p_boxplot.svg, plots/hsa-miR-188-3p_boxplot.svg, plots/hsa-miR-188-5p_boxplot.svg, plots/hsa-miR-18a-3p_boxplot.svg, plots/hsa-miR-1908-5p_boxplot.svg, plots/hsa-miR-190a-5p_boxplot.svg, plots/hsa-miR-193a-5p_boxplot.svg, plots/hsa-miR-193b-3p_boxplot.svg, plots/hsa-miR-193b-5p_boxplot.svg, plots/hsa-miR-195-3p_boxplot.svg, plots/hsa-miR-195-5p_boxplot.svg, plots/hsa-miR-196a-1-3p_boxplot.svg, plots/hsa-miR-196a-5p_boxplot.svg, plots/hsa-miR-197-5p_boxplot.svg, plots/hsa-miR-199a-3p_boxplot.svg, plots/hsa-miR-199a-5p_boxplot.svg, plots/hsa-miR-199b-3p_boxplot.svg, plots/hsa-miR-199b-5p_boxplot.svg, plots/hsa-miR-202-5p_boxplot.svg, plots/hsa-miR-205-5p_boxplot.svg, plots/hsa-miR-206_boxplot.svg, plots/hsa-miR-20b-5p_boxplot.svg, plots/hsa-miR-21-3p_boxplot.svg, plots/hsa-miR-2114-5p_boxplot.svg, plots/hsa-miR-2115-3p_boxplot.svg, plots/hsa-miR-2115-5p_boxplot.svg, plots/hsa-miR-2116-3p_boxplot.svg, plots/hsa-miR-2116-5p_boxplot.svg, plots/hsa-miR-212-3p_boxplot.svg, plots/hsa-miR-212-5p_boxplot.svg, plots/hsa-miR-218-5p_boxplot.svg, plots/hsa-miR-219a-5p_boxplot.svg, plots/hsa-miR-223-3p_boxplot.svg, plots/hsa-miR-224-5p_boxplot.svg, plots/hsa-miR-23a-5p_boxplot.svg, plots/hsa-miR-26a-1-3p_boxplot.svg, plots/hsa-miR-27a-5p_boxplot.svg, plots/hsa-miR-296-5p_boxplot.svg, plots/hsa-miR-29a-3p_boxplot.svg, plots/hsa-miR-29a-5p_boxplot.svg, plots/hsa-miR-301a-5p_boxplot.svg, plots/hsa-miR-3074-3p_boxplot.svg, plots/hsa-miR-30a-5p_boxplot.svg, plots/hsa-miR-31-3p_boxplot.svg, plots/hsa-miR-31-5p_boxplot.svg, plots/hsa-miR-3116_boxplot.svg, plots/hsa-miR-3150b-3p_boxplot.svg, plots/hsa-miR-3150b-5p_boxplot.svg, plots/hsa-miR-3154_boxplot.svg, plots/hsa-miR-3158-3p_boxplot.svg, plots/hsa-miR-3163_boxplot.svg, plots/hsa-miR-3168_boxplot.svg, plots/hsa-miR-3174_boxplot.svg, plots/hsa-miR-3186-3p_boxplot.svg, plots/hsa-miR-3187-3p_boxplot.svg, plots/hsa-miR-3199_boxplot.svg, plots/hsa-miR-32-5p_boxplot.svg, plots/hsa-miR-3200-3p_boxplot.svg, plots/hsa-miR-3200-5p_boxplot.svg, plots/hsa-miR-320a-5p_boxplot.svg, plots/hsa-miR-320e_boxplot.svg, plots/hsa-miR-323a-3p_boxplot.svg, plots/hsa-miR-323b-3p_boxplot.svg, plots/hsa-miR-326_boxplot.svg, plots/hsa-miR-331-5p_boxplot.svg, plots/hsa-miR-337-5p_boxplot.svg, plots/hsa-miR-338-3p_boxplot.svg, plots/hsa-miR-338-5p_boxplot.svg, plots/hsa-miR-33b-5p_boxplot.svg, plots/hsa-miR-345-3p_boxplot.svg, plots/hsa-miR-345-5p_boxplot.svg, plots/hsa-miR-34c-5p_boxplot.svg, plots/hsa-miR-3614-5p_boxplot.svg, plots/hsa-miR-362-3p_boxplot.svg, plots/hsa-miR-362-5p_boxplot.svg, plots/hsa-miR-363-3p_boxplot.svg, plots/hsa-miR-363-5p_boxplot.svg, plots/hsa-miR-365b-5p_boxplot.svg, plots/hsa-miR-3688-3p_boxplot.svg, plots/hsa-miR-369-3p_boxplot.svg, plots/hsa-miR-369-5p_boxplot.svg, plots/hsa-miR-3690_boxplot.svg, plots/hsa-miR-370-3p_boxplot.svg, plots/hsa-miR-371b-5p_boxplot.svg, plots/hsa-miR-375-3p_boxplot.svg, plots/hsa-miR-376a-3p_boxplot.svg, plots/hsa-miR-376c-3p_boxplot.svg, plots/hsa-miR-378a-3p_boxplot.svg, plots/hsa-miR-378a-5p_boxplot.svg, plots/hsa-miR-378d_boxplot.svg, plots/hsa-miR-379-5p_boxplot.svg, plots/hsa-miR-381-3p_boxplot.svg, plots/hsa-miR-382-5p_boxplot.svg, plots/hsa-miR-3934-5p_boxplot.svg, plots/hsa-miR-3940-3p_boxplot.svg, plots/hsa-miR-3960_boxplot.svg, plots/hsa-miR-409-3p_boxplot.svg, plots/hsa-miR-411-5p_boxplot.svg, plots/hsa-miR-424-3p_boxplot.svg, plots/hsa-miR-424-5p_boxplot.svg, plots/hsa-miR-431-5p_boxplot.svg, plots/hsa-miR-432-5p_boxplot.svg, plots/hsa-miR-4422_boxplot.svg, plots/hsa-miR-4433b-3p_boxplot.svg, plots/hsa-miR-4433b-5p_boxplot.svg, plots/hsa-miR-4446-3p_boxplot.svg, plots/hsa-miR-4454_boxplot.svg, plots/hsa-miR-4458_boxplot.svg, plots/hsa-miR-4464_boxplot.svg, plots/hsa-miR-4476_boxplot.svg, plots/hsa-miR-4477b_boxplot.svg, plots/hsa-miR-4491_boxplot.svg, plots/hsa-miR-4496_boxplot.svg, plots/hsa-miR-4504_boxplot.svg, plots/hsa-miR-4508_boxplot.svg, plots/hsa-miR-450a-1-3p_boxplot.svg, plots/hsa-miR-450a-2-3p_boxplot.svg, plots/hsa-miR-450a-5p_boxplot.svg, plots/hsa-miR-450b-5p_boxplot.svg, plots/hsa-miR-4516_boxplot.svg, plots/hsa-miR-451a_boxplot.svg, plots/hsa-miR-455-5p_boxplot.svg, plots/hsa-miR-4668-5p_boxplot.svg, plots/hsa-miR-4685-3p_boxplot.svg, plots/hsa-miR-4724-5p_boxplot.svg, plots/hsa-miR-4728-3p_boxplot.svg, plots/hsa-miR-4732-3p_boxplot.svg, plots/hsa-miR-4732-5p_boxplot.svg, plots/hsa-miR-4747-5p_boxplot.svg, plots/hsa-miR-4772-3p_boxplot.svg, plots/hsa-miR-4772-5p_boxplot.svg, plots/hsa-miR-4799-5p_boxplot.svg, plots/hsa-miR-483-3p_boxplot.svg, plots/hsa-miR-483-5p_boxplot.svg, plots/hsa-miR-484_boxplot.svg, plots/hsa-miR-485-3p_boxplot.svg, plots/hsa-miR-485-5p_boxplot.svg, plots/hsa-miR-486-3p_boxplot.svg, plots/hsa-miR-486-5p_boxplot.svg, plots/hsa-miR-487b-3p_boxplot.svg, plots/hsa-miR-493-3p_boxplot.svg, plots/hsa-miR-493-5p_boxplot.svg, plots/hsa-miR-494-3p_boxplot.svg, plots/hsa-miR-497-5p_boxplot.svg, plots/hsa-miR-500a-3p_boxplot.svg, plots/hsa-miR-500a-5p_boxplot.svg, plots/hsa-miR-500b-3p_boxplot.svg, plots/hsa-miR-501-3p_boxplot.svg, plots/hsa-miR-501-5p_boxplot.svg, plots/hsa-miR-5010-3p_boxplot.svg, plots/hsa-miR-5010-5p_boxplot.svg, plots/hsa-miR-502-5p_boxplot.svg, plots/hsa-miR-503-3p_boxplot.svg, plots/hsa-miR-504-5p_boxplot.svg, plots/hsa-miR-508-3p_boxplot.svg, plots/hsa-miR-509-3p_boxplot.svg, plots/hsa-miR-513c-5p_boxplot.svg, plots/hsa-miR-514a-3p_boxplot.svg, plots/hsa-miR-5189-3p_boxplot.svg, plots/hsa-miR-5196-3p_boxplot.svg, plots/hsa-miR-532-5p_boxplot.svg, plots/hsa-miR-542-3p_boxplot.svg, plots/hsa-miR-542-5p_boxplot.svg, plots/hsa-miR-548ak_boxplot.svg, plots/hsa-miR-548ap-5p_boxplot.svg, plots/hsa-miR-548b-3p_boxplot.svg, plots/hsa-miR-548c-3p_boxplot.svg, plots/hsa-miR-551a_boxplot.svg, plots/hsa-miR-556-3p_boxplot.svg, plots/hsa-miR-556-5p_boxplot.svg, plots/hsa-miR-5586-3p_boxplot.svg, plots/hsa-miR-5586-5p_boxplot.svg, plots/hsa-miR-574-3p_boxplot.svg, plots/hsa-miR-574-5p_boxplot.svg, plots/hsa-miR-577_boxplot.svg, plots/hsa-miR-582-3p_boxplot.svg, plots/hsa-miR-582-5p_boxplot.svg, plots/hsa-miR-584-5p_boxplot.svg, plots/hsa-miR-618_boxplot.svg, plots/hsa-miR-628-5p_boxplot.svg, plots/hsa-miR-636_boxplot.svg, plots/hsa-miR-642a-3p_boxplot.svg, plots/hsa-miR-642a-5p_boxplot.svg, plots/hsa-miR-642b-3p_boxplot.svg, plots/hsa-miR-642b-5p_boxplot.svg, plots/hsa-miR-6503-3p_boxplot.svg, plots/hsa-miR-6503-5p_boxplot.svg, plots/hsa-miR-6511b-3p_boxplot.svg, plots/hsa-miR-652-5p_boxplot.svg, plots/hsa-miR-654-3p_boxplot.svg, plots/hsa-miR-660-3p_boxplot.svg, plots/hsa-miR-6718-5p_boxplot.svg, plots/hsa-miR-6721-5p_boxplot.svg, plots/hsa-miR-6731-3p_boxplot.svg, plots/hsa-miR-6731-5p_boxplot.svg, plots/hsa-miR-6734-5p_boxplot.svg, plots/hsa-miR-6750-5p_boxplot.svg, plots/hsa-miR-676-3p_boxplot.svg, plots/hsa-miR-6774-3p_boxplot.svg, plots/hsa-miR-6780a-5p_boxplot.svg, plots/hsa-miR-6805-5p_boxplot.svg, plots/hsa-miR-6852-5p_boxplot.svg, plots/hsa-miR-6859-5p_boxplot.svg, plots/hsa-miR-6881-3p_boxplot.svg, plots/hsa-miR-708-3p_boxplot.svg, plots/hsa-miR-708-5p_boxplot.svg, plots/hsa-miR-744-3p_boxplot.svg, plots/hsa-miR-760_boxplot.svg, plots/hsa-miR-7706_boxplot.svg, plots/hsa-miR-7847-3p_boxplot.svg, plots/hsa-miR-7850-5p_boxplot.svg, plots/hsa-miR-873-3p_boxplot.svg, plots/hsa-miR-873-5p_boxplot.svg, plots/hsa-miR-876-3p_boxplot.svg, plots/hsa-miR-876-5p_boxplot.svg, plots/hsa-miR-889-3p_boxplot.svg, plots/hsa-miR-9-5p_boxplot.svg, plots/hsa-miR-92a-1-5p_boxplot.svg, plots/hsa-miR-92a-3p_boxplot.svg, plots/hsa-miR-92b-3p_boxplot.svg, plots/hsa-miR-92b-5p_boxplot.svg, plots/hsa-miR-935_boxplot.svg, plots/hsa-miR-95-3p_boxplot.svg, plots/hsa-miR-95-5p_boxplot.svg, plots/hsa-miR-96-5p_boxplot.svg, plots/hsa-miR-9983-3p_boxplot.svg, plots/hsa-miR-99a-5p_boxplot.svg
    jobid: 0
    reason: Input files updated by another job: plots/hsa-miR-155-5p_boxplot.svg, plots/hsa-miR-4508_boxplot.svg, plots/hsa-miR-3690_boxplot.svg, plots/hsa-miR-193b-5p_boxplot.svg, plots/hsa-miR-1294_boxplot.svg, plots/hsa-miR-708-5p_boxplot.svg, plots/hsa-miR-144-3p_boxplot.svg, plots/hsa-miR-509-3p_boxplot.svg, plots/hsa-miR-301a-5p_boxplot.svg, plots/hsa-miR-542-3p_boxplot.svg, plots/hsa-miR-148a-5p_boxplot.svg, plots/hsa-miR-500a-3p_boxplot.svg, plots/hsa-miR-92b-3p_boxplot.svg, plots/hsa-miR-370-3p_boxplot.svg, plots/hsa-miR-876-3p_boxplot.svg, plots/hsa-miR-379-5p_boxplot.svg, plots/hsa-miR-320e_boxplot.svg, plots/hsa-miR-2114-5p_boxplot.svg, plots/hsa-miR-3163_boxplot.svg, plots/hsa-miR-362-3p_boxplot.svg, plots/hsa-miR-497-5p_boxplot.svg, plots/hsa-miR-1185-1-3p_boxplot.svg, plots/hsa-miR-1262_boxplot.svg, plots/hsa-miR-206_boxplot.svg, plots/hsa-miR-345-3p_boxplot.svg, plots/hsa-miR-10a-3p_boxplot.svg, plots/hsa-miR-508-3p_boxplot.svg, plots/hsa-miR-224-5p_boxplot.svg, plots/hsa-miR-642b-3p_boxplot.svg, plots/hsa-miR-11401_boxplot.svg, plots/hsa-miR-485-5p_boxplot.svg, plots/hsa-miR-432-5p_boxplot.svg, plots/hsa-miR-4772-5p_boxplot.svg, plots/hsa-miR-4504_boxplot.svg, plots/hsa-miR-486-3p_boxplot.svg, plots/hsa-miR-1277-5p_boxplot.svg, plots/hsa-miR-21-3p_boxplot.svg, plots/hsa-miR-151a-3p_boxplot.svg, plots/hsa-miR-4724-5p_boxplot.svg, plots/hsa-miR-3154_boxplot.svg, plots/hsa-miR-95-5p_boxplot.svg, plots/hsa-miR-382-5p_boxplot.svg, plots/hsa-miR-126-3p_boxplot.svg, plots/hsa-miR-296-5p_boxplot.svg, plots/hsa-miR-6721-5p_boxplot.svg, plots/hsa-miR-4458_boxplot.svg, plots/hsa-miR-3074-3p_boxplot.svg, plots/hsa-miR-188-3p_boxplot.svg, plots/hsa-miR-676-3p_boxplot.svg, plots/hsa-miR-3174_boxplot.svg, plots/hsa-miR-4464_boxplot.svg, plots/hsa-miR-195-5p_boxplot.svg, plots/hsa-miR-199b-3p_boxplot.svg, plots/hsa-miR-582-3p_boxplot.svg, plots/hsa-miR-6511b-3p_boxplot.svg, plots/hsa-miR-652-5p_boxplot.svg, plots/hsa-miR-2116-5p_boxplot.svg, plots/hsa-miR-4422_boxplot.svg, plots/hsa-miR-219a-5p_boxplot.svg, plots/hsa-miR-223-3p_boxplot.svg, plots/hsa-miR-23a-5p_boxplot.svg, plots/hsa-miR-196a-1-3p_boxplot.svg, plots/hsa-miR-935_boxplot.svg, plots/hsa-miR-1249-3p_boxplot.svg, plots/hsa-miR-20b-5p_boxplot.svg, plots/hsa-miR-183-5p_boxplot.svg, plots/hsa-let-7f-1-3p_boxplot.svg, plots/hsa-miR-181b-5p_boxplot.svg, plots/hsa-miR-323a-3p_boxplot.svg, plots/hsa-miR-431-5p_boxplot.svg, plots/hsa-miR-486-5p_boxplot.svg, plots/hsa-miR-556-3p_boxplot.svg, plots/hsa-miR-1295a_boxplot.svg, plots/hsa-miR-1-3p_boxplot.svg, plots/hsa-miR-3187-3p_boxplot.svg, plots/hsa-miR-320a-5p_boxplot.svg, plots/hsa-miR-487b-3p_boxplot.svg, plots/hsa-miR-4433b-3p_boxplot.svg, plots/hsa-miR-708-3p_boxplot.svg, plots/hsa-miR-450a-2-3p_boxplot.svg, plots/hsa-miR-503-3p_boxplot.svg, plots/hsa-miR-4747-5p_boxplot.svg, plots/hsa-miR-4772-3p_boxplot.svg, plots/hsa-miR-660-3p_boxplot.svg, plots/hsa-miR-501-5p_boxplot.svg, plots/hsa-miR-151b_boxplot.svg, plots/hsa-miR-502-5p_boxplot.svg, plots/hsa-miR-145-5p_boxplot.svg, plots/hsa-miR-5586-3p_boxplot.svg, plots/hsa-miR-532-5p_boxplot.svg, plots/hsa-miR-628-5p_boxplot.svg, plots/hsa-miR-876-5p_boxplot.svg, plots/hsa-let-7g-3p_boxplot.svg, plots/hsa-miR-338-3p_boxplot.svg, plots/hsa-miR-3614-5p_boxplot.svg, plots/hsa-miR-4728-3p_boxplot.svg, plots/hsa-miR-548ak_boxplot.svg, plots/hsa-miR-10b-5p_boxplot.svg, plots/hsa-miR-642b-5p_boxplot.svg, plots/hsa-miR-92a-3p_boxplot.svg, plots/hsa-miR-4491_boxplot.svg, plots/hsa-miR-873-3p_boxplot.svg, plots/hsa-miR-126-5p_boxplot.svg, plots/hsa-miR-513c-5p_boxplot.svg, plots/hsa-miR-182-5p_boxplot.svg, plots/hsa-miR-6718-5p_boxplot.svg, plots/hsa-miR-9-5p_boxplot.svg, plots/hsa-miR-1537-5p_boxplot.svg, plots/hsa-miR-188-5p_boxplot.svg, plots/hsa-miR-33b-5p_boxplot.svg, plots/hsa-miR-3940-3p_boxplot.svg, plots/hsa-miR-136-3p_boxplot.svg, plots/hsa-miR-331-5p_boxplot.svg, plots/hsa-miR-26a-1-3p_boxplot.svg, plots/hsa-miR-889-3p_boxplot.svg, plots/hsa-miR-127-3p_boxplot.svg, plots/hsa-miR-4799-5p_boxplot.svg, plots/hsa-miR-3150b-5p_boxplot.svg, plots/hsa-miR-199a-3p_boxplot.svg, plots/hsa-miR-6731-3p_boxplot.svg, plots/hsa-miR-31-5p_boxplot.svg, plots/hsa-miR-6731-5p_boxplot.svg, plots/hsa-miR-1224-5p_boxplot.svg, plots/hsa-miR-2115-3p_boxplot.svg, plots/hsa-miR-381-3p_boxplot.svg, plots/hsa-miR-6503-3p_boxplot.svg, plots/hsa-miR-10401-3p_boxplot.svg, plots/hsa-miR-1255b-5p_boxplot.svg, plots/hsa-miR-378a-5p_boxplot.svg, plots/hsa-miR-4516_boxplot.svg, plots/hsa-miR-493-3p_boxplot.svg, plots/hsa-miR-450a-1-3p_boxplot.svg, plots/hsa-miR-369-3p_boxplot.svg, plots/hsa-miR-6734-5p_boxplot.svg, plots/hsa-miR-501-3p_boxplot.svg, plots/hsa-miR-618_boxplot.svg, plots/hsa-miR-138-1-3p_boxplot.svg, plots/hsa-miR-106a-3p_boxplot.svg, plots/hsa-miR-6750-5p_boxplot.svg, plots/hsa-miR-150-5p_boxplot.svg, plots/hsa-miR-4433b-5p_boxplot.svg, plots/hsa-miR-3960_boxplot.svg, plots/hsa-miR-500a-5p_boxplot.svg, plots/hsa-miR-31-3p_boxplot.svg, plots/hsa-miR-151a-5p_boxplot.svg, plots/hsa-miR-153-3p_boxplot.svg, plots/hsa-miR-3199_boxplot.svg, plots/hsa-miR-1275_boxplot.svg, plots/hsa-miR-483-3p_boxplot.svg, plots/hsa-miR-6852-5p_boxplot.svg, plots/hsa-miR-138-5p_boxplot.svg, plots/hsa-miR-133a-3p_boxplot.svg, plots/hsa-miR-9983-3p_boxplot.svg, plots/hsa-miR-146b-3p_boxplot.svg, plots/hsa-miR-212-3p_boxplot.svg, plots/hsa-miR-3688-3p_boxplot.svg, plots/hsa-miR-6859-5p_boxplot.svg, plots/hsa-miR-197-5p_boxplot.svg, plots/hsa-miR-10398-5p_boxplot.svg, plots/hsa-miR-195-3p_boxplot.svg, plots/hsa-miR-642a-5p_boxplot.svg, plots/hsa-miR-122-5p_boxplot.svg, plots/hsa-miR-10a-5p_boxplot.svg, plots/hsa-miR-7706_boxplot.svg, plots/hsa-miR-376c-3p_boxplot.svg, plots/hsa-miR-1303_boxplot.svg, plots/hsa-miR-29a-3p_boxplot.svg, plots/hsa-miR-193a-5p_boxplot.svg, plots/hsa-miR-152-3p_boxplot.svg, plots/hsa-miR-5196-3p_boxplot.svg, plots/hsa-miR-6881-3p_boxplot.svg, plots/hsa-miR-92b-5p_boxplot.svg, plots/hsa-miR-5010-3p_boxplot.svg, plots/hsa-miR-483-5p_boxplot.svg, plots/hsa-miR-484_boxplot.svg, plots/hsa-miR-5189-3p_boxplot.svg, plots/hsa-miR-548ap-5p_boxplot.svg, plots/hsa-miR-4668-5p_boxplot.svg, plots/hsa-miR-4446-3p_boxplot.svg, plots/hsa-miR-6774-3p_boxplot.svg, plots/hsa-miR-96-5p_boxplot.svg, plots/hsa-miR-193b-3p_boxplot.svg, plots/hsa-miR-5010-5p_boxplot.svg, plots/hsa-miR-323b-3p_boxplot.svg, plots/hsa-miR-409-3p_boxplot.svg, plots/hsa-miR-181a-2-3p_boxplot.svg, plots/hsa-miR-218-5p_boxplot.svg, plots/hsa-miR-4477b_boxplot.svg, plots/hsa-miR-3200-5p_boxplot.svg, plots/hsa-miR-411-5p_boxplot.svg, plots/hsa-miR-326_boxplot.svg, plots/hsa-miR-371b-5p_boxplot.svg, plots/hsa-miR-181b-3p_boxplot.svg, plots/hsa-miR-1246_boxplot.svg, plots/hsa-miR-337-5p_boxplot.svg, plots/hsa-miR-4496_boxplot.svg, plots/hsa-miR-1301-3p_boxplot.svg, plots/hsa-miR-144-5p_boxplot.svg, plots/hsa-miR-514a-3p_boxplot.svg, plots/hsa-let-7e-5p_boxplot.svg, plots/hsa-miR-7847-3p_boxplot.svg, plots/hsa-miR-365b-5p_boxplot.svg, plots/hsa-miR-369-5p_boxplot.svg, plots/hsa-miR-11400_boxplot.svg, plots/hsa-miR-378a-3p_boxplot.svg, plots/hsa-miR-493-5p_boxplot.svg, plots/hsa-miR-760_boxplot.svg, plots/hsa-miR-143-3p_boxplot.svg, plots/hsa-miR-338-5p_boxplot.svg, plots/hsa-miR-873-5p_boxplot.svg, plots/hsa-miR-27a-5p_boxplot.svg, plots/hsa-miR-196a-5p_boxplot.svg, plots/hsa-miR-30a-5p_boxplot.svg, plots/hsa-miR-205-5p_boxplot.svg, plots/hsa-miR-3158-3p_boxplot.svg, plots/hsa-miR-455-5p_boxplot.svg, plots/hsa-miR-450a-5p_boxplot.svg, plots/hsa-miR-190a-5p_boxplot.svg, plots/hsa-miR-5586-5p_boxplot.svg, plots/hsa-miR-202-5p_boxplot.svg, plots/hsa-miR-34c-5p_boxplot.svg, plots/hsa-miR-451a_boxplot.svg, plots/hsa-miR-1261_boxplot.svg, plots/hsa-miR-363-3p_boxplot.svg, plots/hsa-miR-129-5p_boxplot.svg, plots/hsa-miR-2115-5p_boxplot.svg, plots/hsa-miR-375-3p_boxplot.svg, plots/hsa-miR-574-5p_boxplot.svg, plots/hsa-miR-135b-5p_boxplot.svg, plots/hsa-miR-3168_boxplot.svg, plots/hsa-miR-577_boxplot.svg, plots/hsa-miR-424-3p_boxplot.svg, plots/hsa-miR-362-5p_boxplot.svg, plots/hsa-miR-4476_boxplot.svg, plots/hsa-miR-556-5p_boxplot.svg, plots/hsa-miR-363-5p_boxplot.svg, plots/hsa-miR-199a-5p_boxplot.svg, plots/hsa-miR-744-3p_boxplot.svg, plots/hsa-miR-7850-5p_boxplot.svg, plots/hsa-miR-134-5p_boxplot.svg, plots/hsa-miR-345-5p_boxplot.svg, plots/hsa-miR-494-3p_boxplot.svg, plots/hsa-miR-548b-3p_boxplot.svg, plots/hsa-miR-574-3p_boxplot.svg, plots/hsa-miR-100-5p_boxplot.svg, plots/hsa-miR-584-5p_boxplot.svg, plots/hsa-miR-132-5p_boxplot.svg, plots/hsa-miR-199b-5p_boxplot.svg, plots/hsa-miR-4685-3p_boxplot.svg, plots/hsa-miR-181b-2-3p_boxplot.svg, plots/hsa-miR-6503-5p_boxplot.svg, plots/hsa-miR-654-3p_boxplot.svg, plots/hsa-miR-542-5p_boxplot.svg, plots/hsa-miR-378d_boxplot.svg, plots/hsa-miR-139-3p_boxplot.svg, plots/hsa-miR-1908-5p_boxplot.svg, plots/hsa-miR-504-5p_boxplot.svg, plots/hsa-miR-485-3p_boxplot.svg, plots/hsa-miR-15a-3p_boxplot.svg, plots/hsa-miR-18a-3p_boxplot.svg, plots/hsa-miR-32-5p_boxplot.svg, plots/hsa-miR-424-5p_boxplot.svg, plots/hsa-miR-184_boxplot.svg, plots/hsa-miR-4454_boxplot.svg, plots/hsa-miR-4732-3p_boxplot.svg, plots/hsa-miR-1180-3p_boxplot.svg, plots/hsa-miR-29a-5p_boxplot.svg, plots/hsa-miR-3934-5p_boxplot.svg, plots/hsa-miR-450b-5p_boxplot.svg, plots/hsa-miR-92a-1-5p_boxplot.svg, plots/hsa-miR-95-3p_boxplot.svg, plots/hsa-miR-99a-5p_boxplot.svg, plots/hsa-miR-145-3p_boxplot.svg, plots/hsa-miR-10398-3p_boxplot.svg, plots/hsa-miR-376a-3p_boxplot.svg, plots/hsa-miR-1229-3p_boxplot.svg, plots/hsa-miR-636_boxplot.svg, plots/hsa-miR-212-5p_boxplot.svg, plots/hsa-miR-3150b-3p_boxplot.svg, plots/hsa-miR-500b-3p_boxplot.svg, plots/hsa-miR-548c-3p_boxplot.svg, plots/hsa-miR-551a_boxplot.svg, plots/hsa-miR-1290_boxplot.svg, plots/hsa-miR-3200-3p_boxplot.svg, plots/hsa-miR-187-3p_boxplot.svg, plots/hsa-miR-4732-5p_boxplot.svg, plots/hsa-miR-3186-3p_boxplot.svg, plots/hsa-miR-6805-5p_boxplot.svg, plots/hsa-miR-3116_boxplot.svg, plots/hsa-miR-582-5p_boxplot.svg, plots/hsa-miR-143-5p_boxplot.svg, plots/hsa-miR-6780a-5p_boxplot.svg, plots/hsa-miR-2116-3p_boxplot.svg, plots/hsa-miR-181a-5p_boxplot.svg, plots/hsa-miR-139-5p_boxplot.svg, plots/hsa-miR-642a-3p_boxplot.svg
    resources: tmpdir=/tmp
[Thu Dec 25 13:14:25 2025]
Finished jobid: 0 (Rule: all)
298 of 298 steps (100%) done
Complete log(s): /usr/local/app/deconvolution/.snakemake/log/2025-12-25T131124.728948.snakemake.log
